"REPORT_ID","Stats Area","Suburb","Postcode","LGA Name","Total Units","Total Cas","Total Fats","Total SI","Total MI","Year","Month","Day","Time","Area Speed","Position Type","Horizontal Align","Vertical Align","Other Feat","Road Surface","Moisture Cond","Weather Cond","DayNight","Crash Type","Unit Resp","Entity Code","CSEF Severity","Traffic Ctrls","DUI Involved","Drugs Involved","ACCLOC_X","ACCLOC_Y","UNIQUE_LOC"
"2014-1460-27/05/2021","3 Country","PORT WAKEFIELD","5550","WAKEFIELD REGIONAL COUNCIL",1,0,0,0,0,2014,"January","Tuesday","11:35 pm","110","Not Divided","Straight road","Level","Not Applicable","Sealed","Dry","Not Raining","Night","Roll Over","01","Driver Rider","1: PDO","No Control","","",1292130.67,1758541.94,"12921311758542"
"2014-1461-27/05/2021","2 Metropolitan","HOPE VALLEY","5090","CITY OF TEA TREE GULLY",2,0,0,0,0,2014,"January","Friday","11:58 pm","060","Not Divided","Straight road","Level","Not Applicable","Sealed","Dry","Not Raining","Night","Hit Fixed Object","01","Driver Rider","1: PDO","No Control","Y","",1336503.22,1678068.82,"13365031678069"
"2014-1462-27/05/2021","2 Metropolitan","MORPHETTVILLE","5043","CC MARION.                    ",2,0,0,0,0,2014,"January","Saturday","03:50 am","060","T-Junction","Straight road","Level","Not Applicable","Sealed","Dry","Not Raining","Night","Hit Fixed Object","01","Driver Rider","1: PDO","Traffic Signals","","",1322863.25,1663093.17,"13228631663093"
"2014-1463-27/05/2021","2 Metropolitan","OAKLANDS PARK","5046","CC MARION.                    ",2,0,0,0,0,2014,"January","Friday","07:45 pm","060","T-Junction","Straight road","Level","Not Applicable","Sealed","Dry","Not Raining","Daylight","Rear End","01","Driver Rider","1: PDO","Traffic Signals","","",1322768.82,1660878.17,"13227691660878"
"2014-1464-27/05/2021","2 Metropolitan","MARION","5043","CC MARION.                    ",2,1,0,0,1,2014,"January","Saturday","08:30 am","060","T-Junction","Straight road","Level","Not Applicable","Sealed","Dry","Not Raining","Daylight","Right Angle","01","Driver Rider","2: MI","Traffic Signals","","",1324366.05,1661874.49,"13243661661874"
"2014-1465-27/05/2021","2 Metropolitan","WINDSOR GARDENS","5087","CITY OF PORT ADELAIDE ENFIELD",2,1,0,0,1,2014,"January","Friday","03:30 pm","060","Pedestrian Crossing","Straight road","Level","Not Applicable","Sealed","Dry","Not Raining","Daylight","Rear End","02","Driver Rider","2: MI","Traffic Signals","","",1333522.45,1677843.05,"13335221677843"
"2014-1466-27/05/2021","2 Metropolitan","WYNN VALE","5127","CITY OF TEA TREE GULLY",2,0,0,0,0,2014,"January","Wednesday","09:15 am","070","T-Junction","Straight road","Level","Not Applicable","Sealed","Dry","Not Raining","Daylight","Right Angle","01","Driver Rider","1: PDO","No Control","","",1336880.89,1684611.96,"13368811684612"
"2014-1467-27/05/2021","3 Country","WALLAROO MINES","5554","COPPER COAST DISTRICT COUNCIL",2,0,0,0,0,2014,"January","Saturday","07:00 am","060","T-Junction","Straight road","Level","Not Applicable","Sealed","Dry","Not Raining","Daylight","Side Swipe","02","Driver Rider","1: PDO","No Control","","",1249192.53,1779903.99,"12491931779904"
"2014-1468-27/05/2021","2 Metropolitan","EVANSTON SOUTH","5116","CT GAWLER.                    ",2,0,0,0,0,2014,"January","Saturday","10:30 am","090","Divided Road","Straight road","Level","Not Applicable","Sealed","Dry","Not Raining","Daylight","Side Swipe","02","Driver Rider","1: PDO","No Control","","",1340545.38,1701429.11,"13405451701429"
"2014-1469-27/05/2021","2 Metropolitan","EXETER","5019","CITY OF PORT ADELAIDE ENFIELD",2,1,0,0,1,2014,"January","Saturday","11:00 am","050","Divided Road","Straight road","Level","Not Applicable","Sealed","Dry","Not Raining","Daylight","Side Swipe","02","Driver Rider","2: MI","No Control","","",1318953.37,1680443.13,"13189531680443"
"2014-1470-27/05/2021","2 Metropolitan","RICHMOND","5033","CITY OF WEST TORRENS",2,0,0,0,0,2014,"January","Friday","06:15 pm","060","Divided Road","Straight road","Level","Not Applicable","Sealed","Dry","Not Raining","Daylight","Rear End","02","Driver Rider","1: PDO","No Control","","",1325802.27,1669047.47,"13258021669047"
"2014-1471-27/05/2021","2 Metropolitan","STURT","5047","CC MARION.                    ",3,2,0,0,2,2014,"January","Saturday","01:00 pm","060","Cross Road","Straight road","Level","Not Applicable","Sealed","Dry","Not Raining","Daylight","Rear End","02","Driver Rider","2: MI","Traffic Signals","","",1324403.19,1660679.72,"13244031660680"
"2014-1472-27/05/2021","1 City","ADELAIDE","5000","CITY OF ADELAIDE",2,1,0,0,1,2014,"January","Saturday","11:38 am","060","T-Junction","Straight road","Level","Not Applicable","Sealed","Dry","Not Raining","Daylight","Right Turn","01","Driver Rider","2: MI","Traffic Signals","","",1327369.06,1670949.09,"13273691670949"
"2014-1473-27/05/2021","3 Country","ANGASTON","5353","THE BAROSSA COUNCIL.",2,7,0,0,7,2014,"January","Saturday","12:30 pm","080","Cross Road","Straight road","Level","Not Applicable","Sealed","Dry","Not Raining","Daylight","Right Angle","02","Driver Rider","2: MI","Stop Sign","","",1369232.76,1717106.68,"13692331717107"
"2014-1474-27/05/2021","3 Country","YUNDI","5172","ALEXANDRINA COUNCIL",3,2,0,0,2,2014,"January","Saturday","12:20 pm","080","Cross Road","Straight road","Level","Not Applicable","Sealed","Dry","Not Raining","Daylight","Right Angle","01","Driver Rider","2: MI","Give Way Sign","","",1328907.7,1627040.46,"13289081627040"
"2014-1475-27/05/2021","2 Metropolitan","EDWARDSTOWN","5039","CC MARION.                    ",2,0,0,0,0,2014,"January","Friday","10:30 am","060","T-Junction","Straight road","Level","Driveway or Entrance","Sealed","Dry","Not Raining","Daylight","Right Angle","01","Driver Rider","1: PDO","Traffic Signals","","",1325930.82,1664392.35,"13259311664392"
"2014-1476-27/05/2021","3 Country","NULLARBOR","5690",,1,1,0,0,1,2014,"January","Wednesday","09:00 am","110","Not Divided","Straight road","Level","Not Applicable","Sealed","Wet","Raining","Daylight","Roll Over","01","Driver Rider","2: MI","No Control","","",490507.76,2030765.35,"04905082030765"
"2014-1477-27/05/2021","2 Metropolitan","WILLUNGA","5172","CITY OF ONKAPARINGA",2,1,0,1,0,2014,"January","Friday","01:50 pm","100","Not Divided","CURVED, VIEW OPEN","Crest of Hill","Not Applicable","Sealed","Dry","Not Raining","Daylight","Head On","02","Driver Rider","3: SI","No Control","","",1324530.32,1631006.17,"13245301631006"
"2014-1478-27/05/2021","1 City","ADELAIDE","5000","CITY OF ADELAIDE",2,1,0,0,1,2014,"January","Saturday","11:30 am","050","Not Divided","Straight road","Level","Not Applicable","Sealed","Dry","Not Raining","Daylight","Hit Parked Vehicle","01","Driver Rider","2: MI","No Control","","",1329163.26,1670999.06,"13291631670999"
"2014-1479-27/05/2021","2 Metropolitan","HAPPY VALLEY","5159","CITY OF ONKAPARINGA",2,0,0,0,0,2014,"January","Saturday","12:20 pm","080","T-Junction","Straight road","Level","Not Applicable","Sealed","Dry","Not Raining","Daylight","Rear End","01","Driver Rider","1: PDO","Traffic Signals","","",1324354.32,1656484.47,"13243541656484"
"2014-1480-27/05/2021","2 Metropolitan","GAWLER","5118","CT GAWLER.                    ",2,0,0,0,0,2014,"January","Saturday","03:30 pm","050","Not Divided","Straight road","Level","Driveway or Entrance","Sealed","Dry","Not Raining","Daylight","Right Angle","02","Driver Rider","1: PDO","No Control","","",1343185.37,1706441.32,"13431851706441"
"2014-1481-27/05/2021","3 Country","SWAN REACH","5354","MID MURRAY DISTRICT COUNCIL",2,0,0,0,0,2014,"January","Friday","10:00 pm","110","Not Divided","Straight road","Level","Not Applicable","Sealed","Dry","Not Raining","Night","Hit Animal","02","Animal","1: PDO","No Control","","",1415120.92,1707130.15,"14151211707130"
"2014-1482-27/05/2021","3 Country","MANNUM","5238","MID MURRAY DISTRICT COUNCIL",2,0,0,0,0,2014,"January","Saturday","11:30 am","050","Not Divided","Straight road","Slope","Not Applicable","Sealed","Dry","Not Raining","Daylight","Side Swipe","01","Driver Rider","1: PDO","No Control","","",1393630.86,1669765.44,"13936311669765"
"2014-1483-27/05/2021","2 Metropolitan","NOARLUNGA CENTRE","5168","CITY OF ONKAPARINGA",2,0,0,0,0,2014,"January","Friday","09:30 pm","070","T-Junction","Straight road","Level","Roadworks","Sealed","Dry","Not Raining","Night","Right Turn","01","Driver Rider","1: PDO","Traffic Signals","","",1318788.81,1647471.6,"13187891647472"
"2014-1484-27/05/2021","2 Metropolitan","FLINDERS PARK","5025","CITY OF CHARLES STURT",3,0,0,0,0,2014,"January","Saturday","05:15 pm","060","Not Divided","Straight road","Level","Not Applicable","Sealed","Dry","Not Raining","Daylight","Rear End","02","Driver Rider","1: PDO","No Control","","",1322484.74,1673122.18,"13224851673122"
"2014-1485-27/05/2021","2 Metropolitan","WYNN VALE","5127","CITY OF TEA TREE GULLY",2,0,0,0,0,2014,"January","Saturday","05:50 pm","060","Cross Road","Straight road","Level","Not Applicable","Sealed","Dry","Not Raining","Daylight","Rear End","01","Driver Rider","1: PDO","Traffic Signals","","",1338912.98,1684761.61,"13389131684762"
"2014-1486-27/05/2021","1 City","ADELAIDE","5000","CITY OF ADELAIDE",2,1,0,0,1,2014,"January","Saturday","04:45 pm","050","Cross Road","Straight road","Level","Not Applicable","Sealed","Dry","Not Raining","Daylight","Right Turn","02","Driver Rider","2: MI","Traffic Signals","","",1329504.64,1671008.79,"13295051671009"
"2014-1487-27/05/2021","2 Metropolitan","HALLETT COVE","5158","CC MARION.                    ",1,1,0,0,1,2014,"January","Saturday","05:45 pm","100","Divided Road","CURVED, VIEW OPEN","Slope","Not Applicable","Sealed","Dry","Not Raining","Daylight","Roll Over","01","Driver Rider","2: MI","No Control","","",1318933.62,1653169.13,"13189341653169"
"2014-1488-27/05/2021","2 Metropolitan","MOUNT BARKER","5251","DC MT.BARKER.                 ",2,0,0,0,0,2014,"January","Saturday","06:10 pm","060","T-Junction","Straight road","Level","Driveway or Entrance","Sealed","Dry","Not Raining","Daylight","Right Angle","02","Driver Rider","1: PDO","No Control","","",1351140.64,1654571.45,"13511411654571"
"2014-1489-27/05/2021","2 Metropolitan","FERRYDEN PARK","5010","CITY OF PORT ADELAIDE ENFIELD",2,1,0,0,1,2014,"January","Saturday","06:10 pm","050","Not Divided","Straight road","Level","Not Applicable","Sealed","Dry","Not Raining","Daylight","Hit Parked Vehicle","01","Driver Rider","2: MI","No Control","","",1325077.86,1677664.28,"13250781677664"
"2014-1490-27/05/2021","2 Metropolitan","ELIZABETH PARK","5113","CITY OF PLAYFORD.",3,0,0,0,0,2014,"January","Saturday","08:05 pm","060","Cross Road","Straight road","Level","Not Applicable","Sealed","Dry","Not Raining","Night","Right Angle","01","Driver Rider","1: PDO","Traffic Signals","","",1336482.32,1694632.45,"13364821694632"
"2014-1491-27/05/2021","2 Metropolitan","HILTON","5033","CITY OF WEST TORRENS",3,1,0,0,1,2014,"January","Saturday","10:30 pm","050","Not Divided","Straight road","Level","Driveway or Entrance","Sealed","Dry","Not Raining","Night","Hit Pedestrian","02","Driver Rider","2: MI","No Control","","",1325702.52,1670258.73,"13257031670259"
"2014-1492-27/05/2021","2 Metropolitan","HALLETT COVE","5158","CC MARION.                    ",2,1,0,0,1,2014,"January","Saturday","05:48 am","050","Not Divided","Straight road","Level","Driveway or Entrance","Sealed","Dry","Not Raining","Night","Right Angle","01","Driver Rider","2: MI","No Control","","",1320445.03,1654195.83,"13204451654196"
"2014-1493-27/05/2021","2 Metropolitan","GLENELG EAST","5045","CITY OF HOLDFAST BAY",2,0,0,0,0,2014,"January","Thursday","01:30 pm","060","Cross Road","Straight road","Level","Not Applicable","Sealed","Dry","Not Raining","Daylight","Rear End","01","Driver Rider","1: PDO","Traffic Signals","","",1322637.42,1665387.9,"13226371665388"
"2014-1494-27/05/2021","2 Metropolitan","SAMPSON FLAT","5114","CITY OF PLAYFORD.",2,1,0,0,1,2014,"January","Saturday","10:00 pm","060","Not Divided","CURVED, VIEW OBSCURED","Level","Not Applicable","Unsealed","Dry","Not Raining","Night","Roll Over","01","Driver Rider","2: MI","No Control","","",1345012.19,1688508.64,"13450121688509"
"2014-1495-27/05/2021","3 Country","MILLICENT","5280","WATTLE RANGE COUNCIL",2,0,0,0,0,2014,"January","Saturday","09:15 pm","050","Not Divided","Straight road","Level","Driveway or Entrance","Sealed","Dry","Not Raining","Night","Rear End","02","Driver Rider","1: PDO","No Control","","",1474052,1368318.4,"14740521368318"
"2014-1496-27/05/2021","2 Metropolitan","STEPNEY","5069","CC OF NORWOOD,PAYNEHAM & ST PETERS",2,2,0,2,0,2014,"January","Sunday","12:20 am","060","Cross Road","Straight road","Level","Not Applicable","Sealed","Dry","Not Raining","Night","Right Turn","01","Driver Rider","3: SI","Traffic Signals","","",1331009.51,1671726.41,"13310101671726"
"2014-1497-27/05/2021","3 Country","JABUK","5301","COORONG DISTRICT COUNCIL",2,1,0,0,1,2014,"January","Sunday","03:30 am","110","Not Divided","CURVED, VIEW OBSCURED","Level","Not Applicable","Sealed","Dry","Not Raining","Night","Roll Over","01","Driver Rider","2: MI","No Control","","",1458125.77,1615170.38,"14581261615170"
"2014-1498-27/05/2021","2 Metropolitan","VALE PARK","5081","WALKERVILLE TOWN COUNCIL",2,0,0,0,0,2014,"January","Saturday","12:50 pm","060","Cross Road","Straight road","Level","Not Applicable","Sealed","Dry","Not Raining","Daylight","Rear End","01","Driver Rider","1: PDO","Traffic Signals","","",1330627.06,1675344.74,"13306271675345"
"2014-1499-27/05/2021","2 Metropolitan","BIRDWOOD","5234","THE ADELAIDE HILLS COUNCIL",2,0,0,0,0,2014,"January","Thursday","02:30 pm","050","Not Divided","Straight road","Slope","Not Applicable","Sealed","Dry","Not Raining","Daylight","Hit Fixed Object","01","Driver Rider","1: PDO","No Control","","",1362133.29,1680684.16,"13621331680684"
"2014-1500-27/05/2021","2 Metropolitan","ALDINGA BEACH","5173","CITY OF ONKAPARINGA",2,0,0,0,0,2014,"January","Saturday","08:45 pm","050","Not Divided","Straight road","Level","Not Applicable","Sealed","Dry","Not Raining","Night","Hit Fixed Object","01","Driver Rider","1: PDO","No Control","Y","",1313990.66,1632006.25,"13139911632006"
"2014-1501-27/05/2021","1 City","ADELAIDE","5000","CITY OF ADELAIDE",2,1,0,0,1,2014,"January","Sunday","09:30 am","050","T-Junction","Straight road","Level","Not Applicable","Sealed","Dry","Not Raining","Daylight","Right Turn","02","Driver Rider","2: MI","Traffic Signals","","",1328866.1,1671144.24,"13288661671144"
"2014-1502-27/05/2021","2 Metropolitan","SOMERTON PARK","5044","CITY OF HOLDFAST BAY",2,0,0,0,0,2014,"January","Saturday","02:30 pm","050","Not Divided","Straight road","Level","Not Applicable","Sealed","Dry","Not Raining","Daylight","Hit Parked Vehicle","01","Driver Rider","1: PDO","No Control","","",1320782.24,1662890.51,"13207821662891"
"2014-1503-27/05/2021","2 Metropolitan","KURRALTA PARK","5037","CITY OF WEST TORRENS",2,0,0,0,0,2014,"January","Saturday","01:00 pm","050","Not Divided","Straight road","Level","Driveway or Entrance","Sealed","Dry","Not Raining","Daylight","Hit Parked Vehicle","02","Driver Rider","1: PDO","Traffic Signals","","",1325344.1,1667484.05,"13253441667484"
"2014-1504-27/05/2021","2 Metropolitan","RICHMOND","5033","CITY OF WEST TORRENS",2,0,0,0,0,2014,"January","Sunday","11:00 am","060","Multiple","Straight road","Level","Not Applicable","Sealed","Dry","Not Raining","Daylight","Rear End","02","Driver Rider","1: PDO","Traffic Signals","","",1325787.24,1669433.92,"13257871669434"
"2014-1505-27/05/2021","2 Metropolitan","BROOKLYN PARK","5032","CITY OF WEST TORRENS",2,1,0,0,1,2014,"January","Saturday","06:00 pm","060","T-Junction","CURVED, VIEW OPEN","Level","Not Applicable","Sealed","Dry","Not Raining","Daylight","Rear End","02","Driver Rider","2: MI","Traffic Signals","","",1323377.21,1670919.96,"13233771670920"
"2014-1506-27/05/2021","3 Country","WHYALLA","5600","CC WHYALLA.                   ",2,1,0,0,1,2014,"January","Saturday","10:00 am","050","Not Divided","Straight road","Level","Driveway or Entrance","Sealed","Dry","Not Raining","Daylight","Hit Pedestrian","02","Driver Rider","2: MI","No Control","","",1239446.39,1882476.27,"12394461882476"
"2014-1507-27/05/2021","2 Metropolitan","KENSINGTON GARDENS","5068","CITY OF BURNSIDE",2,1,0,0,1,2014,"January","Sunday","10:14 am","060","Cross Road","Straight road","Level","Not Applicable","Sealed","Dry","Not Raining","Daylight","Right Angle","02","Driver Rider","2: MI","Give Way Sign","","",1334131.2,1671128.66,"13341311671129"
"2014-1508-27/05/2021","2 Metropolitan","WOODVILLE PARK","5011","CITY OF CHARLES STURT",2,2,0,0,2,2014,"January","Saturday","10:30 pm","060","Cross Road","Straight road","Level","Not Applicable","Sealed","Dry","Not Raining","Night","Rear End","02","Driver Rider","2: MI","Traffic Signals","","",1324186.57,1676250.45,"13241871676250"
"2014-1509-27/05/2021","1 City","ADELAIDE","5000","CITY OF ADELAIDE",2,0,0,0,0,2014,"January","Sunday","10:45 am","050","Divided Road","Straight road","Level","Not Applicable","Sealed","Dry","Not Raining","Daylight","Hit Fixed Object","01","Driver Rider","1: PDO","No Control","","",1329583.01,1670276.64,"13295831670277"
"2014-1510-27/05/2021","2 Metropolitan","SEAFORD MEADOWS","5169","CITY OF ONKAPARINGA",2,1,0,0,1,2014,"January","Sunday","12:30 pm","060","Cross Road","Straight road","Level","Not Applicable","Sealed","Dry","Not Raining","Daylight","Hit Fixed Object","01","Driver Rider","2: MI","Roundabout","Y","Y",1316820.42,1642789.32,"13168201642789"
"2014-1511-27/05/2021","2 Metropolitan","ULEYBURY","5114","CITY OF PLAYFORD.",2,1,0,0,1,2014,"January","Sunday","11:05 am","100","T-Junction","Straight road","Slope","Not Applicable","Sealed","Dry","Not Raining","Daylight","Hit Fixed Object","01","Driver Rider","2: MI","No Control","","",1340729.62,1696254.2,"13407301696254"
"2014-1512-27/05/2021","2 Metropolitan","SALISBURY DOWNS","5108","CITY OF SALISBURY",4,1,0,0,1,2014,"January","Sunday","12:00 pm","060","Divided Road","Straight road","Level","Driveway or Entrance","Sealed","Dry","Not Raining","Daylight","Rear End","02","Driver Rider","2: MI","No Control","","",1331957.81,1687457.41,"13319581687457"
"2014-1513-27/05/2021","3 Country","MOONTA","5558","COPPER COAST DISTRICT COUNCIL",1,1,0,0,1,2014,"January","Sunday","12:30 pm","060","T-Junction","Straight road","Level","Not Applicable","Sealed","Dry","Not Raining","Daylight","Roll Over","01","Driver Rider","2: MI","No Control","","",1237755.21,1768797.88,"12377551768798"
"2014-1514-27/05/2021","2 Metropolitan","BEULAH PARK","5067","CITY OF BURNSIDE",2,0,0,0,0,2014,"January","Sunday","02:10 pm","050","T-Junction","Straight road","Level","Not Applicable","Sealed","Dry","Not Raining","Daylight","Right Angle","01","Driver Rider","1: PDO","No Control","","",1333066.6,1671200.42,"13330671671200"
"2014-1515-27/05/2021","2 Metropolitan","WINGFIELD","5013","CITY OF PORT ADELAIDE ENFIELD",2,0,0,0,0,2014,"January","Sunday","03:00 pm","040","Cross Road","Straight road","Level","Roadworks","Sealed","Dry","Not Raining","Daylight","Right Angle","01","Driver Rider","1: PDO","Traffic Signals","","",1325562.64,1679196.54,"13255631679197"
"2014-1516-27/05/2021","3 Country","KAROONDA","5307","DC KAROONDA EAST MURRAY.      ",2,1,0,0,1,2014,"January","Saturday","09:20 pm","080","Rail Crossing","CURVED, VIEW OPEN","Level","Not Applicable","Sealed","Dry","Not Raining","Night","Hit Fixed Object","01","Driver Rider","2: MI","Give Way Sign","Y","",1446395.5,1647468.74,"14463961647469"
"2014-1517-27/05/2021","2 Metropolitan","ELIZABETH DOWNS","5113","CITY OF PLAYFORD.",2,0,0,0,0,2014,"January","Sunday","04:10 pm","060","T-Junction","Straight road","Level","Not Applicable","Sealed","Dry","Not Raining","Daylight","Rear End","02","Driver Rider","1: PDO","No Control","","",1337728.24,1696603.64,"13377281696604"
"2014-1518-27/05/2021","2 Metropolitan","BROOKLYN PARK","5032","CITY OF WEST TORRENS",2,0,0,0,0,2014,"January","Sunday","03:05 am","060","Divided Road","Straight road","Level","Not Applicable","Sealed","Dry","Not Raining","Night","Rear End","02","Driver Rider","1: PDO","No Control","","",1322953.47,1670739.15,"13229531670739"
"2014-1519-27/05/2021","2 Metropolitan","TORRENSVILLE","5031","CITY OF WEST TORRENS",2,0,0,0,0,2014,"January","Sunday","04:00 pm","060","Divided Road","Straight road","Level","Not Applicable","Sealed","Dry","Not Raining","Daylight","Hit Fixed Object","01","Driver Rider","1: PDO","No Control","","",1324575.72,1670961.15,"13245761670961"
"2014-1520-27/05/2021","3 Country","DELAMERE","5204","DC YANKALILLA.                ",3,0,0,0,0,2014,"January","Sunday","07:00 pm","100","Not Divided","CURVED, VIEW OPEN","Slope","Not Applicable","Unsealed","Dry","Not Raining","Daylight","Hit Fixed Object","01","Driver Rider","1: PDO","No Control","","",1290284,1598086.68,"12902841598087"
"2014-1521-27/05/2021","3 Country","STRATHALBYN","5255","ALEXANDRINA COUNCIL",3,0,0,0,0,2014,"January","Sunday","08:45 pm","050","Not Divided","Straight road","Level","Not Applicable","Sealed","Dry","Not Raining","Night","Hit Parked Vehicle","02","Driver Rider","1: PDO","No Control","","",1353907.16,1633184.3,"13539071633184"
"2014-1522-27/05/2021","3 Country","NARRUNG","5259","COORONG DISTRICT COUNCIL",1,2,0,2,0,2014,"January","Sunday","04:30 pm","060","Not Divided","CURVED, VIEW OPEN","Slope","Not Applicable","Unsealed","Dry","Not Raining","Daylight","Roll Over","01","Driver Rider","3: SI","No Control","","Y",1382533.27,1599930.64,"13825331599931"
"2014-1523-27/05/2021","1 City","ADELAIDE","5000","CITY OF ADELAIDE",2,0,0,0,0,2014,"January","Sunday","10:45 pm","050","Not Divided","Straight road","Level","Not Applicable","Sealed","Dry","Not Raining","Night","Rear End","02","Driver Rider","1: PDO","No Control","","",1329377.2,1671005.08,"13293771671005"
"2014-1524-27/05/2021","2 Metropolitan","KENSINGTON GARDENS","5068","CITY OF BURNSIDE",2,0,0,0,0,2014,"January","Sunday","11:45 pm","060","T-Junction","Straight road","Level","Not Applicable","Sealed","Dry","Not Raining","Night","Hit Fixed Object","01","Driver Rider","1: PDO","No Control","Y","",1334650.35,1670481.95,"13346501670482"
"2014-1525-27/05/2021","3 Country","WALLAROO","5556","COPPER COAST DISTRICT COUNCIL",2,1,0,0,1,2014,"January","Monday","12:40 am","080","Not Divided","Straight road","Level","Not Applicable","Sealed","Dry","Not Raining","Night","Hit Pedestrian","02","Pedestrian","2: MI","No Control","","",1244249.45,1784378.94,"12442491784379"
"2014-1526-27/05/2021","2 Metropolitan","CLARENCE GARDENS","5039","CC MITCHAM.                   ",2,0,0,0,0,2014,"January","Monday","02:20 am","060","Rail Xing","Straight road","Level","Not Applicable","Sealed","Dry","Not Raining","Night","Hit Fixed Object","01","Driver Rider","1: PDO","Traffic Signals","Y","",1325860.68,1666155.91,"13258611666156"
"2014-1527-27/05/2021","3 Country","SPRINGTON","5235","THE BAROSSA COUNCIL.",2,1,0,1,0,2014,"January","Friday","04:25 pm","025","Not Divided","CURVED, VIEW OPEN","Slope","Roadworks","Sealed","Dry","Not Raining","Daylight","Hit Parked Vehicle","02","Driver Rider","3: SI","No Control","","",1374328.34,1693172.5,"13743281693173"
"2014-1528-27/05/2021","3 Country","LOWER INMAN VALLEY","5211","DC VICTOR HARBOR.             ",3,0,0,0,0,2014,"January","Sunday","10:45 am","100","Not Divided","CURVED, VIEW OPEN","Slope","Bridge, Culvert, Causeway","Sealed","Dry","Not Raining","Daylight","Hit Fixed Object","01","Driver Rider","1: PDO","No Control","","",1321511.51,1606237.83,"13215121606238"
"2014-1529-27/05/2021","2 Metropolitan","WEST BEACH","5024","CITY OF CHARLES STURT",3,0,0,0,0,2014,"January","Sunday","01:15 pm","050","Not Divided","Straight road","Level","Not Applicable","Sealed","Dry","Not Raining","Daylight","Other","02","Driver Rider","1: PDO","No Control","","",1319349.21,1669443.95,"13193491669444"
"2014-1530-27/05/2021","2 Metropolitan","HINDMARSH","5007","CITY OF CHARLES STURT",2,1,0,0,1,2014,"January","Monday","12:30 pm","060","Divided Road","Straight road","Level","Not Applicable","Sealed","Dry","Not Raining","Daylight","Side Swipe","02","Driver Rider","2: MI","No Control","","",1325505.04,1673110.22,"13255051673110"
"2014-1531-27/05/2021","3 Country","WILLUNGA HILL","5172","ALEXANDRINA COUNCIL",2,4,0,1,3,2014,"January","Sunday","11:40 pm","100","T-Junction","Straight road","Slope","Not Applicable","Sealed","Dry","Not Raining","Night","Right Angle","02","Driver Rider","3: SI","No Control","Y","",1325443.37,1629605.5,"13254431629606"
"2014-1532-27/05/2021","2 Metropolitan","NORWOOD","5067","CC OF NORWOOD,PAYNEHAM & ST PETERS",2,1,0,0,1,2014,"January","Monday","12:55 pm","060","Cross Road","Straight road","Level","Not Applicable","Sealed","Dry","Not Raining","Daylight","Right Turn","01","Driver Rider","2: MI","Give Way Sign","","",1330847.9,1670368.13,"13308481670368"
"2014-1533-27/05/2021","2 Metropolitan","SOUTH PLYMPTON","5038","CC MARION.                    ",2,1,0,0,1,2014,"January","Friday","01:05 pm","060","Cross Road","Straight road","Level","Not Applicable","Sealed","Dry","Not Raining","Daylight","Right Angle","02","Driver Rider","2: MI","Traffic Signals","","",1324247.86,1666104.37,"13242481666104"
"2014-1534-27/05/2021","2 Metropolitan","BRIGHTON","5048","CITY OF HOLDFAST BAY",3,0,0,0,0,2014,"January","Monday","01:15 pm","060","Cross Road","Straight road","Level","Not Applicable","Sealed","Dry","Not Raining","Daylight","Rear End","01","Driver Rider","1: PDO","Traffic Signals","","",1321148.27,1660553.89,"13211481660554"
"2014-1535-27/05/2021","2 Metropolitan","WYNN VALE","5127","CITY OF TEA TREE GULLY",3,1,1,0,0,2014,"January","Monday","09:35 am","050","Not Divided","Straight road","Slope","Driveway or Entrance","Sealed","Dry","Not Raining","Daylight","Hit Pedestrian","01","Driver Rider","4: Fatal","No Control","","",1335846.1,1684736.31,"13358461684736"
"2014-1536-27/05/2021","2 Metropolitan","TORRENSVILLE","5031","CITY OF WEST TORRENS",3,0,0,0,0,2014,"January","Sunday","09:00 pm","050","Not Divided","Straight road","Level","Driveway or Entrance","Sealed","Dry","Not Raining","Night","Side Swipe","02","Driver Rider","1: PDO","No Control","","",1325345.5,1671408.14,"13253461671408"
"2014-1537-27/05/2021","2 Metropolitan","GILBERTON","5081","WALKERVILLE TOWN COUNCIL",2,0,0,0,0,2014,"January","Sunday","05:30 pm","060","Cross Road","Straight road","Level","Not Applicable","Sealed","Dry","Not Raining","Daylight","Rear End","01","Driver Rider","1: PDO","Traffic Signals","","",1329713.13,1672508.79,"13297131672509"
"2014-1538-27/05/2021","3 Country","WOODLEIGH","5311","LOXTON WAIKERIE DISTRICT COUNCIL",1,1,0,0,1,2014,"January","Monday","02:55 pm","110","Not Divided","CURVED, VIEW OPEN","Slope","Not Applicable","Sealed","Dry","Not Raining","Daylight","Roll Over","01","Driver Rider","2: MI","No Control","","",1519082.24,1697198.61,"15190821697199"
"2014-1539-27/05/2021","2 Metropolitan","ATHELSTONE","5076","CC CAMPBELLTOWN.              ",2,0,0,0,0,2014,"January","Monday","04:10 pm","050","Not Divided","Straight road","Level","Not Applicable","Sealed","Dry","Not Raining","Daylight","Hit Parked Vehicle","01","Driver Rider","1: PDO","No Control","","",1339135.83,1677064.11,"13391361677064"