"REPORT_ID","Stats Area","Suburb","Postcode","LGA Name","Total Units","Total Cas","Total Fats","Total SI","Total MI","Year","Month","Day","Time","Area Speed","Position Type","Horizontal Align","Vertical Align","Other Feat","Road Surface","Moisture Cond","Weather Cond","DayNight","Crash Type","Unit Resp","Entity Code","CSEF Severity","Traffic Ctrls","DUI Involved","Drugs Involved","ACCLOC_X","ACCLOC_Y","UNIQUE_LOC"
"2014-1701-27/05/2021","2 Metropolitan","PORT ADELAIDE","5015","CITY OF PORT ADELAIDE ENFIELD",2,1,0,0,1,2014,"January","Friday","07:35 am","060","Cross Road","Straight road","Level","Not Applicable","Sealed","Dry","Not Raining","Daylight","Rear End","02","Driver Rider","2: MI","Traffic Signals","","",1320480.87,1679082.5,"13204811679083"
"2014-1702-27/05/2021","2 Metropolitan","MYRTLE BANK","5064","CITY OF UNLEY",2,0,0,0,0,2014,"January","Friday","09:45 am","060","Divided Road","Straight road","Level","Not Applicable","Sealed","Dry","Not Raining","Daylight","Rear End","02","Driver Rider","1: PDO","No Control","","",1330750.19,1666831.1,"13307501666831"
"2014-1703-27/05/2021","2 Metropolitan","SALISBURY PLAIN","5109","CITY OF SALISBURY",3,0,0,0,0,2014,"January","Thursday","03:30 pm","060","Cross Road","Straight road","Level","Not Applicable","Sealed","Dry","Not Raining","Daylight","Rear End","01","Driver Rider","1: PDO","Roundabout","","",1333807.7,1687916.19,"13338081687916"
"2014-1704-27/05/2021","2 Metropolitan","REGENCY PARK","5010","CITY OF PORT ADELAIDE ENFIELD",2,0,0,0,0,2014,"January","Friday","07:00 am","060","Cross Road","Straight road","Level","Not Applicable","Sealed","Dry","Not Raining","Daylight","Rear End","02","Driver Rider","1: PDO","Traffic Signals","","",1326061.04,1676365.88,"13260611676366"
"2014-1705-27/05/2021","2 Metropolitan","BLACKWOOD","5051","CC MITCHAM.                   ",3,1,0,0,1,2014,"January","Friday","08:22 am","050","T-Junction","Straight road","Level","Not Applicable","Sealed","Dry","Not Raining","Daylight","Rear End","02","Driver Rider","2: MI","Roundabout","","",1329922.25,1659340.09,"13299221659340"
"2014-1706-27/05/2021","2 Metropolitan","DERNANCOURT","5075","CITY OF TEA TREE GULLY",3,1,0,0,1,2014,"January","Friday","09:30 am","060","Divided Road","Straight road","Slope","Not Applicable","Sealed","Dry","Not Raining","Daylight","Rear End","01","Driver Rider","2: MI","No Control","","",1336027.14,1677237.71,"13360271677238"
"2014-1707-27/05/2021","2 Metropolitan","MORPHETT VALE","5162","CITY OF ONKAPARINGA",2,0,0,0,0,2014,"January","Friday","07:25 am","060","Cross Road","Straight road","Level","Not Applicable","Sealed","Dry","Not Raining","Daylight","Right Angle","01","Driver Rider","1: PDO","Roundabout","","",1319615.2,1649821.68,"13196151649822"
"2014-1708-27/05/2021","2 Metropolitan","LONSDALE","5160","CITY OF ONKAPARINGA",2,2,0,0,2,2014,"January","Friday","10:45 am","080","T-Junction","Straight road","Level","Not Applicable","Sealed","Dry","Not Raining","Daylight","Right Angle","02","Driver Rider","2: MI","No Control","","",1317960.54,1650245.75,"13179611650246"
"2014-1709-27/05/2021","2 Metropolitan","FLINDERS PARK","5025","CITY OF CHARLES STURT",2,1,0,0,1,2014,"January","Monday","11:50 am","060","Divided Road","Straight road","Level","Driveway or Entrance","Sealed","Dry","Not Raining","Daylight","Right Angle","02","Driver Rider","2: MI","No Control","","",1324163.09,1673172.02,"13241631673172"
"2014-1710-27/05/2021","2 Metropolitan","POORAKA","5095","CITY OF SALISBURY",2,1,0,0,1,2014,"January","Friday","10:35 am","080","Divided Road","Straight road","Level","Not Applicable","Sealed","Dry","Not Raining","Daylight","Side Swipe","02","Driver Rider","2: MI","No Control","","",1331474.92,1683063.94,"13314751683064"
"2014-1711-27/05/2021","2 Metropolitan","CHELTENHAM","5014","CITY OF CHARLES STURT",2,0,0,0,0,2014,"January","Friday","12:15 pm","060","Cross Road","Straight road","Level","Not Applicable","Sealed","Dry","Not Raining","Daylight","Rear End","02","Driver Rider","1: PDO","Traffic Signals","","",1322118.28,1676363.89,"13221181676364"
"2014-1712-27/05/2021","3 Country","MURRAY BRIDGE NORTH","5253","RC MURRAY BRIDGE.             ",1,2,0,0,2,2014,"January","Friday","12:15 pm","100","Not Divided","CURVED, VIEW OPEN","Level","Not Applicable","Sealed","Dry","Not Raining","Daylight","Roll Over","01","Driver Rider","2: MI","No Control","","",1387476.99,1650218.79,"13874771650219"
"2014-1713-27/05/2021","2 Metropolitan","MELROSE PARK","5039","CC MITCHAM.                   ",2,1,0,0,1,2014,"January","Thursday","02:24 pm","060","T-Junction","Straight road","Level","Not Applicable","Sealed","Dry","Not Raining","Daylight","Right Turn","02","Driver Rider","2: MI","Traffic Signals","","",1325936.31,1664190.8,"13259361664191"
"2014-1714-27/05/2021","2 Metropolitan","ELIZABETH","5112","CITY OF PLAYFORD.",2,0,0,0,0,2014,"January","Friday","09:10 am","050","T-Junction","Straight road","Level","Not Applicable","Sealed","Dry","Not Raining","Daylight","Right Angle","01","Driver Rider","1: PDO","Give Way Sign","","",1335337.57,1693201.94,"13353381693202"
"2014-1715-27/05/2021","3 Country","ROBE","5276","DC ROBE.                      ",2,0,0,0,0,2014,"January","Friday","02:10 pm","060","Not Divided","Straight road","Level","Bridge, Culvert, Causeway","Sealed","Dry","Not Raining","Daylight","Hit Fixed Object","01","Driver Rider","1: PDO","No Control","","",1424978.86,1417998.22,"14249791417998"
"2014-1716-27/05/2021","2 Metropolitan","MAGILL","5072","CC CAMPBELLTOWN.              ",3,0,0,0,0,2014,"January","Friday","02:00 pm","060","T-Junction","Straight road","Level","Not Applicable","Sealed","Dry","Not Raining","Daylight","Right Turn","02","Driver Rider","1: PDO","No Control","","",1335454.04,1672931.35,"13354541672931"
"2014-1717-27/05/2021","2 Metropolitan","KURRALTA PARK","5037","CITY OF WEST TORRENS",2,0,0,0,0,2014,"January","Friday","11:30 am","060","Cross Road","CURVED, VIEW OBSCURED","Level","Not Applicable","Sealed","Dry","Not Raining","Daylight","Rear End","02","Driver Rider","1: PDO","Traffic Signals","","",1325779.45,1667698.75,"13257791667699"
"2014-1718-27/05/2021","2 Metropolitan","WINGFIELD","5013","CITY OF PORT ADELAIDE ENFIELD",2,0,0,0,0,2014,"January","Friday","03:30 pm","060","T-Junction","Straight road","Level","Not Applicable","Sealed","Dry","Not Raining","Daylight","Side Swipe","02","Driver Rider","1: PDO","No Control","","",1324468.71,1679870.35,"13244691679870"
"2014-1719-27/05/2021","3 Country","WHYALLA NORRIE","5608","CC WHYALLA.                   ",3,0,0,0,0,2014,"January","Wednesday","08:40 am","050","T-Junction","Straight road","Level","Not Applicable","Sealed","Dry","Not Raining","Daylight","Hit Fixed Object","01","Driver Rider","1: PDO","No Control","","",1236277.21,1884288.92,"12362771884289"
"2014-1720-27/05/2021","1 City","ADELAIDE","5000","CITY OF ADELAIDE",2,0,0,0,0,2014,"January","Friday","03:45 pm","050","Cross Road","Straight road","Level","Not Applicable","Sealed","Dry","Not Raining","Daylight","Right Angle","02","Driver Rider","1: PDO","Stop Sign","","",1328848.42,1670681.71,"13288481670682"
"2014-1721-27/05/2021","1 City","ADELAIDE","5000","CITY OF ADELAIDE",2,1,0,0,1,2014,"January","Thursday","06:00 pm","050","Divided Road","Straight road","Level","Not Applicable","Sealed","Dry","Not Raining","Daylight","Rear End","01","Driver Rider","2: MI","No Control","","",1328270.61,1670342.01,"13282711670342"
"2014-1722-27/05/2021","1 City","ADELAIDE","5000","CITY OF ADELAIDE",2,0,0,0,0,2014,"January","Friday","05:00 pm","050","Cross Road","Straight road","Level","Not Applicable","Sealed","Dry","Not Raining","Daylight","Right Turn","02","Driver Rider","1: PDO","Traffic Signals","","",1329254.44,1670209.14,"13292541670209"
"2014-1723-27/05/2021","2 Metropolitan","FREWVILLE","5063","CITY OF UNLEY",2,0,0,0,0,2014,"January","Thursday","04:30 pm","060","Not Divided","Straight road","Level","Not Applicable","Sealed","Dry","Not Raining","Daylight","Side Swipe","02","Driver Rider","1: PDO","No Control","","",1331420.05,1667777.17,"13314201667777"
"2014-1724-27/05/2021","2 Metropolitan","SOUTH PLYMPTON","5038","CC MARION.                    ",2,0,0,0,0,2014,"January","Friday","04:20 pm","060","Cross Road","Straight road","Level","Unknown","Sealed","Dry","Not Raining","Daylight","Rear End","01","Driver Rider","1: PDO","Traffic Signals","","",1324247.86,1666104.37,"13242481666104"
"2014-1725-27/05/2021","2 Metropolitan","CUMBERLAND PARK","5041","CC MITCHAM.                   ",2,0,0,0,0,2014,"January","Wednesday","04:45 pm","060","Cross Road","Straight road","Slope","Not Applicable","Sealed","Dry","Not Raining","Daylight","Rear End","02","Driver Rider","1: PDO","Traffic Signals","","",1326683.82,1666179.98,"13266841666180"
"2014-1726-27/05/2021","1 City","ADELAIDE","5000","CITY OF ADELAIDE",2,0,0,0,0,2014,"January","Friday","04:40 pm","060","Not Divided","Straight road","Level","Not Applicable","Sealed","Dry","Not Raining","Daylight","Hit Fixed Object","01","Driver Rider","1: PDO","No Control","","",1327412.77,1669440.06,"13274131669440"
"2014-1727-27/05/2021","2 Metropolitan","MODBURY","5092","CITY OF TEA TREE GULLY",2,1,0,0,1,2014,"January","Friday","01:55 pm","060","Divided Road","Straight road","Level","Driveway or Entrance","Sealed","Dry","Not Raining","Daylight","Side Swipe","01","Driver Rider","2: MI","No Control","","",1336370.01,1680577.4,"13363701680577"
"2014-1728-27/05/2021","3 Country","PORT LINCOLN","5606","CC PT.LINCOLN.                ",3,0,0,0,0,2014,"January","Friday","05:00 pm","050","Cross Road","Straight road","Level","Not Applicable","Sealed","Dry","Not Raining","Daylight","Right Angle","01","Driver Rider","1: PDO","Stop Sign","","",1078689.14,1697555.13,"10786891697555"
"2014-1729-27/05/2021","2 Metropolitan","EDWARDSTOWN","5039","CC MARION.                    ",3,0,0,0,0,2014,"January","Friday","04:00 pm","060","T-Junction","Straight road","Level","Not Applicable","Sealed","Dry","Not Raining","Daylight","Right Angle","01","Driver Rider","1: PDO","No Control","","",1325533.14,1663311.11,"13255331663311"
"2014-1730-27/05/2021","2 Metropolitan","NOARLUNGA DOWNS","5168","CITY OF ONKAPARINGA",2,1,0,0,1,2014,"January","Friday","05:35 pm","100","Freeway","Straight road","Level","Not Applicable","Sealed","Dry","Not Raining","Daylight","Side Swipe","02","Driver Rider","2: MI","No Control","","",1319217.97,1644798.42,"13192181644798"
"2014-1731-27/05/2021","2 Metropolitan","INGLE FARM","5098","CITY OF SALISBURY",2,1,0,0,1,2014,"January","Friday","03:55 pm","060","T-Junction","Straight road","Level","Not Applicable","Sealed","Dry","Not Raining","Daylight","Hit Pedestrian","02","Pedestrian","2: MI","No Control","","",1334494.87,1681302.46,"13344951681302"
"2014-1732-27/05/2021","2 Metropolitan","PAYNEHAM","5070","CC OF NORWOOD,PAYNEHAM & ST PETERS",2,0,0,0,0,2014,"January","Friday","05:45 pm","060","Cross Road","Straight road","Level","Not Applicable","Sealed","Dry","Not Raining","Daylight","Right Turn","01","Driver Rider","1: PDO","Traffic Signals","","",1332162.99,1673774.81,"13321631673775"
"2014-1733-27/05/2021","2 Metropolitan","SALISBURY PLAIN","5109","CITY OF SALISBURY",3,0,0,0,0,2014,"January","Friday","06:00 pm","080","Divided Road","Straight road","Level","Not Applicable","Sealed","Dry","Not Raining","Daylight","Rear End","01","Driver Rider","1: PDO","No Control","","",1334763.22,1687253.65,"13347631687254"
"2014-1734-27/05/2021","3 Country","MOUNT WILLOUGHBY","5723",,1,3,0,3,0,2014,"January","Friday","03:30 pm","110","Not Divided","Straight road","Level","Not Applicable","Sealed","Dry","Not Raining","Daylight","Roll Over","01","Driver Rider","3: SI","No Control","","",914650.32,2425818.51,"09146502425819"
"2014-1735-27/05/2021","3 Country","TINTINARA","5266","COORONG DISTRICT COUNCIL",2,2,2,0,0,2014,"January","Friday","11:10 am","110","Not Divided","Straight road","Level","Not Applicable","Sealed","Dry","Not Raining","Daylight","Head On","01","Driver Rider","4: Fatal","No Control","","",1451414.21,1564284.89,"14514141564285"
"2014-1736-27/05/2021","3 Country","COCKATOO VALLEY","5351","THE BAROSSA COUNCIL.",2,0,0,0,0,2014,"January","Friday","04:25 pm","080","Not Divided","CURVED, VIEW OBSCURED","Crest of Hill","Not Applicable","Sealed","Dry","Not Raining","Daylight","Hit Fixed Object","01","Driver Rider","1: PDO","No Control","Y","",1350698.66,1704137.18,"13506991704137"
"2014-1737-27/05/2021","2 Metropolitan","FULHAM GARDENS","5024","CITY OF CHARLES STURT",2,1,0,0,1,2014,"January","Friday","07:25 pm","060","Divided Road","Straight road","Level","Driveway or Entrance","Sealed","Dry","Not Raining","Daylight","Right Angle","01","Driver Rider","2: MI","No Control","","",1320627.54,1672255.35,"13206281672255"
"2014-1738-27/05/2021","2 Metropolitan","REYNELLA EAST","5161","CITY OF ONKAPARINGA",2,0,0,0,0,2014,"January","Friday","07:05 pm","060","T-Junction","Straight road","Bottom of Hill","Not Applicable","Sealed","Dry","Not Raining","Daylight","Rear End","02","Driver Rider","1: PDO","No Control","","",1323826.55,1653417.55,"13238271653418"
"2014-1739-27/05/2021","2 Metropolitan","UNLEY PARK","5061","CITY OF UNLEY",2,0,0,0,0,2014,"January","Friday","05:55 pm","040","Not Divided","Straight road","Level","Not Applicable","Sealed","Dry","Not Raining","Daylight","Hit Parked Vehicle","01","Driver Rider","1: PDO","No Control","","",1328577.02,1666280.49,"13285771666280"
"2014-1740-27/05/2021","2 Metropolitan","NETLEY","5037","CITY OF WEST TORRENS",2,1,0,0,1,2014,"January","Friday","04:30 pm","060","Cross Road","Straight road","Level","Not Applicable","Sealed","Dry","Not Raining","Daylight","Hit Fixed Object","01","Driver Rider","2: MI","Traffic Signals","","",1324166.39,1668906.15,"13241661668906"
"2014-1741-27/05/2021","3 Country","KINGSTON ON MURRAY","5331","LOXTON WAIKERIE DISTRICT COUNCIL",2,1,0,0,1,2014,"January","Friday","06:15 pm","110","Not Divided","CURVED, VIEW OPEN","Crest of Hill","Not Applicable","Sealed","Dry","Not Raining","Daylight","Hit Fixed Object","01","Driver Rider","2: MI","No Control","","Y",1492421.12,1740547.2,"14924211740547"
"2014-1742-27/05/2021","2 Metropolitan","UPPER STURT","5156","THE ADELAIDE HILLS COUNCIL",2,0,0,0,0,2014,"January","Friday","06:40 pm","060","Not Divided","Straight road","Level","Not Applicable","Sealed","Dry","Not Raining","Daylight","Rear End","02","Driver Rider","1: PDO","No Control","","",1336509,1660370.84,"13365091660371"
"2014-1743-27/05/2021","2 Metropolitan","MAWSON LAKES","5095","CITY OF SALISBURY",2,0,0,0,0,2014,"January","Friday","09:30 pm","070","Divided Road","Straight road","Level","Not Applicable","Sealed","Dry","Not Raining","Night","Hit Parked Vehicle","02","Driver Rider","1: PDO","No Control","","",1329557.38,1684411.87,"13295571684412"
"2014-1744-27/05/2021","2 Metropolitan","FULLARTON","5063","CITY OF UNLEY",2,0,0,0,0,2014,"January","Friday","10:10 pm","060","Cross Road","Straight road","Level","Not Applicable","Sealed","Dry","Not Raining","Night","Hit Fixed Object","01","Driver Rider","1: PDO","Traffic Signals","","",1330731.84,1667482.42,"13307321667482"
"2014-1745-27/05/2021","2 Metropolitan","MARION","5043","CC MARION.                    ",2,1,0,0,1,2014,"January","Friday","11:10 pm","060","T-Junction","Straight road","Level","Not Applicable","Sealed","Dry","Not Raining","Night","Right Turn","01","Driver Rider","2: MI","Stop Sign","","",1324342.72,1662637.49,"13243431662637"
"2014-1746-27/05/2021","3 Country","WAIKERIE","5330","LOXTON WAIKERIE DISTRICT COUNCIL",1,1,0,0,1,2014,"January","Friday","08:35 pm","050","Not Divided","CURVED, VIEW OBSCURED","Level","Not Applicable","Unsealed","Dry","Not Raining","Night","Roll Over","01","Driver Rider","2: MI","No Control","Y","",1457742.84,1749461.33,"14577431749461"
"2014-1747-27/05/2021","2 Metropolitan","WAYVILLE","5034","CITY OF UNLEY",2,0,0,0,0,2014,"February","Saturday","09:25 am","060","Cross Road","Straight road","Level","Not Applicable","Sealed","Dry","Not Raining","Daylight","Rear End","01","Driver Rider","1: PDO","Traffic Signals","","",1327426.25,1668913.54,"13274261668914"
"2014-1748-27/05/2021","2 Metropolitan","UNDERDALE","5032","CITY OF WEST TORRENS",2,1,0,0,1,2014,"January","Sunday","05:10 pm","060","Divided Road","CURVED, VIEW OBSCURED","Level","Not Applicable","Sealed","Dry","Not Raining","Daylight","Rear End","02","Driver Rider","2: MI","No Control","","",1324002.36,1670946.14,"13240021670946"
"2014-1749-27/05/2021","2 Metropolitan","SALISBURY","5108","CITY OF SALISBURY",2,1,0,0,1,2014,"February","Saturday","09:30 am","060","Not Divided","Straight road","Level","Driveway or Entrance","Sealed","Dry","Not Raining","Daylight","Rear End","02","Driver Rider","2: MI","No Control","","",1333563.85,1688825.03,"13335641688825"
"2014-1750-27/05/2021","2 Metropolitan","URRBRAE","5064","CC MITCHAM.                   ",2,0,0,0,0,2014,"February","Saturday","10:05 am","060","Cross Road","Straight road","Level","Not Applicable","Sealed","Dry","Not Raining","Daylight","Right Turn","02","Driver Rider","1: PDO","Traffic Signals","","",1330786.88,1665600.37,"13307871665600"
"2014-1751-27/05/2021","2 Metropolitan","SEMAPHORE PARK","5019","CITY OF CHARLES STURT",2,1,0,0,1,2014,"February","Saturday","09:30 am","060","Divided Road","Straight road","Level","Not Applicable","Sealed","Dry","Not Raining","Daylight","Hit Parked Vehicle","01","Driver Rider","2: MI","No Control","","",1317694.91,1678234.01,"13176951678234"
"2014-1752-27/05/2021","2 Metropolitan","GLOBE DERBY PARK","5110","CITY OF SALISBURY",2,1,0,0,1,2014,"February","Saturday","10:56 am","080","Divided Road","Straight road","Level","Not Applicable","Sealed","Dry","Not Raining","Daylight","Rear End","02","Driver Rider","2: MI","No Control","","",1328638.58,1684596.92,"13286391684597"
"2014-1753-27/05/2021","2 Metropolitan","PANORAMA","5041","CC MITCHAM.                   ",2,0,0,0,0,2014,"January","Friday","04:30 pm","060","T-Junction","Straight road","Level","Not Applicable","Sealed","Dry","Not Raining","Daylight","Rear End","02","Driver Rider","1: PDO","Traffic Signals","","",1327592.73,1663487.35,"13275931663487"
"2014-1754-27/05/2021","2 Metropolitan","BLACKWOOD","5051","CC MITCHAM.                   ",2,0,0,0,0,2014,"February","Saturday","11:35 am","050","Divided Road","Straight road","Level","Not Applicable","Sealed","Dry","Not Raining","Daylight","Side Swipe","01","Driver Rider","1: PDO","No Control","","",1329648.17,1660408.48,"13296481660408"
"2014-1755-27/05/2021","2 Metropolitan","WOODVILLE SOUTH","5011","CITY OF CHARLES STURT",4,0,0,0,0,2014,"February","Saturday","10:15 am","060","Cross Road","Straight road","Level","Not Applicable","Sealed","Dry","Not Raining","Daylight","Rear End","01","Driver Rider","1: PDO","Traffic Signals","","",1322735.23,1675828.1,"13227351675828"
"2014-1756-27/05/2021","2 Metropolitan","PARADISE","5075","CC CAMPBELLTOWN.              ",2,1,0,0,1,2014,"February","Saturday","10:55 am","060","T-Junction","CURVED, VIEW OPEN","Level","Not Applicable","Sealed","Dry","Not Raining","Daylight","Rear End","02","Driver Rider","2: MI","Traffic Signals","","",1335624.13,1676678.29,"13356241676678"
"2014-1757-27/05/2021","2 Metropolitan","CRAIGMORE","5114","CITY OF PLAYFORD.",2,0,0,0,0,2014,"January","Friday","05:15 pm","060","T-Junction","Straight road","Level","Not Applicable","Sealed","Dry","Not Raining","Daylight","Right Turn","02","Driver Rider","1: PDO","Give Way Sign","","",1339119.6,1694449.6,"13391201694450"
"2014-1758-27/05/2021","2 Metropolitan","PLYMPTON PARK","5038","CC MARION.                    ",4,0,0,0,0,2014,"February","Saturday","11:20 am","060","T-Junction","Straight road","Level","Not Applicable","Sealed","Dry","Not Raining","Daylight","Rear End","01","Driver Rider","1: PDO","Stop Sign","","",1324284.73,1664984.09,"13242851664984"
"2014-1759-27/05/2021","2 Metropolitan","CHELTENHAM","5014","CITY OF CHARLES STURT",4,0,0,0,0,2014,"February","Saturday","10:20 am","060","Cross Road","Straight road","Level","Not Applicable","Sealed","Dry","Not Raining","Daylight","Rear End","01","Driver Rider","1: PDO","Traffic Signals","","",1322118.28,1676363.89,"13221181676364"
"2014-1760-27/05/2021","2 Metropolitan","PLYMPTON PARK","5038","CC MARION.                    ",2,0,0,0,0,2014,"January","Thursday","04:30 pm","050","Not Divided","Straight road","Level","Driveway or Entrance","Sealed","Dry","Not Raining","Daylight","Rear End","02","Driver Rider","1: PDO","No Control","","",1323658.29,1664736.25,"13236581664736"
"2014-1761-27/05/2021","3 Country","PORT AUGUSTA","5700","CC PT.AUGUSTA.                ",2,1,0,0,1,2014,"February","Saturday","01:00 pm","060","T-Junction","CURVED, VIEW OPEN","Level","Bridge, Culvert, Causeway","Sealed","Dry","Not Raining","Daylight","Rear End","01","Driver Rider","2: MI","No Control","","",1259361.91,1942568.22,"12593621942568"
"2014-1762-27/05/2021","1 City","ADELAIDE","5000","CITY OF ADELAIDE",2,0,0,0,0,2014,"February","Saturday","01:00 pm","050","Not Divided","Straight road","Level","Not Applicable","Sealed","Dry","Not Raining","Daylight","Side Swipe","02","Driver Rider","1: PDO","No Control","","",1327586.86,1670491.89,"13275871670492"
"2014-1763-27/05/2021","2 Metropolitan","GLENELG","5045","CITY OF HOLDFAST BAY",1,1,0,0,1,2014,"February","Saturday","10:15 am","040","Cross Road","Straight road","Level","Not Applicable","Sealed","Dry","Not Raining","Daylight","Roll Over","01","Driver Rider","2: MI","No Control","","",1320712.38,1664891.54,"13207121664892"
"2014-1764-27/05/2021","1 City","ADELAIDE","5000","CITY OF ADELAIDE",2,0,0,0,0,2014,"February","Saturday","09:15 am","050","T-Junction","CURVED, VIEW OPEN","Level","Not Applicable","Sealed","Dry","Not Raining","Daylight","Side Swipe","02","Driver Rider","1: PDO","Traffic Signals","","",1329495.76,1671170.43,"13294961671170"
"2014-1765-27/05/2021","2 Metropolitan","DARLINGTON","5047","CITY OF ONKAPARINGA",3,0,0,0,0,2014,"February","Saturday","04:00 pm","070","T-Junction","Straight road","Level","Not Applicable","Sealed","Dry","Not Raining","Daylight","Rear End","01","Driver Rider","1: PDO","Give Way Sign","","",1324171.15,1659263.42,"13241711659263"
"2014-1766-27/05/2021","2 Metropolitan","HAWTHORN","5062","CC MITCHAM.                   ",2,0,0,0,0,2014,"February","Saturday","10:30 am","060","T-Junction","Straight road","Level","Not Applicable","Sealed","Dry","Not Raining","Daylight","Right Turn","02","Driver Rider","1: PDO","No Control","","",1328732.08,1666236.88,"13287321666237"
"2014-1767-27/05/2021","2 Metropolitan","HAPPY VALLEY","5159","CITY OF ONKAPARINGA",3,0,0,0,0,2014,"February","Saturday","05:15 pm","080","T-Junction","Straight road","Level","Not Applicable","Sealed","Dry","Not Raining","Daylight","Right Angle","02","Driver Rider","1: PDO","Traffic Signals","","",1324354.32,1656484.47,"13243541656484"
"2014-1768-27/05/2021","3 Country","BUNGAMA","5540","PT.PIRIE CITY & DIST. COUNCIL ",2,0,0,0,0,2014,"February","Saturday","05:00 pm","100","Not Divided","Straight road","Level","Not Applicable","Sealed","Dry","Not Raining","Daylight","Roll Over","01","Driver Rider","1: PDO","No Control","","",1284672.18,1866176.53,"12846721866177"
"2014-1769-27/05/2021","2 Metropolitan","PARK HOLME","5043","CC MARION.                    ",1,0,0,0,0,2014,"February","Saturday","07:10 am","060","Cross Road","Straight road","Level","Not Applicable","Sealed","Dry","Not Raining","Daylight","Roll Over","01","Driver Rider","1: PDO","Traffic Signals","","",1324333.22,1663274.32,"13243331663274"
"2014-1770-27/05/2021","2 Metropolitan","GLENALTA","5052","CC MITCHAM.                   ",2,1,0,0,1,2014,"January","Friday","09:30 pm","060","Not Divided","Straight road","Level","Not Applicable","Sealed","Dry","Not Raining","Night","Rear End","01","Driver Rider","2: MI","No Control","","",1331218.25,1661481.68,"13312181661482"
"2014-1771-27/05/2021","2 Metropolitan","COLLEGE PARK","5069","CC OF NORWOOD,PAYNEHAM & ST PETERS",2,1,0,0,1,2014,"February","Saturday","06:45 pm","060","Not Divided","Straight road","Level","Not Applicable","Sealed","Dry","Not Raining","Daylight","Rear End","02","Driver Rider","2: MI","No Control","","",1330582.43,1671704.39,"13305821671704"
"2014-1772-27/05/2021","2 Metropolitan","BLACKWOOD","5051","CC MITCHAM.                   ",2,0,0,0,0,2014,"January","Friday","07:45 pm","050","Multiple","Straight road","Crest of Hill","Not Applicable","Sealed","Dry","Not Raining","Daylight","Right Angle","01","Driver Rider","1: PDO","Roundabout","","",1329678.48,1660052.36,"13296781660052"
"2014-1773-27/05/2021","2 Metropolitan","SEACLIFF PARK","5049","CITY OF HOLDFAST BAY",2,0,0,0,0,2014,"January","Thursday","03:50 pm","060","Divided Road","Straight road","Level","Not Applicable","Sealed","Dry","Not Raining","Daylight","Hit Fixed Object","09","Other","1: PDO","No Control","","",1321185.86,1659302.11,"13211861659302"
"2014-1774-27/05/2021","1 City","ADELAIDE","5000","CITY OF ADELAIDE",2,0,0,0,0,2014,"January","Friday","03:25 pm","060","Divided Road","Straight road","Level","Not Applicable","Sealed","Dry","Not Raining","Daylight","Rear End","02","Driver Rider","1: PDO","No Control","","",1327397.81,1669946.29,"13273981669946"
"2014-1775-27/05/2021","2 Metropolitan","FLAGSTAFF HILL","5159","CITY OF ONKAPARINGA",1,1,0,0,1,2014,"January","Thursday","05:42 pm","060","T-Junction","CURVED, VIEW OPEN","Level","Not Applicable","Sealed","Dry","Not Raining","Daylight","Roll Over","01","Driver Rider","2: MI","Roundabout","","",1328323.6,1655931.02,"13283241655931"
"2014-1776-27/05/2021","2 Metropolitan","PARA HILLS WEST","5096","CITY OF SALISBURY",2,0,0,0,0,2014,"February","Saturday","08:25 pm","060","Divided Road","Straight road","Level","Driveway or Entrance","Sealed","Dry","Not Raining","Daylight","Right Angle","02","Driver Rider","1: PDO","No Control","","",1334107.1,1684534.31,"13341071684534"
"2014-1777-27/05/2021","2 Metropolitan","ST GEORGES","5064","CITY OF BURNSIDE",2,0,0,0,0,2014,"February","Saturday","07:45 pm","060","Divided Road","Straight road","Level","Not Applicable","Sealed","Dry","Not Raining","Night","Hit Parked Vehicle","01","Driver Rider","1: PDO","No Control","","",1332355.08,1667673.06,"13323551667673"
"2014-1778-27/05/2021","2 Metropolitan","HAPPY VALLEY","5159","CITY OF ONKAPARINGA",2,0,0,0,0,2014,"February","Saturday","09:50 pm","060","Divided Road","Straight road","Bottom of Hill","Not Applicable","Sealed","Dry","Not Raining","Night","Hit Fixed Object","01","Driver Rider","1: PDO","No Control","","",1324205.52,1653430.42,"13242061653430"
"2014-1779-27/05/2021","2 Metropolitan","GUMERACHA","5233","THE ADELAIDE HILLS COUNCIL",2,1,0,0,1,2014,"February","Saturday","05:51 pm","080","Not Divided","CURVED, VIEW OBSCURED","Slope","Not Applicable","Sealed","Wet","Raining","Daylight","Hit Fixed Object","01","Driver Rider","2: MI","No Control","","",1355901.18,1681305.07,"13559011681305"
"2014-1780-27/05/2021","2 Metropolitan","GLENELG EAST","5045","CITY OF HOLDFAST BAY",3,0,0,0,0,2014,"February","Saturday","10:20 pm","060","Cross Road","Straight road","Level","Not Applicable","Sealed","Dry","Not Raining","Night","Rear End","02","Driver Rider","1: PDO","Stop Sign","","",1321015.85,1665101.7,"13210161665102"
"2014-1781-27/05/2021","2 Metropolitan","WINGFIELD","5013","CITY OF PORT ADELAIDE ENFIELD",2,0,0,0,0,2014,"February","Saturday","11:30 pm","060","Divided Road","Straight road","Level","Not Applicable","Sealed","Dry","Not Raining","Night","Side Swipe","02","Driver Rider","1: PDO","No Control","","",1323885.92,1680548.67,"13238861680549"