"REPORT_ID","Stats Area","Suburb","Postcode","LGA Name","Total Units","Total Cas","Total Fats","Total SI","Total MI","Year","Month","Day","Time","Area Speed","Position Type","Horizontal Align","Vertical Align","Other Feat","Road Surface","Moisture Cond","Weather Cond","DayNight","Crash Type","Unit Resp","Entity Code","CSEF Severity","Traffic Ctrls","DUI Involved","Drugs Involved","ACCLOC_X","ACCLOC_Y","UNIQUE_LOC"
"2014-2183-27/05/2021","2 Metropolitan","HENLEY BEACH","5022","CITY OF CHARLES STURT",1,1,0,0,1,2014,"February","Thursday","08:05 pm","050","Not Divided","Straight road","Level","Not Applicable","Sealed","Dry","Not Raining","Daylight","Roll Over","01","Driver Rider","2: MI","No Control","","",1318743.99,1672378.32,"13187441672378"
"2014-2184-27/05/2021","2 Metropolitan","STIRLING","5152","THE ADELAIDE HILLS COUNCIL",2,0,0,0,0,2014,"February","Tuesday","08:00 am","110","Freeway","Straight road","Level","Not Applicable","Sealed","Dry","Not Raining","Daylight","Rear End","02","Driver Rider","1: PDO","No Control","","",1341134,1662397.57,"13411341662398"
"2014-2185-27/05/2021","2 Metropolitan","CHELTENHAM","5014","CITY OF CHARLES STURT",2,1,0,0,1,2014,"February","Monday","11:30 am","060","T-Junction","Straight road","Level","Not Applicable","Sealed","Dry","Not Raining","Daylight","Right Angle","02","Driver Rider","2: MI","Stop Sign","","",1321457.27,1676998.96,"13214571676999"
"2014-2186-27/05/2021","3 Country","PALLAMANA","5254","RC MURRAY BRIDGE.             ",2,1,0,0,1,2014,"February","Tuesday","07:20 am","100","T-Junction","Straight road","Level","Not Applicable","Sealed","Dry","Not Raining","Daylight","Right Angle","02","Driver Rider","2: MI","Give Way Sign","","",1387559.67,1658751.34,"13875601658751"
"2014-2187-27/05/2021","2 Metropolitan","ELIZABETH","5112","CITY OF PLAYFORD.",2,1,0,0,1,2014,"February","Monday","01:05 pm","050","T-Junction","Straight road","Level","Not Applicable","Sealed","Dry","Not Raining","Daylight","Rear End","02","Driver Rider","2: MI","Traffic Signals","","",1335579.02,1693066.01,"13355791693066"
"2014-2188-27/05/2021","2 Metropolitan","COWANDILLA","5033","CITY OF WEST TORRENS",3,0,0,0,0,2014,"February","Monday","04:30 pm","060","Cross Road","Straight road","Level","Not Applicable","Sealed","Dry","Not Raining","Daylight","Rear End","01","Driver Rider","1: PDO","Traffic Signals","","",1324135.56,1670033.53,"13241361670034"
"2014-2189-27/05/2021","2 Metropolitan","PARAFIELD","5106","CITY OF SALISBURY",2,0,0,0,0,2014,"February","Tuesday","07:45 am","080","Cross Road","Straight road","Level","Not Applicable","Sealed","Dry","Not Raining","Daylight","Rear End","01","Driver Rider","1: PDO","Traffic Signals","","Y",1331812.14,1683486.03,"13318121683486"
"2014-2190-27/05/2021","2 Metropolitan","MOUNT GEORGE","5155","THE ADELAIDE HILLS COUNCIL",4,0,0,0,0,2014,"February","Tuesday","07:35 am","110","Freeway","Straight road","Level","Not Applicable","Sealed","Dry","Not Raining","Daylight","Rear End","02","Driver Rider","1: PDO","No Control","","",1341439.22,1662228.98,"13414391662229"
"2014-2191-27/05/2021","2 Metropolitan","ROSTREVOR","5073","CC CAMPBELLTOWN.              ",2,1,0,0,1,2014,"February","Tuesday","08:36 am","050","T-Junction","Straight road","Level","Not Applicable","Sealed","Dry","Not Raining","Daylight","Rear End","02","Driver Rider","2: MI","Stop Sign","","",1336086.34,1673888.58,"13360861673889"
"2014-2192-27/05/2021","2 Metropolitan","LOCKLEYS","5032","CITY OF WEST TORRENS",2,1,0,0,1,2014,"February","Monday","08:30 am","060","Divided Road","Straight road","Level","Not Applicable","Sealed","Dry","Not Raining","Daylight","Rear End","01","Driver Rider","2: MI","No Control","","",1323319.78,1670925.58,"13233201670926"
"2014-2193-27/05/2021","1 City","ADELAIDE","5000","CITY OF ADELAIDE",2,0,0,0,0,2014,"February","Tuesday","07:55 am","060","Not Divided","Straight road","Level","Not Applicable","Sealed","Dry","Not Raining","Daylight","Rear End","02","Driver Rider","1: PDO","No Control","","",1327417.28,1669261.35,"13274171669261"
"2014-2194-27/05/2021","2 Metropolitan","PLYMPTON","5038","CITY OF WEST TORRENS",2,0,0,0,0,2014,"February","Monday","01:55 pm","060","Cross Road","Straight road","Level","Not Applicable","Sealed","Dry","Not Raining","Daylight","Rear End","02","Driver Rider","1: PDO","Traffic Signals","","",1323619.17,1666111.33,"13236191666111"
"2014-2195-27/05/2021","2 Metropolitan","MAYLANDS","5069","CC OF NORWOOD,PAYNEHAM & ST PETERS",2,1,0,0,1,2014,"January","Thursday","10:30 am","060","Not Divided","Straight road","Level","Not Applicable","Sealed","Dry","Not Raining","Daylight","Rear End","01","Driver Rider","2: MI","No Control","","",1331773.53,1671750.05,"13317741671750"
"2014-2196-27/05/2021","2 Metropolitan","WOODVILLE PARK","5011","CITY OF CHARLES STURT",2,1,0,1,0,2014,"February","Tuesday","11:05 am","060","Divided Road","Straight road","Level","Not Applicable","Sealed","Dry","Not Raining","Daylight","Hit Pedestrian","02","Pedestrian","3: SI","No Control","","",1324153,1676087.15,"13241531676087"
"2014-2197-27/05/2021","3 Country","PENOLA","5277","WATTLE RANGE COUNCIL",2,0,0,0,0,2014,"February","Tuesday","09:30 am","110","Cross Road","Straight road","Level","Not Applicable","Sealed","Dry","Not Raining","Daylight","Hit Animal","02","Animal","1: PDO","Give Way Sign","","",1518449.28,1396054.69,"15184491396055"
"2014-2198-27/05/2021","3 Country","CRYSTAL BROOK","5523","PT.PIRIE CITY & DIST. COUNCIL ",2,0,0,0,0,2014,"February","Saturday","05:30 am","110","Not Divided","Straight road","Level","Not Applicable","Sealed","Dry","Not Raining","Night","Hit Animal","02","Animal","1: PDO","No Control","","",1294857.21,1844455.96,"12948571844456"
"2014-2199-27/05/2021","3 Country","NURIOOTPA","5355","THE BAROSSA COUNCIL.",2,1,0,0,1,2014,"February","Tuesday","12:20 pm","050","Not Divided","Straight road","Level","Not Applicable","Sealed","Dry","Not Raining","Daylight","Rear End","01","Driver Rider","2: MI","No Control","","",1366322.38,1719125.57,"13663221719126"
"2014-2200-27/05/2021","2 Metropolitan","PAYNEHAM","5070","CC OF NORWOOD,PAYNEHAM & ST PETERS",2,0,0,0,0,2014,"February","Monday","04:30 pm","050","Not Divided","Straight road","Level","Driveway or Entrance","Sealed","Dry","Not Raining","Daylight","Hit Parked Vehicle","02","Driver Rider","1: PDO","No Control","","",1332456.74,1673672.24,"13324571673672"
"2014-2201-27/05/2021","2 Metropolitan","GILLES PLAINS","5086","CITY OF PORT ADELAIDE ENFIELD",3,0,0,0,0,2014,"February","Tuesday","12:50 pm","060","T-Junction","Straight road","Slope","Not Applicable","Sealed","Dry","Not Raining","Daylight","Rear End","01","Driver Rider","1: PDO","No Control","","",1334487.25,1678418.18,"13344871678418"
"2014-2202-27/05/2021","2 Metropolitan","ELIZABETH","5112","CITY OF PLAYFORD.",2,1,0,0,1,2014,"February","Tuesday","12:30 pm","050","Divided Road","Straight road","Level","Driveway or Entrance","Sealed","Dry","Not Raining","Daylight","Right Angle","01","Driver Rider","2: MI","No Control","","",1335291.7,1693248.81,"13352921693249"
"2014-2203-27/05/2021","2 Metropolitan","ELIZABETH SOUTH","5112","CITY OF PLAYFORD.",2,0,0,0,0,2014,"February","Tuesday","12:30 pm","060","Not Divided","Straight road","Level","Not Applicable","Sealed","Dry","Not Raining","Daylight","Hit Fixed Object","01","Driver Rider","1: PDO","No Control","","",1334652.47,1691224.66,"13346521691225"
"2014-2204-27/05/2021","2 Metropolitan","PROSPECT","5082","CITY OF PROSPECT",2,1,0,0,1,2014,"February","Tuesday","08:40 am","060","T-Junction","Straight road","Level","Not Applicable","Sealed","Dry","Not Raining","Daylight","Rear End","02","Driver Rider","2: MI","No Control","","",1327261.23,1675426.22,"13272611675426"
"2014-2205-27/05/2021","2 Metropolitan","UNLEY","5061","CITY OF UNLEY",2,0,0,0,0,2014,"February","Monday","06:00 pm","040","Not Divided","Straight road","Level","Not Applicable","Sealed","Dry","Not Raining","Daylight","Hit Parked Vehicle","02","Driver Rider","1: PDO","No Control","","",1329640.59,1668044.49,"13296411668044"
"2014-2206-27/05/2021","3 Country","ROSEDALE","5350","THE BAROSSA COUNCIL.",2,0,0,0,0,2014,"February","Monday","09:45 pm","100","Not Divided","CURVED, VIEW OBSCURED","Level","Not Applicable","Sealed","Dry","Not Raining","Night","Hit Fixed Object","09","Other","1: PDO","No Control","","",1352204.63,1709517.25,"13522051709517"
"2014-2207-27/05/2021","2 Metropolitan","OAKLANDS PARK","5046","CC MARION.                    ",2,1,0,0,1,2014,"February","Tuesday","03:45 pm","060","T-Junction","Straight road","Level","Not Applicable","Sealed","Dry","Not Raining","Daylight","Rear End","02","Driver Rider","2: MI","Traffic Signals","","",1322759.23,1661320.47,"13227591661320"
"2014-2208-27/05/2021","2 Metropolitan","GLYNDE","5070","CC OF NORWOOD,PAYNEHAM & ST PETERS",2,1,0,0,1,2014,"February","Monday","09:25 pm","060","T-Junction","Straight road","Level","Not Applicable","Sealed","Dry","Not Raining","Night","Right Angle","01","Driver Rider","2: MI","Give Way Sign","","",1333785.85,1674401.3,"13337861674401"
"2014-2209-27/05/2021","2 Metropolitan","UNLEY","5061","CITY OF UNLEY",2,0,0,0,0,2014,"February","Monday","05:30 pm","060","Divided Road","Straight road","Level","Not Applicable","Sealed","Dry","Not Raining","Daylight","Hit Fixed Object","01","Driver Rider","1: PDO","No Control","","",1328998.24,1668962.24,"13289981668962"
"2014-2210-27/05/2021","2 Metropolitan","SEATON","5023","CITY OF CHARLES STURT",2,1,0,0,1,2014,"February","Tuesday","04:25 pm","060","T-Junction","Straight road","Level","Driveway or Entrance","Sealed","Dry","Not Raining","Daylight","Rear End","02","Driver Rider","2: MI","No Control","","",1320779.63,1673572.5,"13207801673573"
"2014-2211-27/05/2021","2 Metropolitan","MOUNT TORRENS","5244","THE ADELAIDE HILLS COUNCIL",2,1,0,1,0,2014,"February","Tuesday","01:10 pm","100","Not Divided","Straight road","Crest of Hill","Not Applicable","Sealed","Dry","Not Raining","Daylight","Hit Fixed Object","01","Driver Rider","3: SI","No Control","Y","Y",1364670.92,1675718.56,"13646711675719"
"2014-2212-27/05/2021","3 Country","GIDGEALPA","5731",,2,0,0,0,0,2014,"February","Tuesday","12:00 pm","100","Not Divided","Straight road","Level","Not Applicable","Unsealed","Dry","Not Raining","Daylight","Hit Object on Road","01","Driver Rider","1: PDO","No Control","","",1505038.59,2430500.75,"15050392430501"
"2014-2213-27/05/2021","2 Metropolitan","EDINBURGH","5111","CITY OF SALISBURY",2,1,0,0,1,2014,"February","Tuesday","02:20 pm","080","Not Divided","CURVED, VIEW OPEN","Level","Not Applicable","Sealed","Dry","Not Raining","Daylight","Hit Fixed Object","01","Driver Rider","2: MI","No Control","","",1333595.08,1693847.78,"13335951693848"
"2014-2214-27/05/2021","2 Metropolitan","EASTWOOD","5063","CITY OF BURNSIDE",2,1,0,0,1,2014,"February","Tuesday","09:00 am","060","Divided Road","Straight road","Level","Not Applicable","Sealed","Dry","Not Raining","Daylight","Hit Parked Vehicle","02","Driver Rider","2: MI","No Control","","",1330479.19,1669018.61,"13304791669019"
"2014-2215-27/05/2021","2 Metropolitan","TORRENSVILLE","5031","CITY OF WEST TORRENS",3,0,0,0,0,2014,"February","Tuesday","04:55 pm","060","Divided Road","Straight road","Level","Not Applicable","Sealed","Dry","Not Raining","Daylight","Rear End","01","Driver Rider","1: PDO","No Control","","",1324547.01,1670960.36,"13245471670960"
"2014-2216-27/05/2021","2 Metropolitan","MELROSE PARK","5039","CC MITCHAM.                   ",3,1,0,0,1,2014,"February","Tuesday","04:50 pm","060","Divided Road","Straight road","Level","Not Applicable","Sealed","Dry","Not Raining","Daylight","Rear End","01","Driver Rider","2: MI","No Control","","",1325937.82,1664248.14,"13259381664248"
"2014-2217-27/05/2021","2 Metropolitan","SALISBURY PARK","5109","CITY OF SALISBURY",2,0,0,0,0,2014,"February","Tuesday","05:30 pm","080","Divided Road","Straight road","Level","Not Applicable","Sealed","Dry","Not Raining","Daylight","Rear End","02","Driver Rider","1: PDO","No Control","","",1335625.04,1688382.38,"13356251688382"
"2014-2218-27/05/2021","2 Metropolitan","ELIZABETH PARK","5113","CITY OF PLAYFORD.",3,0,0,0,0,2014,"February","Tuesday","04:30 pm","080","Divided Road","Straight road","Level","Not Applicable","Sealed","Dry","Not Raining","Daylight","Rear End","02","Driver Rider","1: PDO","No Control","","",1336175.33,1694089.15,"13361751694089"
"2014-2219-27/05/2021","2 Metropolitan","WEST LAKES","5021","CITY OF CHARLES STURT",2,2,0,0,2,2014,"February","Tuesday","03:30 pm","060","T-Junction","CURVED, VIEW OPEN","Level","Not Applicable","Sealed","Dry","Not Raining","Daylight","Rear End","02","Driver Rider","2: MI","No Control","","",1318842.54,1676466.2,"13188431676466"
"2014-2220-27/05/2021","2 Metropolitan","OTTOWAY","5013","CITY OF PORT ADELAIDE ENFIELD",2,0,0,0,0,2014,"February","Tuesday","05:30 pm","060","T-Junction","Straight road","Level","Not Applicable","Sealed","Dry","Not Raining","Daylight","Rear End","02","Driver Rider","1: PDO","Traffic Signals","","",1323011.02,1679141.01,"13230111679141"
"2014-2221-27/05/2021","2 Metropolitan","MAYLANDS","5069","CC OF NORWOOD,PAYNEHAM & ST PETERS",2,0,0,0,0,2014,"February","Tuesday","05:16 pm","050","Cross Road","Straight road","Level","Not Applicable","Sealed","Dry","Not Raining","Daylight","Right Angle","01","Driver Rider","1: PDO","Give Way Sign","","",1332085.53,1672042.49,"13320861672042"
"2014-2222-27/05/2021","2 Metropolitan","WINDSOR GARDENS","5087","CITY OF PORT ADELAIDE ENFIELD",2,1,0,0,1,2014,"February","Thursday","05:10 pm","060","Divided Road","Straight road","Level","Not Applicable","Sealed","Dry","Not Raining","Daylight","Hit Object on Road","01","Driver Rider","2: MI","No Control","","",1333011.99,1677402.93,"13330121677403"
"2014-2223-27/05/2021","2 Metropolitan","HINDMARSH","5007","CITY OF CHARLES STURT",2,0,0,0,0,2014,"February","Tuesday","05:30 pm","060","Not Divided","Straight road","Level","Not Applicable","Sealed","Dry","Not Raining","Daylight","Hit Parked Vehicle","01","Driver Rider","1: PDO","No Control","","",1325643.61,1672990.8,"13256441672991"
"2014-2224-27/05/2021","2 Metropolitan","RICHMOND","5033","CITY OF WEST TORRENS",2,0,0,0,0,2014,"February","Tuesday","07:05 am","060","T-Junction","Straight road","Level","Not Applicable","Sealed","Dry","Not Raining","Daylight","Side Swipe","02","Driver Rider","1: PDO","Stop Sign","","",1325372.58,1668943,"13253731668943"
"2014-2225-27/05/2021","2 Metropolitan","NOARLUNGA CENTRE","5168","CITY OF ONKAPARINGA",2,0,0,0,0,2014,"February","Tuesday","04:55 pm","050","Not Divided","Straight road","Level","Driveway or Entrance","Sealed","Dry","Not Raining","Daylight","Rear End","02","Driver Rider","1: PDO","No Control","","",1317903.46,1647081.21,"13179031647081"
"2014-2226-27/05/2021","2 Metropolitan","MELROSE PARK","5039","CC MITCHAM.                   ",2,0,0,0,0,2014,"February","Tuesday","08:05 am","060","Divided Road","Straight road","Level","Not Applicable","Sealed","Dry","Not Raining","Daylight","Rear End","01","Driver Rider","1: PDO","No Control","","",1325931.32,1664110.84,"13259311664111"
"2014-2227-27/05/2021","1 City","ADELAIDE","5000","CITY OF ADELAIDE",1,0,0,0,0,2014,"February","Tuesday","03:40 pm","050","T-Junction","Straight road","Level","Not Applicable","Sealed","Dry","Not Raining","Daylight","Other","01","Driver Rider","1: PDO","No Control","","",1328814.3,1670526.31,"13288141670526"
"2014-2228-27/05/2021","2 Metropolitan","EASTWOOD","5063","CITY OF BURNSIDE",2,0,0,0,0,2014,"February","Tuesday","05:50 pm","060","Divided Road","Straight road","Level","Not Applicable","Sealed","Dry","Not Raining","Daylight","Side Swipe","01","Driver Rider","1: PDO","No Control","","",1329902.68,1668985.02,"13299031668985"
"2014-2229-27/05/2021","2 Metropolitan","GLENELG EAST","5045","CITY OF HOLDFAST BAY",2,0,0,0,0,2014,"February","Tuesday","03:00 pm","060","T-Junction","Straight road","Level","Not Applicable","Sealed","Dry","Not Raining","Daylight","Right Angle","02","Driver Rider","1: PDO","Traffic Signals","","",1321280.61,1664158.29,"13212811664158"
"2014-2230-27/05/2021","2 Metropolitan","TORRENS PARK","5062","CC MITCHAM.                   ",2,0,0,0,0,2014,"February","Tuesday","03:50 pm","060","T-Junction","Straight road","Level","Not Applicable","Sealed","Dry","Not Raining","Daylight","Right Turn","02","Driver Rider","1: PDO","Traffic Signals","","",1329336.44,1664210.74,"13293361664211"
"2014-2231-27/05/2021","2 Metropolitan","NETHERBY","5062","CC MITCHAM.                   ",2,1,0,0,1,2014,"February","Tuesday","08:00 am","060","T-Junction","Straight road","Level","Not Applicable","Sealed","Dry","Not Raining","Daylight","Rear End","02","Driver Rider","2: MI","No Control","","",1330796.17,1665229.11,"13307961665229"
"2014-2232-27/05/2021","2 Metropolitan","GILLES PLAINS","5086","CITY OF TEA TREE GULLY",2,0,0,0,0,2014,"February","Tuesday","08:00 pm","060","T-Junction","Straight road","Slope","Not Applicable","Sealed","Dry","Not Raining","Night","Right Angle","01","Driver Rider","1: PDO","Traffic Signals","","",1334243.77,1679365.77,"13342441679366"
"2014-2233-27/05/2021","2 Metropolitan","LITTLEHAMPTON","5250","DC MT.BARKER.                 ",2,0,0,0,0,2014,"February","Tuesday","05:50 pm","080","Cross Road","Straight road","Slope","Not Applicable","Sealed","Dry","Not Raining","Daylight","Side Swipe","02","Driver Rider","1: PDO","Stop Sign","","",1353533.31,1656814.37,"13535331656814"
"2014-2234-27/05/2021","2 Metropolitan","SEAFORD","5169","CITY OF ONKAPARINGA",2,1,0,0,1,2014,"February","Tuesday","11:40 pm","050","T-Junction","Straight road","Level","Not Applicable","Sealed","Dry","Not Raining","Night","Right Angle","02","Driver Rider","2: MI","No Control","","",1316720.47,1641624.73,"13167201641625"
"2014-2235-27/05/2021","2 Metropolitan","SALISBURY EAST","5109","CITY OF SALISBURY",2,0,0,0,0,2014,"February","Tuesday","07:10 pm","050","Not Divided","Straight road","Level","Not Applicable","Sealed","Dry","Not Raining","Daylight","Hit Parked Vehicle","01","Driver Rider","1: PDO","No Control","","",1333762.7,1685543.2,"13337631685543"
"2014-2236-27/05/2021","1 City","ADELAIDE","5000","CITY OF ADELAIDE",2,1,0,1,0,2014,"February","Tuesday","10:35 pm","060","Not Divided","Straight road","Level","Not Applicable","Sealed","Dry","Not Raining","Night","Hit Pedestrian","02","Pedestrian","3: SI","No Control","Y","",1327417.59,1669249.01,"13274181669249"
"2014-2237-27/05/2021","2 Metropolitan","MUNNO PARA WEST","5115","CITY OF PLAYFORD.",2,0,0,0,0,2014,"February","Wednesday","05:00 am","060","Not Divided","Straight road","Level","Unknown","Sealed","Dry","Not Raining","Night","Hit Fixed Object","01","Driver Rider","1: PDO","No Control","","",1335617.25,1700259,"13356171700259"
"2014-2238-27/05/2021","2 Metropolitan","HENDON","5014","CITY OF CHARLES STURT",2,0,0,0,0,2014,"February","Tuesday","03:10 pm","040","Divided Road","Straight road","Level","Roadworks","Sealed","Dry","Not Raining","Daylight","Hit Parked Vehicle","01","Driver Rider","1: PDO","No Control","","",1320745.62,1677552.14,"13207461677552"
"2014-2239-27/05/2021","2 Metropolitan","HILLBANK","5112","CITY OF PLAYFORD.",2,1,0,0,1,2014,"February","Tuesday","02:10 pm","060","Cross Road","Straight road","Slope","Not Applicable","Sealed","Dry","Not Raining","Daylight","Side Swipe","01","Driver Rider","2: MI","Give Way Sign","","",1336666.28,1690000.72,"13366661690001"
"2014-2240-27/05/2021","2 Metropolitan","HACKNEY","5069","CC OF NORWOOD,PAYNEHAM & ST PETERS",2,0,0,0,0,2014,"February","Wednesday","08:00 am","060","Not Divided","Straight road","Level","Not Applicable","Sealed","Dry","Not Raining","Daylight","Rear End","01","Driver Rider","1: PDO","No Control","","",1330332.44,1671560.59,"13303321671561"
"2014-2241-27/05/2021","2 Metropolitan","SOUTH BRIGHTON","5048","CITY OF HOLDFAST BAY",2,0,0,0,0,2014,"February","Wednesday","08:03 am","060","T-Junction","Straight road","Level","Not Applicable","Sealed","Dry","Not Raining","Daylight","Side Swipe","02","Driver Rider","1: PDO","No Control","","",1321159.45,1660174.3,"13211591660174"
"2014-2242-27/05/2021","2 Metropolitan","VALLEY VIEW","5093","CITY OF PORT ADELAIDE ENFIELD",2,1,0,0,1,2014,"February","Wednesday","07:30 am","070","Divided Road","Straight road","Level","Road hump or Slow point","Sealed","Dry","Not Raining","Daylight","Rear End","01","Driver Rider","2: MI","No Control","","",1333307.45,1679440.06,"13333071679440"
"2014-2243-27/05/2021","2 Metropolitan","ELIZABETH PARK","5113","CITY OF PLAYFORD.",2,0,0,0,0,2014,"February","Wednesday","08:45 am","060","Divided Road","Straight road","Level","Not Applicable","Sealed","Dry","Not Raining","Daylight","Hit Fixed Object","01","Driver Rider","1: PDO","No Control","","",1336967.95,1694282.38,"13369681694282"
"2014-2244-27/05/2021","1 City","ADELAIDE","5000","CITY OF ADELAIDE",2,0,0,0,0,2014,"February","Tuesday","02:20 pm","050","Divided Road","Straight road","Level","Not Applicable","Sealed","Dry","Not Raining","Daylight","Side Swipe","01","Driver Rider","1: PDO","No Control","","",1329385.08,1671161.07,"13293851671161"
"2014-2245-27/05/2021","2 Metropolitan","NORTH BRIGHTON","5048","CITY OF HOLDFAST BAY",2,0,0,0,0,2014,"February","Wednesday","08:42 am","050","Not Divided","Straight road","Level","Not Applicable","Sealed","Dry","Not Raining","Daylight","Hit Parked Vehicle","01","Driver Rider","1: PDO","No Control","","",1321691.49,1662465.03,"13216911662465"
"2014-2246-27/05/2021","2 Metropolitan","EDEN HILLS","5050","CC MITCHAM.                   ",1,1,0,0,1,2014,"February","Wednesday","07:35 am","060","Not Divided","Straight road","Level","Not Applicable","Sealed","Dry","Not Raining","Daylight","Roll Over","09","Other","2: MI","No Control","","",1328518.6,1659585.56,"13285191659586"
"2014-2247-27/05/2021","3 Country","MINLATON","5575","YORKE PENINSULA COUNCIL",2,0,0,0,0,2014,"January","Friday","08:50 pm","100","Not Divided","Straight road","Level","Not Applicable","Sealed","Dry","Not Raining","Night","Hit Fixed Object","01","Driver Rider","1: PDO","No Control","Y","",1228565.26,1692919.78,"12285651692920"
"2014-2248-27/05/2021","2 Metropolitan","PARKSIDE","5063","CITY OF UNLEY",3,0,0,0,0,2014,"February","Wednesday","09:20 am","060","Cross Road","Straight road","Level","Not Applicable","Sealed","Dry","Not Raining","Daylight","Rear End","01","Driver Rider","1: PDO","Traffic Signals","","",1329604.88,1668978.91,"13296051668979"
"2014-2249-27/05/2021","2 Metropolitan","VALE PARK","5081","WALKERVILLE TOWN COUNCIL",2,0,0,0,0,2014,"February","Wednesday","08:10 am","060","Cross Road","Straight road","Level","Not Applicable","Sealed","Dry","Not Raining","Daylight","Rear End","01","Driver Rider","1: PDO","Traffic Signals","","",1330627.06,1675344.74,"13306271675345"
"2014-2250-27/05/2021","2 Metropolitan","WALKERVILLE","5081","WALKERVILLE TOWN COUNCIL",2,0,0,0,0,2014,"February","Wednesday","12:20 pm","060","Cross Road","Straight road","Level","Not Applicable","Sealed","Dry","Not Raining","Daylight","Rear End","02","Driver Rider","1: PDO","Traffic Signals","","",1329737.51,1674554.59,"13297381674555"
"2014-2251-27/05/2021","2 Metropolitan","WEST HINDMARSH","5007","CITY OF CHARLES STURT",2,0,0,0,0,2014,"February","Wednesday","11:30 am","060","Divided Road","Straight road","Level","Not Applicable","Sealed","Dry","Not Raining","Daylight","Side Swipe","02","Driver Rider","1: PDO","No Control","","",1325362.06,1672854.29,"13253621672854"
"2014-2252-27/05/2021","2 Metropolitan","KINGS PARK","5034","CITY OF UNLEY",2,0,0,0,0,2014,"February","Wednesday","10:20 am","060","T-Junction","Straight road","Level","Not Applicable","Sealed","Dry","Not Raining","Daylight","Rear End","02","Driver Rider","1: PDO","No Control","","",1327801.06,1666211.76,"13278011666212"
"2014-2253-27/05/2021","2 Metropolitan","PARKSIDE","5063","CITY OF UNLEY",2,1,0,0,1,2014,"February","Wednesday","11:00 am","050","Cross Road","Straight road","Level","Not Applicable","Sealed","Dry","Not Raining","Daylight","Right Angle","02","Driver Rider","2: MI","Traffic Signals","","",1329604.88,1668978.91,"13296051668979"
"2014-2254-27/05/2021","3 Country","MURRAY BRIDGE","5253","RC MURRAY BRIDGE.             ",2,1,0,0,1,2014,"February","Wednesday","08:40 am","040","Freeway","Straight road","Slope","Roadworks","Sealed","Dry","Not Raining","Daylight","Rear End","02","Driver Rider","2: MI","No Control","","",1388186.96,1643769.8,"13881871643770"
"2014-2255-27/05/2021","2 Metropolitan","GLENSIDE","5065","CITY OF BURNSIDE",2,1,0,0,1,2014,"February","Wednesday","09:15 am","060","T-Junction","Straight road","Level","Not Applicable","Sealed","Dry","Not Raining","Daylight","Side Swipe","01","Driver Rider","2: MI","Stop Sign","","",1331671.43,1669029.28,"13316711669029"
"2014-2256-27/05/2021","2 Metropolitan","BEVERLEY","5009","CITY OF CHARLES STURT",2,2,0,0,2,2014,"February","Wednesday","01:50 pm","060","T-Junction","Straight road","Level","Not Applicable","Sealed","Dry","Not Raining","Daylight","Rear End","02","Driver Rider","2: MI","Traffic Signals","","",1324158.31,1674600.99,"13241581674601"
"2014-2257-27/05/2021","3 Country","GOOLWA","5214","ALEXANDRINA COUNCIL",2,0,0,0,0,2014,"February","Wednesday","01:00 pm","050","Cross Road","Straight road","Level","Not Applicable","Sealed","Dry","Not Raining","Daylight","Right Turn","02","Driver Rider","1: PDO","Stop Sign","","",1342808.8,1605918.66,"13428091605919"
"2014-2258-27/05/2021","2 Metropolitan","ELIZABETH VALE","5112","CITY OF PLAYFORD.",2,1,0,0,1,2014,"February","Wednesday","02:05 pm","050","Not Divided","Straight road","Level","Not Applicable","Sealed","Dry","Not Raining","Daylight","Hit Fixed Object","01","Driver Rider","2: MI","No Control","","",1335247.29,1690084.21,"13352471690084"
"2014-2259-27/05/2021","2 Metropolitan","SALISBURY","5108","CITY OF SALISBURY",2,0,0,0,0,2014,"February","Wednesday","09:20 am","060","Cross Road","Straight road","Level","Not Applicable","Sealed","Dry","Not Raining","Daylight","Rear End","02","Driver Rider","1: PDO","Traffic Signals","","",1333601.36,1689549.53,"13336011689550"
"2014-2260-27/05/2021","3 Country","GLADSTONE","5473","NORTHERN AREAS DISTRICT COUNCIL",2,1,0,0,1,2014,"February","Wednesday","09:15 am","060","Cross Road","Straight road","Level","Not Applicable","Sealed","Dry","Not Raining","Daylight","Right Angle","01","Driver Rider","2: MI","Give Way Sign","","",1311811.76,1855581.35,"13118121855581"
"2014-2261-27/05/2021","2 Metropolitan","MAYLANDS","5069","CC OF NORWOOD,PAYNEHAM & ST PETERS",2,0,0,0,0,2014,"February","Wednesday","03:10 pm","060","Divided Road","Straight road","Level","Median Opening (not at I/S)","Sealed","Dry","Not Raining","Daylight","Right Turn","01","Driver Rider","1: PDO","No Control","","",1332222.61,1672212.58,"13322231672213"
"2014-2262-27/05/2021","2 Metropolitan","WARRADALE","5046","CC MARION.                    ",4,0,0,0,0,2014,"February","Wednesday","02:30 pm","060","Divided Road","Straight road","Level","Not Applicable","Sealed","Dry","Not Raining","Daylight","Rear End","01","Driver Rider","1: PDO","No Control","","",1322748.58,1661412.68,"13227491661413"
"2014-2263-27/05/2021","1 City","NORTH ADELAIDE","5006","CITY OF ADELAIDE",2,0,0,0,0,2014,"February","Wednesday","04:50 pm","050","Not Divided","Straight road","Level","Not Applicable","Sealed","Dry","Not Raining","Daylight","Hit Parked Vehicle","02","Driver Rider","1: PDO","No Control","","",1328303.91,1672585.36,"13283041672585"