"REPORT_ID","Stats Area","Suburb","Postcode","LGA Name","Total Units","Total Cas","Total Fats","Total SI","Total MI","Year","Month","Day","Time","Area Speed","Position Type","Horizontal Align","Vertical Align","Other Feat","Road Surface","Moisture Cond","Weather Cond","DayNight","Crash Type","Unit Resp","Entity Code","CSEF Severity","Traffic Ctrls","DUI Involved","Drugs Involved","ACCLOC_X","ACCLOC_Y","UNIQUE_LOC"
"2014-2828-27/05/2021","2 Metropolitan","KLEMZIG","5087","CITY OF PORT ADELAIDE ENFIELD",2,1,0,0,1,2014,"February","Monday","08:05 am","050","Cross Road","Straight road","Level","Not Applicable","Sealed","Dry","Not Raining","Daylight","Rear End","01","Driver Rider","2: MI","Roundabout","","",1332227.82,1676134.12,"13322281676134"
"2014-2829-27/05/2021","2 Metropolitan","MARDEN","5070","CC OF NORWOOD,PAYNEHAM & ST PETERS",4,1,0,0,1,2014,"February","Monday","07:20 am","060","Divided Road","Straight road","Level","Bridge, Culvert, Causeway","Sealed","Dry","Not Raining","Daylight","Hit Fixed Object","01","Driver Rider","2: MI","No Control","","",1331502.5,1674436.49,"13315031674436"
"2014-2830-27/05/2021","2 Metropolitan","NETLEY","5037","CITY OF WEST TORRENS",2,1,0,0,1,2014,"February","Monday","01:25 pm","060","Cross Road","Straight road","Level","Not Applicable","Sealed","Dry","Not Raining","Daylight","Rear End","02","Driver Rider","2: MI","Traffic Signals","","",1324166.39,1668906.15,"13241661668906"
"2014-2831-27/05/2021","3 Country","MOUNT GAMBIER","5290","CC MT.GAMBIER.                ",1,1,0,1,0,2014,"January","Sunday","04:30 am","050","T-Junction","Straight road","Level","Not Applicable","Sealed","Dry","Not Raining","Night","Roll Over","01","Driver Rider","3: SI","No Control","","",1511705.64,1339411.11,"15117061339411"
"2014-2832-27/05/2021","2 Metropolitan","NAILSWORTH","5083","CITY OF PROSPECT",2,1,0,0,1,2014,"February","Monday","08:45 am","060","T-Junction","Straight road","Level","Not Applicable","Sealed","Dry","Not Raining","Daylight","Rear End","01","Driver Rider","2: MI","Stop Sign","","",1328915.5,1674838.62,"13289161674839"
"2014-2833-27/05/2021","2 Metropolitan","PARADISE","5075","CC CAMPBELLTOWN.              ",2,3,0,0,3,2014,"February","Monday","11:15 am","025","Cross Road","Straight road","Level","Roadworks","Sealed","Dry","Not Raining","Daylight","Right Turn","02","Driver Rider","2: MI","Traffic Signals","","",1335179.94,1675919.29,"13351801675919"
"2014-2834-27/05/2021","1 City","ADELAIDE","5000","CITY OF ADELAIDE",2,1,0,1,0,2014,"January","Tuesday","02:10 pm","050","Divided Road","Straight road","Level","Not Applicable","Sealed","Dry","Not Raining","Daylight","Rear End","01","Driver Rider","3: SI","No Control","","",1329411.35,1671162.1,"13294111671162"
"2014-2835-27/05/2021","2 Metropolitan","WAYVILLE","5034","CITY OF UNLEY",3,1,0,0,1,2014,"February","Monday","11:30 am","060","Divided Road","Straight road","Level","Not Applicable","Sealed","Dry","Not Raining","Daylight","Rear End","01","Driver Rider","2: MI","No Control","","",1327379.82,1668933.44,"13273801668933"
"2014-2836-27/05/2021","2 Metropolitan","KINGS PARK","5034","CITY OF UNLEY",2,1,0,0,1,2014,"February","Monday","01:45 pm","060","Not Divided","Straight road","Level","Not Applicable","Sealed","Dry","Not Raining","Daylight","Rear End","02","Driver Rider","2: MI","No Control","","",1327491.81,1666749.37,"13274921666749"
"2014-2837-27/05/2021","3 Country","HOPE GAP","5555","WAKEFIELD REGIONAL COUNCIL",2,2,0,1,1,2014,"February","Monday","08:36 am","110","Not Divided","CURVED, VIEW OBSCURED","Level","Not Applicable","Sealed","Dry","Not Raining","Daylight","Side Swipe","01","Driver Rider","3: SI","No Control","","",1297387.45,1808847.01,"12973871808847"
"2014-2838-27/05/2021","2 Metropolitan","HAPPY VALLEY","5159","CITY OF ONKAPARINGA",2,0,0,0,0,2014,"February","Monday","12:23 pm","080","Cross Road","Straight road","Slope","Not Applicable","Sealed","Dry","Not Raining","Daylight","Side Swipe","02","Driver Rider","1: PDO","Traffic Signals","","",1323446.95,1654232.01,"13234471654232"
"2014-2839-27/05/2021","2 Metropolitan","GEPPS CROSS","5094","CITY OF PORT ADELAIDE ENFIELD",2,0,0,0,0,2014,"February","Monday","02:15 am","060","Multiple","Straight road","Level","Not Applicable","Sealed","Dry","Not Raining","Night","Rear End","02","Driver Rider","1: PDO","Traffic Signals","","",1328802.51,1679265.44,"13288031679265"
"2014-2840-27/05/2021","2 Metropolitan","SELLICKS HILL","5174","CITY OF ONKAPARINGA",2,1,0,0,1,2014,"January","Wednesday","07:30 am","100","Not Divided","CURVED, VIEW OPEN","Slope","Not Applicable","Sealed","Dry","Not Raining","Daylight","Hit Fixed Object","01","Driver Rider","2: MI","No Control","","",1315100.76,1625702.7,"13151011625703"
"2014-2841-27/05/2021","3 Country","MURRAY BRIDGE EAST","5253","RC MURRAY BRIDGE.             ",2,0,0,0,0,2014,"February","Monday","03:30 pm","060","Not Divided","Straight road","Slope","Driveway or Entrance","Sealed","Dry","Not Raining","Daylight","Rear End","02","Driver Rider","1: PDO","No Control","","",1390123.9,1647763.67,"13901241647764"
"2014-2842-27/05/2021","2 Metropolitan","PORT ADELAIDE","5015","CITY OF PORT ADELAIDE ENFIELD",2,0,0,0,0,2014,"February","Monday","01:30 pm","060","Divided Road","Straight road","Level","Not Applicable","Sealed","Dry","Not Raining","Daylight","Rear End","02","Driver Rider","1: PDO","No Control","","",1320561.27,1679085.66,"13205611679086"
"2014-2843-27/05/2021","2 Metropolitan","CAVAN","5094","CITY OF SALISBURY",2,0,0,0,0,2014,"February","Monday","03:47 pm","060","Cross Road","Straight road","Level","Not Applicable","Sealed","Dry","Not Raining","Daylight","Rear End","02","Driver Rider","1: PDO","Give Way Sign","","",1328872.8,1681109.23,"13288731681109"
"2014-2844-27/05/2021","2 Metropolitan","WEST CROYDON","5008","CITY OF CHARLES STURT",2,1,0,0,1,2014,"February","Monday","03:10 pm","060","Cross Road","Straight road","Level","Not Applicable","Sealed","Dry","Not Raining","Daylight","Right Turn","01","Driver Rider","2: MI","Traffic Signals","","",1325327.33,1675357.42,"13253271675357"
"2014-2845-27/05/2021","2 Metropolitan","CAVAN","5094","CITY OF SALISBURY",3,1,0,0,1,2014,"February","Monday","03:35 pm","070","Divided Road","Straight road","Level","Not Applicable","Sealed","Dry","Not Raining","Daylight","Rear End","01","Driver Rider","2: MI","No Control","","",1328722.77,1681448.78,"13287231681449"
"2014-2846-27/05/2021","2 Metropolitan","MELROSE PARK","5039","CC MARION.                    ",2,1,0,0,1,2014,"February","Monday","04:50 pm","050","Not Divided","Straight road","Level","Not Applicable","Sealed","Dry","Not Raining","Daylight","Side Swipe","02","Driver Rider","2: MI","No Control","","",1325931.85,1663791.4,"13259321663791"
"2014-2847-27/05/2021","2 Metropolitan","PASADENA","5042","CC MITCHAM.                   ",2,0,0,0,0,2014,"February","Monday","03:30 pm","060","T-Junction","Straight road","Level","Not Applicable","Sealed","Dry","Not Raining","Daylight","Rear End","02","Driver Rider","1: PDO","Traffic Signals","","",1327594.29,1663360.25,"13275941663360"
"2014-2848-27/05/2021","2 Metropolitan","FULHAM GARDENS","5024","CITY OF CHARLES STURT",2,0,0,0,0,2014,"February","Monday","03:30 pm","060","T-Junction","Straight road","Level","Not Applicable","Sealed","Dry","Not Raining","Daylight","Rear End","01","Driver Rider","1: PDO","No Control","","",1320640.51,1671826.78,"13206411671827"
"2014-2849-27/05/2021","2 Metropolitan","KURRALTA PARK","5037","CITY OF WEST TORRENS",3,1,0,0,1,2014,"February","Monday","04:55 pm","050","Cross Road","Straight road","Level","Not Applicable","Sealed","Dry","Not Raining","Daylight","Right Angle","01","Driver Rider","2: MI","No Control","","",1325476.76,1667666.66,"13254771667667"
"2014-2850-27/05/2021","2 Metropolitan","LINDEN PARK","5065","CITY OF BURNSIDE",2,0,0,0,0,2014,"February","Monday","02:30 pm","060","Divided Road","Straight road","Level","Not Applicable","Sealed","Dry","Not Raining","Daylight","Side Swipe","02","Driver Rider","1: PDO","No Control","","",1332321.37,1668949.35,"13323211668949"
"2014-2851-27/05/2021","2 Metropolitan","BEULAH PARK","5067","CITY OF BURNSIDE",2,1,0,0,1,2014,"February","Monday","04:30 pm","050","Cross Road","Straight road","Level","Not Applicable","Sealed","Dry","Not Raining","Daylight","Right Angle","01","Driver Rider","2: MI","Roundabout","","",1332842.83,1671439.46,"13328431671439"
"2014-2852-27/05/2021","2 Metropolitan","GULFVIEW HEIGHTS","5096","CITY OF SALISBURY",2,2,0,0,2,2014,"February","Monday","10:10 am","060","T-Junction","Straight road","Level","Not Applicable","Sealed","Dry","Not Raining","Daylight","Rear End","02","Driver Rider","2: MI","No Control","","",1334426.81,1684341.95,"13344271684342"
"2014-2853-27/05/2021","2 Metropolitan","COWANDILLA","5033","CITY OF WEST TORRENS",2,0,0,0,0,2014,"February","Monday","05:00 pm","050","Cross Road","Straight road","Level","Not Applicable","Sealed","Dry","Not Raining","Daylight","Right Angle","02","Driver Rider","1: PDO","Stop Sign","","",1324546.11,1669894.6,"13245461669895"
"2014-2854-27/05/2021","2 Metropolitan","TORRENS PARK","5062","CC MITCHAM.                   ",3,0,0,0,0,2014,"February","Tuesday","11:40 am","060","Not Divided","Straight road","Level","Not Applicable","Sealed","Dry","Not Raining","Daylight","Side Swipe","01","Driver Rider","1: PDO","No Control","","",1329166.63,1665206.23,"13291671665206"
"2014-2855-27/05/2021","2 Metropolitan","PARA HILLS WEST","5096","CITY OF SALISBURY",3,1,0,0,1,2014,"February","Monday","05:50 pm","060","Divided Road","Straight road","Level","Driveway or Entrance","Sealed","Dry","Not Raining","Daylight","Right Angle","01","Driver Rider","2: MI","No Control","","",1334103.86,1684530.21,"13341041684530"
"2014-2856-27/05/2021","2 Metropolitan","SOUTH BRIGHTON","5048","CITY OF HOLDFAST BAY",2,1,0,0,1,2014,"February","Monday","04:40 pm","060","T-Junction","Straight road","Level","Not Applicable","Sealed","Dry","Not Raining","Daylight","Side Swipe","02","Driver Rider","2: MI","No Control","","",1321949.33,1659351.69,"13219491659352"
"2014-2857-27/05/2021","1 City","ADELAIDE","5000","CITY OF ADELAIDE",2,1,0,0,1,2014,"February","Tuesday","06:25 am","050","Cross Road","Straight road","Level","Not Applicable","Sealed","Dry","Not Raining","Daylight","Rear End","02","Driver Rider","2: MI","Traffic Signals","","",1329504.64,1671008.79,"13295051671009"
"2014-2858-27/05/2021","3 Country","SANDY CREEK","5350","THE BAROSSA COUNCIL.",2,1,0,1,0,2014,"February","Monday","02:25 pm","090","Not Divided","Straight road","Level","Not Applicable","Sealed","Dry","Not Raining","Daylight","Head On","01","Driver Rider","3: SI","No Control","","",1349699.39,1705891.56,"13496991705892"
"2014-2859-27/05/2021","2 Metropolitan","ALDINGA","5173","CITY OF ONKAPARINGA",2,0,0,0,0,2014,"February","Tuesday","07:45 am","080","T-Junction","Straight road","Level","Not Applicable","Sealed","Dry","Not Raining","Daylight","Right Angle","01","Driver Rider","1: PDO","Stop Sign","","",1316061.41,1631986.32,"13160611631986"
"2014-2860-27/05/2021","2 Metropolitan","SEACLIFF","5049","CITY OF HOLDFAST BAY",2,1,0,0,1,2014,"February","Tuesday","08:15 am","050","Not Divided","Straight road","Level","Not Applicable","Sealed","Dry","Not Raining","Daylight","Hit Parked Vehicle","01","Driver Rider","2: MI","No Control","","",1320932.08,1659215.55,"13209321659216"
"2014-2861-27/05/2021","3 Country","CALTOWIE","5490","NORTHERN AREAS DISTRICT COUNCIL",2,0,0,0,0,2014,"February","Tuesday","07:30 am","110","T-Junction","Straight road","Crest of Hill","Not Applicable","Sealed","Dry","Not Raining","Daylight","Right Angle","01","Driver Rider","1: PDO","No Control","","",1329469.65,1861306.93,"13294701861307"
"2014-2862-27/05/2021","1 City","ADELAIDE","5000","CITY OF ADELAIDE",3,1,0,0,1,2014,"February","Monday","04:00 pm","050","Cross Road","Straight road","Level","Not Applicable","Sealed","Dry","Not Raining","Daylight","Rear End","01","Driver Rider","2: MI","Traffic Signals","","",1329038.86,1670203.05,"13290391670203"
"2014-2863-27/05/2021","3 Country","BERRI","5343","THE BERRI BARMERA COUNCIL",2,0,0,0,0,2014,"February","Tuesday","09:30 am","080","Not Divided","Straight road","Level","Driveway or Entrance","Sealed","Dry","Not Raining","Daylight","Side Swipe","02","Driver Rider","1: PDO","No Control","","",1513102.47,1734184.24,"15131021734184"
"2014-2864-27/05/2021","3 Country","STIRLING NORTH","5710","CC PT.AUGUSTA.                ",2,1,0,0,1,2014,"February","Monday","08:30 am","025","Not Divided","Straight road","Level","Not Applicable","Sealed","Dry","Not Raining","Daylight","Hit Pedestrian","02","Driver Rider","2: MI","No Control","","",1265823.34,1939796.16,"12658231939796"
"2014-2865-27/05/2021","3 Country","BURDETT","5253","RC MURRAY BRIDGE.             ",2,0,0,0,0,2014,"February","Tuesday","08:15 am","100","Not Divided","Straight road","Level","Not Applicable","Sealed","Dry","Not Raining","Daylight","Hit Fixed Object","01","Driver Rider","1: PDO","No Control","","",1396420.73,1651887.15,"13964211651887"
"2014-2866-27/05/2021","2 Metropolitan","WOODVILLE","5011","CITY OF CHARLES STURT",2,1,0,0,1,2014,"February","Tuesday","07:15 am","050","Not Divided","Straight road","Level","Not Applicable","Sealed","Dry","Not Raining","Daylight","Hit Fixed Object","01","Driver Rider","2: MI","No Control","","",1323374.63,1676579.46,"13233751676579"
"2014-2867-27/05/2021","2 Metropolitan","EASTWOOD","5063","CITY OF BURNSIDE",6,0,0,0,0,2014,"February","Tuesday","08:35 am","060","Divided Road","Straight road","Level","Not Applicable","Sealed","Dry","Not Raining","Daylight","Rear End","01","Driver Rider","1: PDO","No Control","","",1330532.57,1668999.24,"13305331668999"
"2014-2868-27/05/2021","2 Metropolitan","SURREY DOWNS","5126","CITY OF TEA TREE GULLY",2,2,0,1,1,2014,"February","Monday","09:05 am","060","T-Junction","Straight road","Slope","Not Applicable","Sealed","Dry","Not Raining","Daylight","Right Angle","02","Driver Rider","3: SI","No Control","","",1338383.45,1683578.82,"13383831683579"
"2014-2869-27/05/2021","2 Metropolitan","MITCHAM","5062","CC MITCHAM.                   ",3,1,0,1,0,2014,"February","Tuesday","08:18 am","050","T-Junction","CURVED, VIEW OPEN","Level","Not Applicable","Sealed","Dry","Not Raining","Daylight","Right Angle","01","Driver Rider","3: SI","Give Way Sign","","",1330150.97,1664912.83,"13301511664913"
"2014-2870-27/05/2021","2 Metropolitan","GILBERTON","5081","WALKERVILLE TOWN COUNCIL",2,2,0,0,2,2014,"February","Tuesday","09:15 am","060","Cross Road","Straight road","Level","Not Applicable","Sealed","Dry","Not Raining","Daylight","Right Turn","01","Driver Rider","2: MI","Traffic Signals","","",1329713.13,1672508.79,"13297131672509"
"2014-2871-27/05/2021","2 Metropolitan","HAMPSTEAD GARDENS","5086","CITY OF PORT ADELAIDE ENFIELD",2,1,0,0,1,2014,"February","Monday","10:20 am","060","Divided Road","Straight road","Level","Unknown","Sealed","Dry","Not Raining","Daylight","Rear End","02","Driver Rider","2: MI","No Control","","",1331401.45,1676584.71,"13314011676585"
"2014-2872-27/05/2021","2 Metropolitan","MILE END","5031","CITY OF WEST TORRENS",2,0,0,0,0,2014,"February","Monday","04:15 pm","060","T-Junction","Straight road","Level","Not Applicable","Sealed","Dry","Not Raining","Daylight","Rear End","02","Driver Rider","1: PDO","No Control","","",1325742.18,1671135.23,"13257421671135"
"2014-2873-27/05/2021","2 Metropolitan","WALKERVILLE","5081","WALKERVILLE TOWN COUNCIL",2,0,0,0,0,2014,"February","Monday","12:40 pm","060","T-Junction","Straight road","Level","Unknown","Sealed","Dry","Not Raining","Daylight","Right Angle","01","Driver Rider","1: PDO","No Control","","",1329853.28,1674679.67,"13298531674680"
"2014-2874-27/05/2021","2 Metropolitan","UNLEY","5061","CITY OF UNLEY",2,1,0,0,1,2014,"February","Tuesday","01:00 pm","060","Cross Road","Straight road","Level","Not Applicable","Sealed","Dry","Not Raining","Daylight","Rear End","02","Driver Rider","2: MI","Traffic Signals","","",1328494.76,1668964.98,"13284951668965"
"2014-2875-27/05/2021","2 Metropolitan","WALKERVILLE","5081","WALKERVILLE TOWN COUNCIL",2,0,0,0,0,2014,"February","Tuesday","09:00 am","050","Not Divided","Straight road","Slope","Not Applicable","Sealed","Dry","Not Raining","Daylight","Right Turn","01","Driver Rider","1: PDO","No Control","","",1329862.49,1674400.21,"13298621674400"
"2014-2876-27/05/2021","2 Metropolitan","BIRKENHEAD","5015","CITY OF PORT ADELAIDE ENFIELD",2,2,0,0,2,2014,"February","Tuesday","09:09 am","060","Cross Road","CURVED, VIEW OPEN","Level","Not Applicable","Sealed","Dry","Not Raining","Daylight","Right Turn","02","Driver Rider","2: MI","Traffic Signals","","",1319875.04,1680553.69,"13198751680554"
"2014-2877-27/05/2021","2 Metropolitan","MAGILL","5072","CC CAMPBELLTOWN.              ",2,0,0,0,0,2014,"February","Tuesday","01:30 pm","060","T-Junction","Straight road","Level","Not Applicable","Sealed","Dry","Not Raining","Daylight","Rear End","01","Driver Rider","1: PDO","No Control","","",1335466.55,1672482.53,"13354671672483"
"2014-2878-27/05/2021","2 Metropolitan","DRY CREEK","5094","CITY OF PORT ADELAIDE ENFIELD",2,0,0,0,0,2014,"February","Tuesday","09:45 am","070","T-Junction","CURVED, VIEW OBSCURED","Level","Not Applicable","Sealed","Dry","Not Raining","Daylight","Right Turn","01","Driver Rider","1: PDO","No Control","","",1328481.36,1680409.9,"13284811680410"
"2014-2879-27/05/2021","2 Metropolitan","HAPPY VALLEY","5159","CITY OF ONKAPARINGA",2,0,0,0,0,2014,"February","Tuesday","02:30 pm","080","Divided Road","Straight road","Slope","Not Applicable","Sealed","Dry","Not Raining","Daylight","Rear End","02","Driver Rider","1: PDO","No Control","","",1323079.18,1653651.72,"13230791653652"
"2014-2880-27/05/2021","2 Metropolitan","KLEMZIG","5087","CITY OF PORT ADELAIDE ENFIELD",2,1,0,0,1,2014,"February","Tuesday","07:47 am","060","Divided Road","Straight road","Level","Driveway or Entrance","Sealed","Dry","Not Raining","Daylight","Side Swipe","02","Driver Rider","2: MI","No Control","","",1331923.83,1676452.65,"13319241676453"
"2014-2881-27/05/2021","2 Metropolitan","SURREY DOWNS","5126","CITY OF TEA TREE GULLY",1,1,0,0,1,2014,"February","Tuesday","02:48 pm","060","Not Divided","Straight road","Level","Driveway or Entrance","Sealed","Dry","Not Raining","Daylight","Roll Over","01","Driver Rider","2: MI","No Control","","",1338623.61,1683584.36,"13386241683584"
"2014-2882-27/05/2021","2 Metropolitan","INGLE FARM","5098","CITY OF SALISBURY",2,0,0,0,0,2014,"February","Tuesday","03:50 pm","060","Not Divided","Straight road","Level","Not Applicable","Sealed","Dry","Not Raining","Daylight","Rear End","02","Driver Rider","1: PDO","No Control","","",1332656.3,1682549.36,"13326561682549"
"2014-2883-27/05/2021","2 Metropolitan","HACKNEY","5069","CC OF NORWOOD,PAYNEHAM & ST PETERS",2,0,0,0,0,2014,"February","Tuesday","03:50 pm","060","Not Divided","Straight road","Level","Not Applicable","Sealed","Dry","Not Raining","Daylight","Side Swipe","01","Driver Rider","1: PDO","No Control","","",1330180.7,1671473.52,"13301811671474"
"2014-2884-27/05/2021","2 Metropolitan","SALISBURY DOWNS","5108","CITY OF SALISBURY",2,0,0,0,0,2014,"February","Tuesday","03:30 pm","050","Not Divided","Straight road","Level","Not Applicable","Sealed","Dry","Not Raining","Daylight","Rear End","02","Driver Rider","1: PDO","No Control","","",1331175.96,1688427.49,"13311761688427"
"2014-2885-27/05/2021","2 Metropolitan","MAWSON LAKES","5095","CITY OF SALISBURY",2,0,0,0,0,2014,"February","Monday","07:00 pm","050","Not Divided","Straight road","Level","Not Applicable","Sealed","Dry","Not Raining","Night","Hit Parked Vehicle","02","Driver Rider","1: PDO","No Control","","",1330068.82,1683657.46,"13300691683657"
"2014-2886-27/05/2021","1 City","ADELAIDE","5000","CITY OF ADELAIDE",2,0,0,0,0,2014,"February","Tuesday","12:45 pm","050","Divided Road","Straight road","Level","Driveway or Entrance","Sealed","Dry","Not Raining","Daylight","Right Angle","01","Driver Rider","1: PDO","No Control","","",1329374.23,1671171.34,"13293741671171"
"2014-2887-27/05/2021","2 Metropolitan","BRIGHTON","5048","CITY OF HOLDFAST BAY",3,2,0,0,2,2014,"February","Tuesday","03:59 pm","060","Cross Road","Straight road","Level","Not Applicable","Sealed","Dry","Not Raining","Daylight","Rear End","01","Driver Rider","2: MI","Traffic Signals","","",1321148.27,1660553.89,"13211481660554"
"2014-2888-27/05/2021","2 Metropolitan","KESWICK","5035","CITY OF WEST TORRENS",4,0,0,0,0,2014,"February","Tuesday","02:40 pm","060","Divided Road","Straight road","Level","Not Applicable","Sealed","Dry","Not Raining","Daylight","Rear End","01","Driver Rider","1: PDO","No Control","","",1325854.28,1668949.31,"13258541668949"
"2014-2889-27/05/2021","2 Metropolitan","REGENCY PARK","5010","CITY OF PORT ADELAIDE ENFIELD",3,0,0,0,0,2014,"February","Tuesday","07:45 am","060","Cross Road","Straight road","Level","Not Applicable","Sealed","Dry","Not Raining","Daylight","Side Swipe","01","Driver Rider","1: PDO","Traffic Signals","","",1326061.04,1676365.88,"13260611676366"
"2014-2890-27/05/2021","2 Metropolitan","NORWOOD","5067","CC OF NORWOOD,PAYNEHAM & ST PETERS",2,1,0,0,1,2014,"February","Tuesday","04:00 pm","050","Cross Road","Straight road","Level","Not Applicable","Sealed","Dry","Not Raining","Daylight","Rear End","02","Driver Rider","2: MI","Give Way Sign","","",1331012.94,1671615.28,"13310131671615"
"2014-2891-27/05/2021","2 Metropolitan","PROSPECT","5082","CITY OF PROSPECT",3,1,0,0,1,2014,"February","Tuesday","04:45 pm","060","Not Divided","Straight road","Level","Not Applicable","Sealed","Dry","Not Raining","Daylight","Rear End","01","Driver Rider","2: MI","No Control","","",1327277.33,1674715.84,"13272771674716"
"2014-2892-27/05/2021","2 Metropolitan","VISTA","5091","CITY OF TEA TREE GULLY",2,0,0,0,0,2014,"February","Monday","04:50 pm","060","Not Divided","CURVED, VIEW OPEN","Bottom of Hill","Not Applicable","Sealed","Dry","Not Raining","Daylight","Hit Fixed Object","01","Driver Rider","1: PDO","No Control","","",1340217.35,1679763.54,"13402171679764"
"2014-2893-27/05/2021","2 Metropolitan","EDWARDSTOWN","5039","CC MARION.                    ",2,0,0,0,0,2014,"February","Tuesday","03:25 pm","050","Not Divided","Straight road","Level","Not Applicable","Sealed","Dry","Not Raining","Daylight","Hit Parked Vehicle","01","Driver Rider","1: PDO","No Control","","",1325724.32,1665595.67,"13257241665596"
"2014-2894-27/05/2021","2 Metropolitan","CHRISTIES BEACH","5165","CITY OF ONKAPARINGA",2,0,0,0,0,2014,"February","Tuesday","04:20 pm","060","T-Junction","Straight road","Slope","Not Applicable","Sealed","Dry","Not Raining","Daylight","Right Angle","01","Driver Rider","1: PDO","No Control","","",1317226.28,1647422.09,"13172261647422"
"2014-2895-27/05/2021","2 Metropolitan","MELROSE PARK","5039","CC MITCHAM.                   ",3,1,0,0,1,2014,"February","Tuesday","05:30 pm","060","Pedestrian Crossing","Straight road","Level","Not Applicable","Sealed","Dry","Not Raining","Daylight","Rear End","01","Driver Rider","2: MI","Traffic Signals","","",1325924.31,1664636.69,"13259241664637"
"2014-2896-27/05/2021","2 Metropolitan","NEWTON","5074","CC CAMPBELLTOWN.              ",3,0,0,0,0,2014,"February","Tuesday","05:30 pm","060","Not Divided","Straight road","Level","Not Applicable","Sealed","Dry","Not Raining","Daylight","Rear End","01","Driver Rider","1: PDO","No Control","","",1335406.93,1674635.82,"13354071674636"
"2014-2897-27/05/2021","2 Metropolitan","ENFIELD","5085","CITY OF PORT ADELAIDE ENFIELD",3,3,0,1,2,2014,"February","Monday","10:25 pm","050","Not Divided","Straight road","Slope","Not Applicable","Sealed","Dry","Not Raining","Night","Hit Fixed Object","01","Driver Rider","3: SI","No Control","","",1328990.19,1678609.28,"13289901678609"
"2014-2898-27/05/2021","1 City","ADELAIDE","5000","CITY OF ADELAIDE",2,0,0,0,0,2014,"February","Tuesday","05:00 pm","060","Divided Road","Straight road","Level","Not Applicable","Sealed","Dry","Not Raining","Daylight","Other","02","Other","1: PDO","No Control","","",1329663.3,1669147.1,"13296631669147"
"2014-2899-27/05/2021","3 Country","MONASH","5342","THE BERRI BARMERA COUNCIL",2,0,0,0,0,2014,"February","Tuesday","06:45 pm","110","Not Divided","Straight road","Level","Not Applicable","Sealed","Dry","Not Raining","Daylight","Rear End","02","Driver Rider","1: PDO","No Control","","",1516893.01,1738357.42,"15168931738357"
"2014-2900-27/05/2021","2 Metropolitan","O'HALLORAN HILL","5158","CITY OF ONKAPARINGA",3,1,0,0,1,2014,"February","Tuesday","03:30 pm","080","Divided Road","Straight road","Slope","Not Applicable","Sealed","Dry","Not Raining","Daylight","Rear End","02","Driver Rider","2: MI","No Control","","",1324373.02,1657156.58,"13243731657157"
"2014-2901-27/05/2021","2 Metropolitan","PROSPECT","5082","CITY OF PROSPECT",2,0,0,0,0,2014,"February","Tuesday","05:30 pm","060","T-Junction","Straight road","Slope","Not Applicable","Sealed","Dry","Not Raining","Daylight","Rear End","02","Driver Rider","1: PDO","No Control","","",1328402.78,1676430.21,"13284031676430"
"2014-2902-27/05/2021","1 City","ADELAIDE","5000","CITY OF ADELAIDE",3,1,0,0,1,2014,"February","Tuesday","09:45 pm","060","Divided Road","Straight road","Level","Driveway or Entrance","Sealed","Dry","Not Raining","Night","Rear End","01","Driver Rider","2: MI","No Control","","",1327402.15,1669734.04,"13274021669734"
"2014-2903-27/05/2021","2 Metropolitan","UNDERDALE","5032","CITY OF WEST TORRENS",2,0,0,0,0,2014,"February","Tuesday","06:00 am","060","T-Junction","Straight road","Level","Driveway or Entrance","Sealed","Dry","Not Raining","Night","Right Angle","01","Driver Rider","1: PDO","Traffic Signals","","",1323855.47,1670942.23,"13238551670942"
"2014-2904-27/05/2021","2 Metropolitan","BROOKLYN PARK","5032","CITY OF WEST TORRENS",2,0,0,0,0,2014,"February","Tuesday","10:15 pm","060","T-Junction","Straight road","Level","Not Applicable","Sealed","Dry","Not Raining","Night","Side Swipe","01","Driver Rider","1: PDO","No Control","","",1323794.21,1670930.34,"13237941670930"
"2014-2905-27/05/2021","2 Metropolitan","ROSTREVOR","5073","CC CAMPBELLTOWN.              ",1,1,0,0,1,2014,"February","Tuesday","11:45 pm","050","Not Divided","Straight road","Level","Not Applicable","Sealed","Dry","Not Raining","Night","Roll Over","01","Driver Rider","2: MI","No Control","","",1336004.46,1673886.57,"13360041673887"
"2014-2906-27/05/2021","2 Metropolitan","BRIGHTON","5048","CITY OF HOLDFAST BAY",3,1,0,0,1,2014,"February","Sunday","02:30 pm","060","T-Junction","Straight road","Level","Not Applicable","Sealed","Dry","Not Raining","Daylight","Rear End","01","Driver Rider","2: MI","No Control","","",1321144.3,1660692.91,"13211441660693"
"2014-2907-27/05/2021","2 Metropolitan","UNLEY","5061","CITY OF UNLEY",2,0,0,0,0,2014,"February","Wednesday","07:55 am","060","T-Junction","Straight road","Level","Not Applicable","Sealed","Dry","Not Raining","Daylight","Side Swipe","01","Driver Rider","1: PDO","No Control","","",1328785.57,1668956.37,"13287861668956"
"2014-2908-27/05/2021","2 Metropolitan","KENT TOWN","5067","CC OF NORWOOD,PAYNEHAM & ST PETERS",2,0,0,0,0,2014,"February","Wednesday","07:45 am","060","T-Junction","Straight road","Level","Not Applicable","Sealed","Dry","Not Raining","Daylight","Right Turn","02","Driver Rider","1: PDO","No Control","","",1330277.12,1671183.57,"13302771671184"