"REPORT_ID","Stats Area","Suburb","Postcode","LGA Name","Total Units","Total Cas","Total Fats","Total SI","Total MI","Year","Month","Day","Time","Area Speed","Position Type","Horizontal Align","Vertical Align","Other Feat","Road Surface","Moisture Cond","Weather Cond","DayNight","Crash Type","Unit Resp","Entity Code","CSEF Severity","Traffic Ctrls","DUI Involved","Drugs Involved","ACCLOC_X","ACCLOC_Y","UNIQUE_LOC"
"2014-5100-27/05/2021","2 Metropolitan","GLEN OSMOND","5064","CITY OF BURNSIDE",3,0,0,0,0,2014,"April","Tuesday","09:15 am","060","Divided Road","Straight road","Level","Not Applicable","Sealed","Dry","Not Raining","Daylight","Rear End","02","Driver Rider","1: PDO","No Control","","",1332377.4,1666953.88,"13323771666954"
"2014-5101-27/05/2021","2 Metropolitan","HAPPY VALLEY","5159","CITY OF ONKAPARINGA",2,0,0,0,0,2014,"April","Tuesday","06:30 am","080","Divided Road","CURVED, VIEW OPEN","Level","Not Applicable","Sealed","Dry","Not Raining","Night","Hit Animal","02","Other","1: PDO","No Control","","",1326434.94,1654557.42,"13264351654557"
"2014-5102-27/05/2021","2 Metropolitan","WOODVILLE NORTH","5012","CITY OF CHARLES STURT",2,0,0,0,0,2014,"April","Tuesday","01:30 pm","060","Cross Road","Straight road","Level","Not Applicable","Sealed","Dry","Not Raining","Daylight","Right Angle","02","Driver Rider","1: PDO","Give Way Sign","","",1323954.2,1677264.61,"13239541677265"
"2014-5103-27/05/2021","3 Country","STRATHALBYN","5255","ALEXANDRINA COUNCIL",2,1,0,0,1,2014,"April","Sunday","09:30 am","100","Not Divided","CURVED, VIEW OBSCURED","Level","Not Applicable","Sealed","Dry","Not Raining","Daylight","Hit Animal","02","Animal","2: MI","No Control","","",1349791.04,1632067.75,"13497911632068"
"2014-5104-27/05/2021","3 Country","NORTHERN HEIGHTS","5253","RC MURRAY BRIDGE.             ",2,1,0,1,0,2014,"April","Friday","09:30 pm","060","Not Divided","Straight road","Slope","Driveway or Entrance","Sealed","Dry","Not Raining","Night","Hit Pedestrian","01","Driver Rider","3: SI","No Control","","",1388026.4,1648070.22,"13880261648070"
"2014-5105-27/05/2021","2 Metropolitan","SOMERTON PARK","5044","CITY OF HOLDFAST BAY",2,1,0,0,1,2014,"April","Monday","04:30 pm","060","Cross Road","Straight road","Level","Not Applicable","Sealed","Dry","Not Raining","Daylight","Right Angle","02","Driver Rider","2: MI","No Control","","",1320871.16,1663047.12,"13208711663047"
"2014-5106-27/05/2021","3 Country","DELAMERE","5204","DC YANKALILLA.                ",2,0,0,0,0,2014,"April","Tuesday","11:30 am","100","Not Divided","CURVED, VIEW OPEN","Level","Not Applicable","Sealed","Dry","Not Raining","Daylight","Hit Fixed Object","01","Driver Rider","1: PDO","No Control","","",1290553.98,1598239.92,"12905541598240"
"2014-5107-27/05/2021","3 Country","YORKE VALLEY","5573","YORKE PENINSULA COUNCIL",2,1,0,0,1,2014,"April","Tuesday","11:50 am","100","Not Divided","Straight road","Level","Not Applicable","Sealed","Dry","Not Raining","Daylight","Rear End","02","Driver Rider","2: MI","No Control","","",1244266,1728223.2,"12442661728223"
"2014-5108-27/05/2021","1 City","ADELAIDE","5000","CITY OF ADELAIDE",1,1,0,0,1,2014,"April","Tuesday","02:45 pm","050","Divided Road","Straight road","Level","Not Applicable","Sealed","Dry","Not Raining","Daylight","Roll Over","01","Driver Rider","2: MI","No Control","","",1328382.72,1671129.87,"13283831671130"
"2014-5109-27/05/2021","2 Metropolitan","REGENCY PARK","5010","CITY OF PORT ADELAIDE ENFIELD",2,0,0,0,0,2014,"April","Monday","03:00 pm","060","Divided Road","Straight road","Level","Not Applicable","Sealed","Dry","Not Raining","Daylight","Rear End","02","Driver Rider","1: PDO","No Control","","",1326334.7,1676381.32,"13263351676381"
"2014-5110-27/05/2021","2 Metropolitan","GLENSIDE","5065","CITY OF BURNSIDE",2,1,0,0,1,2014,"April","Tuesday","02:35 pm","060","Cross Road","Straight road","Level","Not Applicable","Sealed","Dry","Not Raining","Daylight","Rear End","02","Driver Rider","2: MI","Traffic Signals","","",1330687.25,1668997.74,"13306871668998"
"2014-5111-27/05/2021","2 Metropolitan","NOARLUNGA CENTRE","5168","CITY OF ONKAPARINGA",3,0,0,0,0,2014,"April","Tuesday","03:15 pm","060","Divided Road","Straight road","Level","Not Applicable","Sealed","Dry","Not Raining","Daylight","Rear End","01","Driver Rider","1: PDO","No Control","","",1317368.26,1647178.8,"13173681647179"
"2014-5112-27/05/2021","2 Metropolitan","SALISBURY HEIGHTS","5109","CITY OF SALISBURY",2,1,0,0,1,2014,"April","Tuesday","04:05 pm","050","Pedestrian Crossing","CURVED, VIEW OPEN","Slope","Not Applicable","Sealed","Dry","Not Raining","Daylight","Hit Fixed Object","01","Driver Rider","2: MI","Traffic Signals","","",1336255.19,1688814.47,"13362551688814"
"2014-5113-27/05/2021","2 Metropolitan","STURT","5047","CITY OF ONKAPARINGA",2,0,0,0,0,2014,"April","Tuesday","04:20 pm","070","Not Divided","Straight road","Level","Not Applicable","Sealed","Dry","Not Raining","Daylight","Side Swipe","02","Driver Rider","1: PDO","No Control","","",1324417.47,1659679.4,"13244171659679"
"2014-5114-27/05/2021","2 Metropolitan","TORRENSVILLE","5031","CITY OF WEST TORRENS",2,0,0,0,0,2014,"April","Tuesday","03:30 pm","060","T-Junction","Straight road","Level","Not Applicable","Sealed","Dry","Not Raining","Daylight","Right Angle","02","Driver Rider","1: PDO","No Control","","",1324225.18,1670942.28,"13242251670942"
"2014-5115-27/05/2021","2 Metropolitan","SMITHFIELD","5114","CITY OF PLAYFORD.",2,0,0,0,0,2014,"April","Tuesday","05:00 pm","080","Divided Road","Straight road","Level","Not Applicable","Sealed","Dry","Not Raining","Daylight","Side Swipe","01","Driver Rider","1: PDO","No Control","","",1337666.85,1696750.98,"13376671696751"
"2014-5116-27/05/2021","2 Metropolitan","POORAKA","5095","CITY OF SALISBURY",2,0,0,0,0,2014,"April","Tuesday","04:50 pm","070","Divided Road","Straight road","Level","Not Applicable","Sealed","Dry","Not Raining","Daylight","Rear End","02","Driver Rider","1: PDO","No Control","","",1330553.86,1681929.54,"13305541681930"
"2014-5117-27/05/2021","2 Metropolitan","MARRYATVILLE","5068","CC OF NORWOOD,PAYNEHAM & ST PETERS",3,0,0,0,0,2014,"April","Tuesday","05:55 pm","060","Pedestrian Crossing","Straight road","Level","Not Applicable","Sealed","Dry","Not Raining","Night","Rear End","01","Driver Rider","1: PDO","Traffic Signals","","",1332281.48,1670229.01,"13322811670229"
"2014-5118-27/05/2021","2 Metropolitan","FULHAM GARDENS","5024","CITY OF CHARLES STURT",2,0,0,0,0,2014,"April","Tuesday","04:30 pm","060","Divided Road","Straight road","Level","Not Applicable","Sealed","Dry","Not Raining","Daylight","Rear End","01","Driver Rider","1: PDO","No Control","","",1320671.42,1672438.72,"13206711672439"
"2014-5119-27/05/2021","2 Metropolitan","SMITHFIELD","5114","CITY OF PLAYFORD.",2,2,0,0,2,2014,"April","Tuesday","04:15 pm","080","Divided Road","Straight road","Level","Not Applicable","Sealed","Dry","Not Raining","Daylight","Rear End","02","Driver Rider","2: MI","No Control","","",1337438.94,1696347.97,"13374391696348"
"2014-5120-27/05/2021","2 Metropolitan","PAYNEHAM","5070","CC OF NORWOOD,PAYNEHAM & ST PETERS",2,0,0,0,0,2014,"April","Tuesday","06:00 pm","060","Cross Road","Straight road","Level","Not Applicable","Sealed","Dry","Not Raining","Night","Right Turn","02","Driver Rider","1: PDO","Traffic Signals","","",1332162.99,1673774.81,"13321631673775"
"2014-5121-27/05/2021","2 Metropolitan","SALISBURY HEIGHTS","5109","CITY OF SALISBURY",2,0,0,0,0,2014,"April","Tuesday","04:35 pm","060","Divided Road","Straight road","Level","Not Applicable","Sealed","Dry","Not Raining","Daylight","Rear End","01","Driver Rider","1: PDO","No Control","","",1335915.51,1687883.21,"13359161687883"
"2014-5122-27/05/2021","2 Metropolitan","ELIZABETH PARK","5113","CITY OF PLAYFORD.",3,0,0,0,0,2014,"April","Tuesday","05:00 pm","080","Cross Road","Straight road","Level","Not Applicable","Sealed","Dry","Not Raining","Daylight","Rear End","01","Driver Rider","1: PDO","Traffic Signals","","",1336482.32,1694632.45,"13364821694632"
"2014-5123-27/05/2021","2 Metropolitan","ELIZABETH","5112","CITY OF PLAYFORD.",2,1,0,0,1,2014,"April","Tuesday","05:40 pm","050","Not Divided","Straight road","Level","Not Applicable","Sealed","Dry","Not Raining","Daylight","Right Angle","02","Driver Rider","2: MI","No Control","","",1336056.13,1693911.36,"13360561693911"
"2014-5124-27/05/2021","2 Metropolitan","HOVE","5048","CITY OF HOLDFAST BAY",3,0,0,0,0,2014,"April","Tuesday","06:15 pm","060","T-Junction","Straight road","Level","Not Applicable","Sealed","Dry","Not Raining","Night","Rear End","02","Driver Rider","1: PDO","No Control","","",1321134.6,1660962.87,"13211351660963"
"2014-5125-27/05/2021","2 Metropolitan","NORWOOD","5067","CC OF NORWOOD,PAYNEHAM & ST PETERS",2,0,0,0,0,2014,"April","Tuesday","05:30 pm","060","Cross Road","Straight road","Level","Not Applicable","Sealed","Dry","Not Raining","Daylight","Right Turn","02","Driver Rider","1: PDO","Stop Sign","","",1331050.76,1670373.67,"13310511670374"
"2014-5126-27/05/2021","2 Metropolitan","TORRENSVILLE","5031","CITY OF WEST TORRENS",2,0,0,0,0,2014,"April","Monday","04:30 pm","060","Divided Road","Straight road","Level","Driveway or Entrance","Sealed","Dry","Not Raining","Daylight","Right Angle","02","Driver Rider","1: PDO","Traffic Signals","","",1325017.96,1670962.04,"13250181670962"
"2014-5127-27/05/2021","3 Country","KOONUNGA","5373","LIGHT REGIONAL COUNCIL",2,0,0,0,0,2014,"April","Tuesday","06:00 pm","100","Not Divided","CURVED, VIEW OPEN","Crest of Hill","Not Applicable","Unsealed","Dry","Not Raining","Night","Roll Over","01","Driver Rider","1: PDO","No Control","","",1372084.89,1733463.41,"13720851733463"
"2014-5128-27/05/2021","2 Metropolitan","WESTBOURNE PARK","5041","CC MITCHAM.                   ",2,0,0,0,0,2014,"April","Tuesday","06:17 pm","060","Divided Road","Straight road","Level","Not Applicable","Sealed","Dry","Not Raining","Night","Side Swipe","02","Driver Rider","1: PDO","No Control","","",1327511.8,1666059.39,"13275121666059"
"2014-5129-27/05/2021","2 Metropolitan","BUGLE RANGES","5251","DC MT.BARKER.                 ",2,0,0,0,0,2014,"April","Tuesday","04:35 pm","080","Cross Road","CURVED, VIEW OPEN","Slope","Not Applicable","Sealed","Dry","Not Raining","Daylight","Right Turn","02","Driver Rider","1: PDO","Give Way Sign","","",1348842.46,1649281.12,"13488421649281"
"2014-5130-27/05/2021","1 City","ADELAIDE","5000","CITY OF ADELAIDE",2,1,0,0,1,2014,"April","Tuesday","06:30 pm","050","Cross Road","Straight road","Level","Not Applicable","Sealed","Dry","Not Raining","Night","Right Turn","01","Driver Rider","2: MI","Traffic Signals","","",1329033.88,1670373.94,"13290341670374"
"2014-5131-27/05/2021","2 Metropolitan","PROSPECT","5082","CITY OF PROSPECT",2,1,0,0,1,2014,"April","Tuesday","06:50 pm","060","Cross Road","Straight road","Level","Not Applicable","Sealed","Dry","Not Raining","Night","Right Turn","01","Driver Rider","2: MI","Traffic Signals","","",1328872.94,1676442.07,"13288731676442"
"2014-5132-27/05/2021","3 Country","KOOTABERRA","5713",,2,0,0,0,0,2014,"April","Tuesday","08:15 pm","110","Not Divided","Straight road","Level","Not Applicable","Sealed","Dry","Not Raining","Night","Head On","01","Driver Rider","1: PDO","No Control","","",1229642.28,1995032.23,"12296421995032"
"2014-5133-27/05/2021","2 Metropolitan","HAPPY VALLEY","5159","CITY OF ONKAPARINGA",1,1,0,0,1,2014,"April","Monday","05:55 pm","050","T-Junction","Straight road","Crest of Hill","Not Applicable","Sealed","Dry","Not Raining","Night","Roll Over","01","Driver Rider","2: MI","No Control","","",1327498.99,1653003.23,"13274991653003"
"2014-5134-27/05/2021","2 Metropolitan","NAILSWORTH","5083","CITY OF PROSPECT",2,1,0,0,1,2014,"April","Tuesday","09:35 pm","060","Pedestrian Crossing","Straight road","Level","Not Applicable","Sealed","Dry","Not Raining","Night","Rear End","02","Driver Rider","2: MI","Traffic Signals","","",1328903.55,1674955.78,"13289041674956"
"2014-5135-27/05/2021","3 Country","GURRA GURRA","5343","DC RENMARK PARINGA            ",2,0,0,0,0,2014,"April","Tuesday","10:45 pm","110","Not Divided","Straight road","Level","Not Applicable","Sealed","Dry","Not Raining","Night","Hit Animal","02","Animal","1: PDO","No Control","","",1514936.5,1732080.54,"15149371732081"
"2014-5136-27/05/2021","2 Metropolitan","BURNSIDE","5066","CITY OF BURNSIDE",2,0,0,0,0,2014,"April","Tuesday","11:50 pm","080","Not Divided","CURVED, VIEW OBSCURED","Slope","Not Applicable","Sealed","Dry","Not Raining","Night","Hit Fixed Object","01","Driver Rider","1: PDO","No Control","","",1334871.96,1668216.98,"13348721668217"
"2014-5137-27/05/2021","3 Country","CLAYTON BAY","5256","ALEXANDRINA COUNCIL",2,1,0,0,1,2014,"April","Wednesday","02:00 am","100","Not Divided","Straight road","Level","Not Applicable","Sealed","Dry","Not Raining","Night","Hit Animal","02","Animal","2: MI","No Control","","",1357274.15,1607826.37,"13572741607826"
"2014-5138-27/05/2021","3 Country","NULLARBOR","5690",,1,0,0,0,0,2014,"February","Saturday","02:00 pm","110","Not Divided","Straight road","Level","Not Applicable","Sealed","Dry","Not Raining","Daylight","Roll Over","01","Driver Rider","1: PDO","No Control","","",459052.56,2024877.11,"04590532024877"
"2014-5139-27/05/2021","2 Metropolitan","CAVAN","5094","CITY OF SALISBURY",3,1,0,0,1,2014,"April","Wednesday","07:50 am","070","Cross Road","Straight road","Level","Not Applicable","Sealed","Dry","Not Raining","Daylight","Rear End","02","Driver Rider","2: MI","Traffic Signals","","",1328738.31,1681559.52,"13287381681560"
"2014-5140-27/05/2021","3 Country","SOLOMONTOWN","5540","PT.PIRIE CITY & DIST. COUNCIL ",2,0,0,0,0,2014,"April","Tuesday","03:15 pm","050","Cross Road","Straight road","Level","Not Applicable","Sealed","Dry","Not Raining","Daylight","Right Angle","01","Driver Rider","1: PDO","Roundabout","","",1281103.47,1864995.61,"12811031864996"
"2014-5141-27/05/2021","2 Metropolitan","NORTHFIELD","5085","CITY OF PORT ADELAIDE ENFIELD",2,0,0,0,0,2014,"April","Tuesday","05:15 pm","050","Cross Road","CURVED, VIEW OPEN","Level","Not Applicable","Sealed","Dry","Not Raining","Daylight","Right Angle","02","Driver Rider","1: PDO","Roundabout","","",1330863.43,1678420.48,"13308631678420"
"2014-5142-27/05/2021","2 Metropolitan","BEULAH PARK","5067","CITY OF BURNSIDE",2,0,0,0,0,2014,"April","Tuesday","09:00 am","050","Not Divided","Straight road","Level","Driveway or Entrance","Sealed","Dry","Not Raining","Daylight","Right Angle","01","Driver Rider","1: PDO","No Control","","",1332341.52,1671332.64,"13323421671333"
"2014-5143-27/05/2021","2 Metropolitan","THEBARTON","5031","CITY OF WEST TORRENS",2,1,0,0,1,2014,"April","Wednesday","08:00 am","060","Divided Road","Straight road","Level","Not Applicable","Sealed","Dry","Not Raining","Daylight","Rear End","02","Driver Rider","2: MI","No Control","","",1326523.09,1672186.81,"13265231672187"
"2014-5144-27/05/2021","2 Metropolitan","URRBRAE","5064","CC MITCHAM.                   ",2,2,0,0,2,2014,"April","Tuesday","12:29 pm","060","Cross Road","Straight road","Bottom of Hill","Not Applicable","Sealed","Dry","Not Raining","Daylight","Rear End","02","Driver Rider","2: MI","Traffic Signals","","Y",1332373.16,1666370.92,"13323731666371"
"2014-5145-27/05/2021","2 Metropolitan","WAYVILLE","5034","CITY OF UNLEY",2,1,0,0,1,2014,"April","Wednesday","07:15 am","060","Cross Road","Straight road","Level","Not Applicable","Sealed","Dry","Not Raining","Daylight","Right Angle","02","Driver Rider","2: MI","Traffic Signals","","",1327425.52,1668934.69,"13274261668935"
"2014-5146-27/05/2021","2 Metropolitan","SALISBURY PLAIN","5109","CITY OF SALISBURY",2,1,0,0,1,2014,"April","Tuesday","10:00 pm","080","T-Junction","Straight road","Level","Not Applicable","Sealed","Dry","Not Raining","Night","Right Angle","02","Driver Rider","2: MI","No Control","","",1334926.53,1687460.5,"13349271687461"
"2014-5147-27/05/2021","2 Metropolitan","PROSPECT","5082","CITY OF PROSPECT",2,1,0,0,1,2014,"April","Tuesday","02:05 pm","050","T-Junction","Straight road","Level","Not Applicable","Sealed","Dry","Not Raining","Daylight","Hit Parked Vehicle","01","Driver Rider","2: MI","No Control","","",1328079.17,1675528.65,"13280791675529"
"2014-5148-27/05/2021","2 Metropolitan","MOUNT BARKER","5251","DC MT.BARKER.                 ",3,0,0,0,0,2014,"April","Wednesday","11:00 am","060","T-Junction","Straight road","Slope","Not Applicable","Sealed","Dry","Not Raining","Daylight","Rear End","01","Driver Rider","1: PDO","No Control","","",1351053.46,1654771.29,"13510531654771"
"2014-5149-27/05/2021","2 Metropolitan","SMITHFIELD","5114","CITY OF PLAYFORD.",2,1,0,0,1,2014,"April","Wednesday","07:14 am","050","Not Divided","Straight road","Level","Driveway or Entrance","Sealed","Dry","Not Raining","Daylight","Hit Pedestrian","01","Driver Rider","2: MI","No Control","","",1337477.87,1697415.31,"13374781697415"
"2014-5150-27/05/2021","2 Metropolitan","SEAFORD","5169","CITY OF ONKAPARINGA",2,1,0,0,1,2014,"April","Tuesday","04:20 pm","050","T-Junction","Straight road","Level","Not Applicable","Sealed","Dry","Not Raining","Daylight","Side Swipe","02","Driver Rider","2: MI","Roundabout","","",1315569.55,1642750.6,"13155701642751"
"2014-5151-27/05/2021","2 Metropolitan","CRAFERS WEST","5152","THE ADELAIDE HILLS COUNCIL",2,0,0,0,0,2014,"April","Wednesday","12:15 pm","100","Freeway","Straight road","Slope","Not Applicable","Sealed","Dry","Not Raining","Daylight","Hit Fixed Object","01","Driver Rider","1: PDO","No Control","","",1337419.42,1662574.93,"13374191662575"
"2014-5152-27/05/2021","2 Metropolitan","FREWVILLE","5063","CITY OF BURNSIDE",2,0,0,0,0,2014,"April","Wednesday","11:30 am","050","Not Divided","Straight road","Level","Driveway or Entrance","Sealed","Dry","Not Raining","Daylight","Hit Fixed Object","01","Driver Rider","1: PDO","No Control","","",1331337.21,1668107.05,"13313371668107"
"2014-5153-27/05/2021","2 Metropolitan","WYNN VALE","5127","CITY OF TEA TREE GULLY",2,0,0,0,0,2014,"April","Wednesday","12:54 pm","060","Divided Road","Straight road","Level","Not Applicable","Sealed","Dry","Not Raining","Daylight","Rear End","02","Driver Rider","1: PDO","No Control","","",1338665.78,1684294.41,"13386661684294"
"2014-5154-27/05/2021","2 Metropolitan","BEVERLEY","5009","CITY OF CHARLES STURT",3,0,0,0,0,2014,"April","Wednesday","12:20 pm","050","Cross Road","Straight road","Level","Not Applicable","Sealed","Dry","Not Raining","Daylight","Right Angle","02","Driver Rider","1: PDO","Stop Sign","","",1323721.85,1674674.76,"13237221674675"
"2014-5155-27/05/2021","2 Metropolitan","BALHANNAH","5242","THE ADELAIDE HILLS COUNCIL",4,0,0,0,0,2014,"April","Wednesday","01:35 pm","060","Not Divided","Straight road","Slope","Driveway or Entrance","Sealed","Dry","Not Raining","Daylight","Hit Fixed Object","01","Driver Rider","1: PDO","No Control","","",1348494.32,1662433.25,"13484941662433"
"2014-5156-27/05/2021","2 Metropolitan","THEBARTON","5031","CITY OF WEST TORRENS",2,2,0,0,2,2014,"April","Tuesday","04:00 pm","060","Divided Road","Straight road","Level","Not Applicable","Sealed","Dry","Not Raining","Daylight","Rear End","02","Driver Rider","2: MI","No Control","","",1326585.41,1671568.93,"13265851671569"
"2014-5157-27/05/2021","2 Metropolitan","GAWLER SOUTH","5118","CT GAWLER.                    ",2,1,0,0,1,2014,"April","Wednesday","03:45 pm","050","Pedestrian Crossing","Straight road","Level","Not Applicable","Sealed","Dry","Not Raining","Daylight","Side Swipe","01","Driver Rider","2: MI","Traffic Signals","","",1342990.22,1705670.72,"13429901705671"
"2014-5158-27/05/2021","2 Metropolitan","CROYDON PARK","5008","CITY OF PORT ADELAIDE ENFIELD",2,0,0,0,0,2014,"April","Tuesday","04:30 pm","050","Cross Road","Straight road","Level","Not Applicable","Sealed","Dry","Not Raining","Daylight","Right Angle","02","Driver Rider","1: PDO","Give Way Sign","","",1326172.89,1676050.62,"13261731676051"
"2014-5159-27/05/2021","2 Metropolitan","CROYDON PARK","5008","CITY OF PORT ADELAIDE ENFIELD",2,0,0,0,0,2014,"April","Wednesday","02:50 pm","060","Cross Road","Straight road","Level","Not Applicable","Sealed","Dry","Not Raining","Daylight","Right Angle","01","Driver Rider","1: PDO","Give Way Sign","","",1326070.99,1675942.62,"13260711675943"
"2014-5160-27/05/2021","2 Metropolitan","WATERLOO CORNER","5110","CITY OF SALISBURY",2,0,0,0,0,2014,"April","Wednesday","04:35 pm","090","T-Junction","Straight road","Level","Not Applicable","Sealed","Dry","Not Raining","Daylight","Rear End","01","Driver Rider","1: PDO","Traffic Signals","","",1327645.93,1692118.06,"13276461692118"
"2014-5161-27/05/2021","2 Metropolitan","WOODVILLE PARK","5011","CITY OF CHARLES STURT",2,1,0,0,1,2014,"April","Tuesday","08:00 pm","060","T-Junction","Straight road","Level","Not Applicable","Sealed","Dry","Not Raining","Night","Side Swipe","01","Driver Rider","2: MI","No Control","","",1323470.28,1675261.95,"13234701675262"
"2014-5162-27/05/2021","1 City","ADELAIDE","5000","CITY OF ADELAIDE",2,0,0,0,0,2014,"April","Wednesday","05:00 pm","050","Cross Road","Straight road","Level","Not Applicable","Sealed","Dry","Not Raining","Daylight","Side Swipe","02","Driver Rider","1: PDO","Traffic Signals","","",1327977.68,1670811.6,"13279781670812"
"2014-5163-27/05/2021","3 Country","MONARTO SOUTH","5254","RC MURRAY BRIDGE.             ",2,1,0,0,1,2014,"April","Wednesday","03:00 pm","100","Not Divided","Straight road","Slope","Not Applicable","Sealed","Dry","Not Raining","Daylight","Hit Fixed Object","01","Driver Rider","2: MI","No Control","","",1379555.31,1644599,"13795551644599"
"2014-5164-27/05/2021","3 Country","GOOLWA BEACH","5214","ALEXANDRINA COUNCIL",2,1,0,0,1,2014,"April","Wednesday","05:54 pm","050","Cross Road","Straight road","Level","Unknown","Sealed","Dry","Not Raining","Night","Right Angle","01","Driver Rider","2: MI","Roundabout","","",1342360.88,1605994.64,"13423611605995"
"2014-5165-27/05/2021","2 Metropolitan","KILBURN","5084","CITY OF PORT ADELAIDE ENFIELD",2,0,0,0,0,2014,"April","Wednesday","04:30 pm","060","T-Junction","Straight road","Level","Not Applicable","Sealed","Dry","Not Raining","Daylight","Right Angle","01","Driver Rider","1: PDO","Give Way Sign","","",1327180.84,1678813.88,"13271811678814"
"2014-5166-27/05/2021","1 City","ADELAIDE","5000","CITY OF ADELAIDE",2,1,0,0,1,2014,"April","Wednesday","05:44 pm","050","Divided Road","Straight road","Level","Not Applicable","Sealed","Dry","Not Raining","Daylight","Hit Pedestrian","02","Pedestrian","2: MI","No Control","","",1328455.92,1671009.76,"13284561671010"
"2014-5167-27/05/2021","2 Metropolitan","REYNELLA","5161","CITY OF ONKAPARINGA",4,0,0,0,0,2014,"April","Wednesday","03:56 pm","060","Divided Road","Straight road","Slope","Not Applicable","Sealed","Dry","Not Raining","Daylight","Rear End","01","Driver Rider","1: PDO","No Control","","",1321361.01,1651187.39,"13213611651187"
"2014-5168-27/05/2021","2 Metropolitan","O'HALLORAN HILL","5158","CITY OF ONKAPARINGA",2,0,0,0,0,2014,"April","Wednesday","01:00 pm","060","T-Junction","Straight road","Level","Not Applicable","Sealed","Dry","Not Raining","Daylight","Right Angle","01","Driver Rider","1: PDO","No Control","","",1323779.01,1654245.31,"13237791654245"
"2014-5169-27/05/2021","2 Metropolitan","ST MORRIS","5068","CC OF NORWOOD,PAYNEHAM & ST PETERS",2,0,0,0,0,2014,"April","Wednesday","11:30 am","060","Cross Road","Straight road","Level","Not Applicable","Sealed","Dry","Not Raining","Daylight","Side Swipe","02","Driver Rider","1: PDO","Traffic Signals","","",1333859.33,1671805.1,"13338591671805"
"2014-5170-27/05/2021","2 Metropolitan","THEBARTON","5031","CITY OF WEST TORRENS",3,0,0,0,0,2014,"April","Wednesday","05:40 pm","060","T-Junction","Straight road","Level","Not Applicable","Sealed","Dry","Not Raining","Daylight","Rear End","01","Driver Rider","1: PDO","No Control","","",1325614.7,1671551.42,"13256151671551"
"2014-5171-27/05/2021","2 Metropolitan","OVINGHAM","5082","CITY OF PROSPECT",2,0,0,0,0,2014,"April","Wednesday","03:40 pm","060","Cross Road","Straight road","Level","Not Applicable","Sealed","Dry","Not Raining","Daylight","Rear End","02","Driver Rider","1: PDO","Traffic Signals","","",1327262,1673837.29,"13272621673837"
"2014-5172-27/05/2021","2 Metropolitan","HOPE VALLEY","5090","CITY OF TEA TREE GULLY",4,1,0,0,1,2014,"April","Wednesday","06:30 pm","060","Not Divided","Straight road","Level","Not Applicable","Sealed","Dry","Not Raining","Night","Rear End","01","Driver Rider","2: MI","No Control","","",1337381.59,1678285.74,"13373821678286"
"2014-5173-27/05/2021","2 Metropolitan","MYRTLE BANK","5064","CITY OF UNLEY",2,0,0,0,0,2014,"April","Wednesday","06:40 pm","060","Divided Road","Straight road","Level","Not Applicable","Sealed","Dry","Not Raining","Night","Rear End","01","Driver Rider","1: PDO","No Control","","",1330750.19,1666831.1,"13307501666831"
"2014-5174-27/05/2021","2 Metropolitan","WOODCROFT","5162","CITY OF ONKAPARINGA",2,1,0,0,1,2014,"April","Wednesday","05:18 pm","050","Not Divided","CURVED, VIEW OBSCURED","Crest of Hill","Not Applicable","Sealed","Dry","Not Raining","Daylight","Hit Pedestrian","02","Pedestrian","2: MI","No Control","","",1324207.01,1651679.03,"13242071651679"
"2014-5175-27/05/2021","2 Metropolitan","WEST BEACH","5024","CITY OF WEST TORRENS",2,0,0,0,0,2014,"April","Wednesday","05:30 pm","060","Divided Road","CURVED, VIEW OPEN","Level","Not Applicable","Sealed","Dry","Not Raining","Daylight","Rear End","01","Driver Rider","1: PDO","No Control","","",1320564.31,1667220.38,"13205641667220"
"2014-5176-27/05/2021","2 Metropolitan","BROOKLYN PARK","5032","CITY OF WEST TORRENS",3,0,0,0,0,2014,"April","Wednesday","07:40 pm","050","Not Divided","Straight road","Level","Not Applicable","Sealed","Dry","Not Raining","Night","Hit Parked Vehicle","01","Driver Rider","1: PDO","No Control","","",1323917.77,1669852.99,"13239181669853"
"2014-5177-27/05/2021","2 Metropolitan","PORT ADELAIDE","5015","CITY OF PORT ADELAIDE ENFIELD",2,0,0,0,0,2014,"April","Wednesday","07:55 pm","060","Cross Road","Straight road","Level","Not Applicable","Sealed","Dry","Not Raining","Night","Right Angle","01","Driver Rider","1: PDO","Traffic Signals","","",1320480.87,1679082.5,"13204811679083"
"2014-5178-27/05/2021","3 Country","TRURO","5356","MID MURRAY DISTRICT COUNCIL",2,1,0,1,0,2014,"April","Wednesday","06:07 pm","050","T-Junction","CURVED, VIEW OBSCURED","Slope","Not Applicable","Sealed","Dry","Not Raining","Night","Right Angle","01","Driver Rider","3: SI","Give Way Sign","","",1378383.95,1726338.64,"13783841726339"
"2014-5179-27/05/2021","2 Metropolitan","FINDON","5023","CITY OF CHARLES STURT",2,1,0,1,0,2014,"April","Thursday","01:43 am","050","Not Divided","Straight road","Level","Not Applicable","Sealed","Dry","Not Raining","Night","Side Swipe","02","Driver Rider","3: SI","No Control","","",1322834.19,1673435.36,"13228341673435"
"2014-5180-27/05/2021","2 Metropolitan","FULHAM GARDENS","5024","CITY OF CHARLES STURT",2,0,0,0,0,2014,"April","Thursday","06:45 am","060","Cross Road","Straight road","Level","Not Applicable","Sealed","Dry","Not Raining","Daylight","Right Turn","02","Driver Rider","1: PDO","Traffic Signals","","",1320660.26,1672376.02,"13206601672376"