"REPORT_ID","Stats Area","Suburb","Postcode","LGA Name","Total Units","Total Cas","Total Fats","Total SI","Total MI","Year","Month","Day","Time","Area Speed","Position Type","Horizontal Align","Vertical Align","Other Feat","Road Surface","Moisture Cond","Weather Cond","DayNight","Crash Type","Unit Resp","Entity Code","CSEF Severity","Traffic Ctrls","DUI Involved","Drugs Involved","ACCLOC_X","ACCLOC_Y","UNIQUE_LOC"
"2014-6812-27/05/2021","2 Metropolitan","UNLEY","5061","CITY OF UNLEY",2,0,0,0,0,2014,"May","Saturday","10:45 am","060","Divided Road","Straight road","Level","Not Applicable","Sealed","Dry","Not Raining","Daylight","Side Swipe","02","Passenger","1: PDO","No Control","","",1328938.27,1668977.89,"13289381668978"
"2014-6813-27/05/2021","2 Metropolitan","HILLIER","5116","CT GAWLER.                    ",3,1,0,0,1,2014,"May","Saturday","08:45 am","080","Cross Road","CURVED, VIEW OPEN","Level","Not Applicable","Sealed","Dry","Not Raining","Daylight","Hit Fixed Object","01","Driver Rider","2: MI","Stop Sign","","",1336900.28,1702626.19,"13369001702626"
"2014-6814-27/05/2021","2 Metropolitan","HILLIER","5116","CT GAWLER.                    ",2,0,0,0,0,2014,"May","Saturday","08:30 am","080","T-Junction","Straight road","Level","Bridge, Culvert, Causeway","Sealed","Dry","Not Raining","Daylight","Hit Fixed Object","01","Driver Rider","1: PDO","No Control","","",1340870.33,1704194.53,"13408701704195"
"2014-6815-27/05/2021","2 Metropolitan","CAREY GULLY","5144","THE ADELAIDE HILLS COUNCIL",2,1,0,0,1,2014,"May","Saturday","08:20 am","080","Not Divided","Straight road","Slope","Not Applicable","Sealed","Dry","Not Raining","Daylight","Hit Animal","02","Animal","2: MI","No Control","","",1343540.55,1665924.98,"13435411665925"
"2014-6816-27/05/2021","2 Metropolitan","STIRLING","5152","THE ADELAIDE HILLS COUNCIL",2,2,0,0,2,2014,"May","Saturday","09:45 am","060","T-Junction","CURVED, VIEW OPEN","Slope","Not Applicable","Sealed","Dry","Not Raining","Daylight","Side Swipe","01","Driver Rider","2: MI","No Control","","",1337136.95,1660130.33,"13371371660130"
"2014-6817-27/05/2021","3 Country","MOUNT COMPASS","5210","ALEXANDRINA COUNCIL",2,0,0,0,0,2014,"May","Saturday","12:15 pm","060","Not Divided","Straight road","Slope","Driveway or Entrance","Sealed","Dry","Not Raining","Daylight","Right Turn","02","Driver Rider","1: PDO","No Control","","",1328855.51,1623900,"13288561623900"
"2014-6818-27/05/2021","2 Metropolitan","ST MARYS","5042","CC MITCHAM.                   ",2,0,0,0,0,2014,"May","Thursday","03:20 pm","070","Cross Road","Straight road","Level","Not Applicable","Sealed","Dry","Not Raining","Daylight","Rear End","02","Driver Rider","1: PDO","Traffic Signals","","",1326004.51,1661277.67,"13260051661278"
"2014-6819-27/05/2021","2 Metropolitan","THEBARTON","5031","CITY OF WEST TORRENS",2,0,0,0,0,2014,"May","Saturday","12:45 pm","050","T-Junction","Straight road","Level","Not Applicable","Sealed","Dry","Not Raining","Daylight","Rear End","02","Driver Rider","1: PDO","Traffic Signals","","",1326511.33,1672105.66,"13265111672106"
"2014-6820-27/05/2021","3 Country","MOUNT GAMBIER","5290","CC MT.GAMBIER.                ",2,0,0,0,0,2014,"May","Saturday","11:50 am","060","Cross Road","Straight road","Level","Not Applicable","Sealed","Dry","Not Raining","Daylight","Right Angle","01","Driver Rider","1: PDO","Give Way Sign","","",1510823.28,1341793.03,"15108231341793"
"2014-6821-27/05/2021","2 Metropolitan","PROSPECT","5082","CITY OF PROSPECT",3,0,0,0,0,2014,"May","Friday","06:10 pm","050","Cross Road","Straight road","Level","Not Applicable","Sealed","Dry","Not Raining","Night","Rear End","01","Driver Rider","1: PDO","Stop Sign","","",1328103.84,1674433.28,"13281041674433"
"2014-6822-27/05/2021","2 Metropolitan","HEATHFIELD","5153","THE ADELAIDE HILLS COUNCIL",2,0,0,0,0,2014,"May","Friday","07:30 pm","080","Not Divided","Straight road","Slope","Not Applicable","Sealed","Dry","Not Raining","Night","Hit Fixed Object","01","Driver Rider","1: PDO","No Control","Y","",1340086.39,1657985.19,"13400861657985"
"2014-6823-27/05/2021","2 Metropolitan","INGLEWOOD","5133","THE ADELAIDE HILLS COUNCIL",2,0,0,0,0,2014,"May","Saturday","03:00 pm","080","T-Junction","Straight road","Slope","Not Applicable","Sealed","Dry","Not Raining","Daylight","Hit Fixed Object","01","Driver Rider","1: PDO","No Control","","",1345554.63,1681384.07,"13455551681384"
"2014-6824-27/05/2021","2 Metropolitan","COWANDILLA","5033","CITY OF WEST TORRENS",2,1,0,0,1,2014,"May","Saturday","05:26 pm","060","T-Junction","Straight road","Level","Not Applicable","Sealed","Dry","Not Raining","Night","Right Angle","01","Driver Rider","2: MI","No Control","","",1324136.61,1670365.05,"13241371670365"
"2014-6825-27/05/2021","2 Metropolitan","CLELAND","5152","THE ADELAIDE HILLS COUNCIL",2,0,0,0,0,2014,"May","Saturday","10:05 pm","060","Not Divided","CURVED, VIEW OBSCURED","Slope","Not Applicable","Sealed","Dry","Not Raining","Night","Hit Fixed Object","01","Driver Rider","1: PDO","No Control","","",1338295.62,1664689.63,"13382961664690"
"2014-6826-27/05/2021","3 Country","MORGAN","5320","MID MURRAY DISTRICT COUNCIL",1,1,0,1,0,2014,"May","Saturday","08:00 pm","100","Not Divided","Straight road","Level","Not Applicable","Unsealed","Dry","Not Raining","Night","Roll Over","01","Driver Rider","3: SI","No Control","","",1425671.79,1747067.2,"14256721747067"
"2014-6827-27/05/2021","2 Metropolitan","HACKNEY","5069","CC OF NORWOOD,PAYNEHAM & ST PETERS",3,1,0,0,1,2014,"May","Sunday","04:18 am","060","Cross Road","Straight road","Level","Not Applicable","Sealed","Dry","Not Raining","Night","Rear End","01","Driver Rider","2: MI","Traffic Signals","Y","",1329902.14,1671311.39,"13299021671311"
"2014-6828-27/05/2021","2 Metropolitan","HUNTFIELD HEIGHTS","5163","CITY OF ONKAPARINGA",2,0,0,0,0,2014,"May","Saturday","11:20 pm","060","T-Junction","Straight road","Slope","Not Applicable","Sealed","Dry","Not Raining","Night","Right Turn","01","Driver Rider","1: PDO","Traffic Signals","","",1320864.95,1646550.7,"13208651646551"
"2014-6829-27/05/2021","2 Metropolitan","ROYAL PARK","5014","CITY OF CHARLES STURT",2,1,0,0,1,2014,"May","Sunday","06:25 am","060","Cross Road","Straight road","Level","Not Applicable","Sealed","Dry","Not Raining","Night","Right Angle","02","Driver Rider","2: MI","Give Way Sign","","",1320289.22,1678014.19,"13202891678014"
"2014-6830-27/05/2021","3 Country","PORT LINCOLN","5606","CC PT.LINCOLN.                ",2,0,0,0,0,2014,"May","Sunday","09:50 am","060","Cross Road","Straight road","Crest of Hill","Not Applicable","Sealed","Dry","Not Raining","Daylight","Right Angle","01","Driver Rider","1: PDO","Stop Sign","","",1077833.51,1698380.77,"10778341698381"
"2014-6831-27/05/2021","2 Metropolitan","MASLIN BEACH","5170","CITY OF ONKAPARINGA",2,1,0,0,1,2014,"May","Sunday","08:30 am","080","Cross Road","Straight road","Bottom of Hill","Not Applicable","Sealed","Dry","Not Raining","Daylight","Right Angle","02","Driver Rider","2: MI","Stop Sign","","",1316480.47,1638128.35,"13164801638128"
"2014-6832-27/05/2021","2 Metropolitan","SEACOMBE GARDENS","5047","CC MARION.                    ",3,1,0,0,1,2014,"May","Sunday","09:15 am","050","Not Divided","Straight road","Slope","Driveway or Entrance","Sealed","Dry","Not Raining","Daylight","Hit Pedestrian","01","Driver Rider","2: MI","No Control","","",1322965.94,1660068.33,"13229661660068"
"2014-6833-27/05/2021","1 City","ADELAIDE","5000","CITY OF ADELAIDE",3,0,0,0,0,2014,"May","Sunday","10:30 am","060","T-Junction","Straight road","Level","Not Applicable","Sealed","Dry","Not Raining","Daylight","Side Swipe","01","Driver Rider","1: PDO","Traffic Signals","","",1327359.49,1670486.3,"13273591670486"
"2014-6834-27/05/2021","2 Metropolitan","SEMAPHORE PARK","5019","CITY OF CHARLES STURT",2,0,0,0,0,2014,"May","Sunday","12:10 pm","060","T-Junction","Straight road","Level","Not Applicable","Sealed","Dry","Not Raining","Daylight","Side Swipe","02","Driver Rider","1: PDO","Give Way Sign","","",1318596.19,1679248.55,"13185961679249"
"2014-6835-27/05/2021","2 Metropolitan","ATHOL PARK","5012","CITY OF CHARLES STURT",2,1,0,1,0,2014,"May","Saturday","06:30 pm","050","Not Divided","Straight road","Level","Driveway or Entrance","Sealed","Dry","Not Raining","Night","Hit Pedestrian","02","Driver Rider","3: SI","No Control","","",1323811.39,1678610.34,"13238111678610"
"2014-6836-27/05/2021","3 Country","KORUNYE","5502","DC MALLALA.                   ",2,1,0,0,1,2014,"May","Sunday","01:29 pm","110","Divided Road","Straight road","Level","Not Applicable","Sealed","Dry","Not Raining","Daylight","Rear End","02","Driver Rider","2: MI","No Control","","",1318088.4,1711309.05,"13180881711309"
"2014-6837-27/05/2021","2 Metropolitan","CUMBERLAND PARK","5041","CC MITCHAM.                   ",2,0,0,0,0,2014,"May","Sunday","06:30 am","050","Cross Road","Straight road","Level","Not Applicable","Sealed","Dry","Not Raining","Night","Right Turn","01","Driver Rider","1: PDO","Traffic Signals","","",1326683.82,1666179.98,"13266841666180"
"2014-6838-27/05/2021","1 City","ADELAIDE","5000","CITY OF ADELAIDE",2,1,0,0,1,2014,"May","Sunday","02:30 pm","050","Not Divided","Straight road","Level","Not Applicable","Sealed","Dry","Not Raining","Daylight","Rear End","02","Driver Rider","2: MI","No Control","","",1328651.52,1671614.76,"13286521671615"
"2014-6839-27/05/2021","2 Metropolitan","ECHUNGA","5153","DC MT.BARKER.                 ",1,0,0,0,0,2014,"May","Sunday","02:05 pm","080","Not Divided","CURVED, VIEW OPEN","Level","Not Applicable","Sealed","Dry","Not Raining","Daylight","Roll Over","01","Driver Rider","1: PDO","No Control","","",1347904.61,1651298.33,"13479051651298"
"2014-6840-27/05/2021","2 Metropolitan","TORRENSVILLE","5031","CITY OF WEST TORRENS",2,0,0,0,0,2014,"May","Wednesday","07:00 pm","050","Not Divided","Straight road","Level","Not Applicable","Sealed","Dry","Not Raining","Night","Hit Animal","02","Animal","1: PDO","No Control","","",1324386.84,1671615.97,"13243871671616"
"2014-6841-27/05/2021","3 Country","PINNAROO","5304","SOUTHERN MALLEE DISTRICT COUNCIL",1,0,0,0,0,2014,"May","Friday","04:00 pm","110","Not Divided","Straight road","Level","Not Applicable","Sealed","Dry","Not Raining","Daylight","Roll Over","01","Driver Rider","1: PDO","No Control","","",1539256.52,1629223.82,"15392571629224"
"2014-6842-27/05/2021","2 Metropolitan","SHEIDOW PARK","5158","CC MARION.                    ",2,0,0,0,0,2014,"May","Sunday","05:00 pm","080","Cross Road","Straight road","Level","Not Applicable","Sealed","Dry","Not Raining","Daylight","Rear End","02","Driver Rider","1: PDO","Traffic Signals","","",1320343.3,1653904.34,"13203431653904"
"2014-6843-27/05/2021","2 Metropolitan","GOLDEN GROVE","5125","CITY OF TEA TREE GULLY",2,0,0,0,0,2014,"May","Sunday","04:20 pm","060","Divided Road","CURVED, VIEW OPEN","Level","Driveway or Entrance","Sealed","Dry","Not Raining","Daylight","Right Angle","01","Driver Rider","1: PDO","No Control","","",1337734.64,1685506.89,"13377351685507"
"2014-6844-27/05/2021","2 Metropolitan","VIRGINIA","5120","CITY OF PLAYFORD.",2,0,0,0,0,2014,"May","Sunday","06:45 pm","110","Freeway","Straight road","Level","Not Applicable","Sealed","Dry","Not Raining","Night","Hit Object on Road","01","Driver Rider","1: PDO","No Control","","",1327706.25,1696290.01,"13277061696290"
"2014-6845-27/05/2021","2 Metropolitan","WOODVILLE PARK","5011","CITY OF CHARLES STURT",2,0,0,0,0,2014,"May","Sunday","07:10 pm","060","T-Junction","Straight road","Level","Not Applicable","Sealed","Dry","Not Raining","Night","Right Angle","01","Driver Rider","1: PDO","No Control","","",1323166.37,1675455.08,"13231661675455"
"2014-6846-27/05/2021","2 Metropolitan","EASTWOOD","5063","CITY OF BURNSIDE",2,1,0,1,0,2014,"May","Sunday","05:00 pm","060","T-Junction","Straight road","Level","Not Applicable","Sealed","Dry","Not Raining","Daylight","Right Angle","01","Driver Rider","3: SI","No Control","","",1330696.83,1668482.81,"13306971668483"
"2014-6847-27/05/2021","3 Country","MOUNT BRYAN","5418","REGIONAL COUNCIL OF GOYDER",1,1,0,0,1,2014,"May","Sunday","03:50 pm","110","Not Divided","CURVED, VIEW OPEN","Level","Not Applicable","Sealed","Dry","Not Raining","Daylight","Left Road - Out of Control","01","Driver Rider","2: MI","No Control","","",1360538.33,1815204.77,"13605381815205"
"2014-6848-27/05/2021","2 Metropolitan","MODBURY","5092","CITY OF TEA TREE GULLY",3,0,0,0,0,2014,"May","Friday","03:10 pm","060","Cross Road","CURVED, VIEW OBSCURED","Level","Not Applicable","Sealed","Dry","Not Raining","Daylight","Side Swipe","02","Driver Rider","1: PDO","Roundabout","","",1336881.64,1680619.77,"13368821680620"
"2014-6849-27/05/2021","2 Metropolitan","STURT","5047","CC MARION.                    ",2,1,0,0,1,2014,"May","Wednesday","04:20 pm","070","Divided Road","Straight road","Level","Not Applicable","Sealed","Dry","Not Raining","Daylight","Hit Pedestrian","01","Driver Rider","2: MI","No Control","","",1324428.72,1660369.13,"13244291660369"
"2014-6850-27/05/2021","2 Metropolitan","WALKLEY HEIGHTS","5098","CITY OF SALISBURY",2,2,0,0,2,2014,"May","Saturday","06:45 pm","060","T-Junction","Straight road","Level","Not Applicable","Sealed","Dry","Not Raining","Night","Right Turn","01","Driver Rider","2: MI","Traffic Signals","","",1331258.29,1680682.96,"13312581680683"
"2014-6851-27/05/2021","2 Metropolitan","VALLEY VIEW","5093","CITY OF SALISBURY",2,0,0,0,0,2014,"May","Saturday","10:00 pm","050","T-Junction","Straight road","Level","Not Applicable","Sealed","Dry","Not Raining","Night","Hit Fixed Object","01","Driver Rider","1: PDO","No Control","","",1334420.08,1680382.86,"13344201680383"
"2014-6852-27/05/2021","2 Metropolitan","WOODVILLE PARK","5011","CITY OF CHARLES STURT",2,0,0,0,0,2014,"May","Sunday","10:40 pm","050","T-Junction","Straight road","Level","Not Applicable","Sealed","Dry","Not Raining","Night","Hit Fixed Object","01","Driver Rider","1: PDO","No Control","","",1323902.27,1675734.61,"13239021675735"
"2014-6853-27/05/2021","2 Metropolitan","NORTH HAVEN","5018","CITY OF PORT ADELAIDE ENFIELD",2,0,0,0,0,2014,"May","Monday","03:20 am","060","Not Divided","CURVED, VIEW OPEN","Level","Not Applicable","Sealed","Wet","Raining","Night","Hit Fixed Object","01","Driver Rider","1: PDO","No Control","","",1318920.97,1686715.15,"13189211686715"
"2014-6854-27/05/2021","3 Country","MURRAY BRIDGE","5253","RC MURRAY BRIDGE.             ",2,0,0,0,0,2014,"May","Monday","06:11 am","050","T-Junction","Straight road","Level","Not Applicable","Sealed","Dry","Not Raining","Night","Right Angle","02","Driver Rider","1: PDO","No Control","","",1388326.13,1647585.13,"13883261647585"
"2014-6855-27/05/2021","2 Metropolitan","HUNTFIELD HEIGHTS","5163","CITY OF ONKAPARINGA",2,2,0,0,2,2014,"May","Monday","05:45 am","080","Divided Road","CURVED, VIEW OBSCURED","Level","Not Applicable","Sealed","Wet","Raining","Night","Hit Fixed Object","01","Driver Rider","2: MI","No Control","","",1320201.02,1644961.35,"13202011644961"
"2014-6856-27/05/2021","2 Metropolitan","MANSFIELD PARK","5012","CITY OF PORT ADELAIDE ENFIELD",2,0,0,0,0,2014,"May","Monday","06:00 am","060","Divided Road","Straight road","Level","Not Applicable","Sealed","Wet","Not Raining","Night","Hit Parked Vehicle","01","Driver Rider","1: PDO","No Control","","",1323920.07,1678910.89,"13239201678911"
"2014-6857-27/05/2021","2 Metropolitan","QUEENSTOWN","5014","CITY OF PORT ADELAIDE ENFIELD",2,0,0,0,0,2014,"May","Monday","06:35 am","060","T-Junction","Straight road","Level","Not Applicable","Sealed","Wet","Raining","Night","Right Angle","02","Driver Rider","1: PDO","No Control","","",1320813.09,1678248.63,"13208131678249"
"2014-6858-27/05/2021","2 Metropolitan","GAWLER","5118","CT GAWLER.                    ",2,0,0,0,0,2014,"May","Monday","08:25 am","050","Not Divided","Straight road","Level","Not Applicable","Sealed","Dry","Not Raining","Daylight","Side Swipe","01","Driver Rider","1: PDO","No Control","","",1343362.22,1706247.26,"13433621706247"
"2014-6859-27/05/2021","2 Metropolitan","SEACLIFF PARK","5049","CITY OF HOLDFAST BAY",2,0,0,0,0,2014,"May","Tuesday","10:00 am","050","T-Junction","Straight road","Level","Not Applicable","Sealed","Dry","Not Raining","Daylight","Right Angle","02","Driver Rider","1: PDO","No Control","","",1321312.34,1658741.45,"13213121658741"
"2014-6860-27/05/2021","3 Country","SPALDING","5454","NORTHERN AREAS DISTRICT COUNCIL",2,1,0,0,1,2014,"May","Friday","02:30 pm","100","Not Divided","CURVED, VIEW OBSCURED","Crest of Hill","Not Applicable","Unsealed","Dry","Not Raining","Daylight","Head On","02","Driver Rider","2: MI","No Control","","",1330641.15,1836718.62,"13306411836719"
"2014-6861-27/05/2021","2 Metropolitan","ENFIELD","5085","CITY OF PORT ADELAIDE ENFIELD",2,1,0,0,1,2014,"May","Sunday","11:00 am","060","Divided Road","Straight road","Slope","Not Applicable","Sealed","Dry","Not Raining","Daylight","Side Swipe","02","Driver Rider","2: MI","No Control","","",1328834.91,1677665.11,"13288351677665"
"2014-6862-27/05/2021","2 Metropolitan","ROSTREVOR","5073","CC CAMPBELLTOWN.              ",2,0,0,0,0,2014,"May","Monday","09:45 am","060","T-Junction","Straight road","Level","Not Applicable","Sealed","Dry","Not Raining","Daylight","Right Turn","02","Driver Rider","1: PDO","No Control","","",1335452.92,1672990.69,"13354531672991"
"2014-6863-27/05/2021","2 Metropolitan","CLARENDON","5157","CITY OF ONKAPARINGA",2,0,0,0,0,2014,"May","Monday","08:55 am","080","Not Divided","CURVED, VIEW OPEN","Slope","Not Applicable","Sealed","Wet","Raining","Daylight","Hit Fixed Object","01","Driver Rider","1: PDO","No Control","","",1331225.1,1649134.5,"13312251649135"
"2014-6864-27/05/2021","2 Metropolitan","MANNINGHAM","5086","CITY OF PORT ADELAIDE ENFIELD",2,0,0,0,0,2014,"May","Monday","07:40 am","060","Divided Road","Straight road","Level","Not Applicable","Sealed","Wet","Not Raining","Daylight","Rear End","01","Driver Rider","1: PDO","No Control","","",1330439.72,1676486.88,"13304401676487"
"2014-6865-27/05/2021","2 Metropolitan","FINDON","5023","CITY OF CHARLES STURT",2,2,0,0,2,2014,"May","Monday","12:35 pm","060","T-Junction","Straight road","Level","Not Applicable","Sealed","Dry","Not Raining","Daylight","Right Angle","02","Driver Rider","2: MI","No Control","","",1322661.2,1674029.68,"13226611674030"
"2014-6866-27/05/2021","2 Metropolitan","KINGSWOOD","5062","CITY OF UNLEY",2,0,0,0,0,2014,"May","Monday","10:15 am","060","Divided Road","Straight road","Level","Not Applicable","Sealed","Dry","Not Raining","Daylight","Rear End","02","Driver Rider","1: PDO","No Control","","",1329900.7,1666269.41,"13299011666269"
"2014-6867-27/05/2021","2 Metropolitan","CLEARVIEW","5085","CITY OF PORT ADELAIDE ENFIELD",3,1,0,0,1,2014,"May","Sunday","01:55 pm","060","Divided Road","Straight road","Level","Not Applicable","Sealed","Dry","Not Raining","Daylight","Rear End","02","Driver Rider","2: MI","No Control","","",1330163.25,1679315.44,"13301631679315"
"2014-6868-27/05/2021","3 Country","MURRAY BRIDGE","5253","RC MURRAY BRIDGE.             ",2,0,0,0,0,2014,"May","Monday","10:30 am","060","Cross Road","Straight road","Level","Not Applicable","Sealed","Dry","Not Raining","Daylight","Right Turn","02","Driver Rider","1: PDO","Traffic Signals","","",1387585.6,1646250.66,"13875861646251"
"2014-6869-27/05/2021","2 Metropolitan","ASCOT PARK","5043","CC MARION.                    ",2,1,0,0,1,2014,"May","Monday","12:35 pm","060","Pedestrian Crossing","Straight road","Level","Not Applicable","Sealed","Dry","Not Raining","Daylight","Rear End","02","Driver Rider","2: MI","Traffic Signals","","",1324446.33,1663279.05,"13244461663279"
"2014-6870-27/05/2021","2 Metropolitan","WINGFIELD","5013","CITY OF PORT ADELAIDE ENFIELD",2,0,0,0,0,2014,"May","Monday","09:30 am","060","Not Divided","Straight road","Level","Not Applicable","Unsealed","Dry","Not Raining","Daylight","Side Swipe","02","Driver Rider","1: PDO","No Control","","",1325268.58,1680209.95,"13252691680210"
"2014-6871-27/05/2021","3 Country","KARATTA","5223","KANGAROO ISLAND COUNCIL",2,1,0,0,1,2014,"May","Sunday","12:45 pm","100","Not Divided","Straight road","Level","Not Applicable","Unsealed","Dry","Not Raining","Daylight","Other","09","Other","2: MI","No Control","","",1167077.93,1554469.34,"11670781554469"
"2014-6872-27/05/2021","2 Metropolitan","CRAFERS WEST","5152","THE ADELAIDE HILLS COUNCIL",2,0,0,0,0,2014,"May","Saturday","11:15 pm","050","Not Divided","CURVED, VIEW OBSCURED","Slope","Not Applicable","Sealed","Dry","Not Raining","Night","Hit Fixed Object","01","Driver Rider","1: PDO","No Control","Y","",1336234.69,1663457.24,"13362351663457"
"2014-6873-27/05/2021","3 Country","NURIOOTPA","5355","THE BAROSSA COUNCIL.",2,1,0,1,0,2014,"May","Monday","11:00 am","110","T-Junction","Straight road","Level","Not Applicable","Sealed","Dry","Not Raining","Daylight","Rear End","02","Driver Rider","3: SI","Give Way Sign","","Y",1365221.54,1720890.56,"13652221720891"
"2014-6874-27/05/2021","2 Metropolitan","LOBETHAL","5241","THE ADELAIDE HILLS COUNCIL",1,0,0,0,0,2014,"May","Sunday","05:50 pm","100","Not Divided","CURVED, VIEW OBSCURED","Crest of Hill","Not Applicable","Unsealed","Dry","Not Raining","Night","Roll Over","01","Driver Rider","1: PDO","No Control","","",1350623.83,1672652.11,"13506241672652"
"2014-6875-27/05/2021","3 Country","GLOSSOP","5344","THE BERRI BARMERA COUNCIL",2,0,0,0,0,2014,"May","Sunday","02:00 am","090","Not Divided","Straight road","Level","Not Applicable","Sealed","Dry","Not Raining","Night","Hit Animal","02","Animal","1: PDO","No Control","","",1512214.37,1734346.32,"15122141734346"
"2014-6876-27/05/2021","2 Metropolitan","NORWOOD","5067","CC OF NORWOOD,PAYNEHAM & ST PETERS",2,0,0,0,0,2014,"May","Monday","04:00 pm","050","Cross Road","Straight road","Level","Not Applicable","Sealed","Dry","Not Raining","Daylight","Right Angle","02","Driver Rider","1: PDO","Stop Sign","","",1332053.13,1671082.87,"13320531671083"
"2014-6877-27/05/2021","2 Metropolitan","EDINBURGH","5111","CITY OF SALISBURY",2,0,0,0,0,2014,"May","Monday","04:10 pm","080","Cross Road","Straight road","Level","Not Applicable","Sealed","Dry","Not Raining","Daylight","Rear End","01","Driver Rider","1: PDO","Roundabout","","",1332506.81,1691943.52,"13325071691944"
"2014-6878-27/05/2021","2 Metropolitan","MUNNO PARA","5115","CITY OF PLAYFORD.",3,0,0,0,0,2014,"May","Monday","04:00 pm","060","Divided Road","Straight road","Level","Not Applicable","Sealed","Dry","Not Raining","Daylight","Rear End","02","Driver Rider","1: PDO","No Control","","",1336594.78,1698586.33,"13365951698586"
"2014-6879-27/05/2021","2 Metropolitan","BROOKLYN PARK","5032","CITY OF WEST TORRENS",2,0,0,0,0,2014,"May","Monday","07:25 am","060","T-Junction","Straight road","Level","Not Applicable","Sealed","Wet","Not Raining","Daylight","Side Swipe","02","Driver Rider","1: PDO","No Control","","",1324141.55,1669861.03,"13241421669861"
"2014-6880-27/05/2021","3 Country","WHYALLA STUART","5608","CC WHYALLA.                   ",2,0,0,0,0,2014,"May","Monday","03:45 pm","060","Cross Road","Straight road","Level","Not Applicable","Sealed","Dry","Not Raining","Daylight","Hit Fixed Object","01","Driver Rider","1: PDO","Roundabout","","",1235918.46,1883690.19,"12359181883690"
"2014-6881-27/05/2021","2 Metropolitan","NORTH PLYMPTON","5037","CITY OF WEST TORRENS",2,0,0,0,0,2014,"May","Monday","01:00 pm","050","Not Divided","Straight road","Level","Driveway or Entrance","Sealed","Dry","Not Raining","Daylight","Hit Parked Vehicle","02","Driver Rider","1: PDO","No Control","","",1322755.5,1667216.42,"13227561667216"
"2014-6882-27/05/2021","2 Metropolitan","MAYLANDS","5069","CC OF NORWOOD,PAYNEHAM & ST PETERS",2,1,0,0,1,2014,"May","Monday","08:20 am","060","Cross Road","Straight road","Level","Not Applicable","Sealed","Wet","Not Raining","Daylight","Rear End","02","Driver Rider","2: MI","Traffic Signals","","",1332238.21,1671761.6,"13322381671762"
"2014-6883-27/05/2021","2 Metropolitan","CLARENDON","5157","CITY OF ONKAPARINGA",2,0,0,0,0,2014,"May","Monday","09:15 am","080","Not Divided","CURVED, VIEW OBSCURED","Slope","Not Applicable","Sealed","Wet","Not Raining","Daylight","Rear End","01","Driver Rider","1: PDO","No Control","","",1331265.99,1649114.22,"13312661649114"
"2014-6884-27/05/2021","3 Country","MONARTO SOUTH","5254","RC MURRAY BRIDGE.             ",2,3,0,2,1,2014,"May","Monday","04:05 pm","110","Freeway","Straight road","Level","Not Applicable","Sealed","Dry","Not Raining","Daylight","Hit Fixed Object","01","Driver Rider","3: SI","No Control","","",1373949.95,1646400.57,"13739501646401"
"2014-6885-27/05/2021","2 Metropolitan","SALISBURY DOWNS","5108","CITY OF SALISBURY",2,0,0,0,0,2014,"May","Monday","04:30 pm","060","Cross Road","Straight road","Level","Not Applicable","Sealed","Dry","Not Raining","Daylight","Right Angle","01","Driver Rider","1: PDO","Roundabout","","",1330533.89,1687541.31,"13305341687541"
"2014-6886-27/05/2021","2 Metropolitan","STIRLING","5152","THE ADELAIDE HILLS COUNCIL",2,0,0,0,0,2014,"May","Monday","05:20 pm","060","Freeway","Straight road","Level","Not Applicable","Sealed","Wet","Raining","Night","Rear End","02","Driver Rider","1: PDO","No Control","","",1338546.51,1662027.82,"13385471662028"
"2014-6887-27/05/2021","2 Metropolitan","CRAIGMORE","5114","CITY OF PLAYFORD.",2,1,0,0,1,2014,"May","Monday","06:00 pm","060","T-Junction","Straight road","Level","Not Applicable","Sealed","Wet","Raining","Night","Right Turn","01","Driver Rider","2: MI","No Control","","Y",1338863.13,1695325.39,"13388631695325"
"2014-6888-27/05/2021","2 Metropolitan","CLARENCE GARDENS","5039","CC MITCHAM.                   ",3,0,0,0,0,2014,"May","Monday","06:00 pm","060","Divided Road","Straight road","Level","Not Applicable","Sealed","Wet","Raining","Night","Rear End","01","Driver Rider","1: PDO","No Control","","",1325896.15,1665683.83,"13258961665684"
"2014-6889-27/05/2021","2 Metropolitan","KIDMAN PARK","5025","CITY OF CHARLES STURT",2,0,0,0,0,2014,"May","Monday","06:45 pm","060","T-Junction","Straight road","Level","Not Applicable","Sealed","Wet","Raining","Night","Rear End","02","Driver Rider","1: PDO","Traffic Signals","","",1322537.88,1672228.09,"13225381672228"
"2014-6890-27/05/2021","2 Metropolitan","SOUTH PLYMPTON","5038","CC MARION.                    ",3,0,0,0,0,2014,"May","Monday","06:30 pm","060","Cross Road","Straight road","Level","Not Applicable","Sealed","Wet","Raining","Night","Rear End","02","Driver Rider","1: PDO","Traffic Signals","","",1324280.88,1665110.12,"13242811665110"
"2014-6891-27/05/2021","2 Metropolitan","MUNNO PARA","5115","CITY OF PLAYFORD.",2,0,0,0,0,2014,"May","Monday","05:45 pm","060","Not Divided","Straight road","Level","Not Applicable","Sealed","Wet","Raining","Night","Rear End","02","Driver Rider","1: PDO","No Control","","",1338171.4,1697747.01,"13381711697747"
"2014-6892-27/05/2021","1 City","ADELAIDE","5000","CITY OF ADELAIDE",2,0,0,0,0,2014,"May","Monday","06:00 pm","060","Divided Road","Straight road","Level","Not Applicable","Sealed","Wet","Raining","Night","Rear End","01","Driver Rider","1: PDO","No Control","","",1327371.05,1670103.24,"13273711670103"
"2014-6893-27/05/2021","2 Metropolitan","HAPPY VALLEY","5159","CITY OF ONKAPARINGA",2,1,0,0,1,2014,"May","Monday","06:00 pm","060","Cross Road","Straight road","Level","Roadworks","Sealed","Wet","Raining","Night","Right Angle","02","Driver Rider","2: MI","Traffic Signals","","",1323022.38,1653415.82,"13230221653416"