"REPORT_ID","Stats Area","Suburb","Postcode","LGA Name","Total Units","Total Cas","Total Fats","Total SI","Total MI","Year","Month","Day","Time","Area Speed","Position Type","Horizontal Align","Vertical Align","Other Feat","Road Surface","Moisture Cond","Weather Cond","DayNight","Crash Type","Unit Resp","Entity Code","CSEF Severity","Traffic Ctrls","DUI Involved","Drugs Involved","ACCLOC_X","ACCLOC_Y","UNIQUE_LOC"
"2014-7384-27/05/2021","2 Metropolitan","KLEMZIG","5087","CITY OF PORT ADELAIDE ENFIELD",2,0,0,0,0,2014,"June","Thursday","04:00 pm","060","T-Junction","Straight road","Level","Not Applicable","Sealed","Dry","Not Raining","Daylight","Rear End","01","Driver Rider","1: PDO","Traffic Signals","","",1331881.33,1675724.54,"13318811675725"
"2014-7385-27/05/2021","2 Metropolitan","ST GEORGES","5064","CITY OF BURNSIDE",2,0,0,0,0,2014,"June","Friday","02:55 pm","060","T-Junction","Straight road","Level","Not Applicable","Sealed","Dry","Not Raining","Daylight","Right Angle","02","Driver Rider","1: PDO","No Control","","",1332557.71,1667647.52,"13325581667648"
"2014-7386-27/05/2021","3 Country","MURRAY BRIDGE","5253","RC MURRAY BRIDGE.             ",2,0,0,0,0,2014,"June","Wednesday","02:45 pm","050","Not Divided","Straight road","Level","Not Applicable","Sealed","Dry","Not Raining","Daylight","Side Swipe","02","Driver Rider","1: PDO","No Control","","",1389269.25,1646897.31,"13892691646897"
"2014-7387-27/05/2021","2 Metropolitan","COROMANDEL VALLEY","5051","CITY OF ONKAPARINGA",2,0,0,0,0,2014,"June","Friday","08:30 am","050","Not Divided","Straight road","Level","Driveway or Entrance","Sealed","Dry","Not Raining","Daylight","Right Angle","02","Driver Rider","1: PDO","No Control","","",1329844.32,1657260.33,"13298441657260"
"2014-7388-27/05/2021","1 City","ADELAIDE","5000","CITY OF ADELAIDE",2,0,0,0,0,2014,"June","Friday","05:20 pm","050","Cross Road","Straight road","Level","Not Applicable","Sealed","Dry","Not Raining","Night","Right Turn","01","Driver Rider","1: PDO","Traffic Signals","","",1329593.2,1669909.56,"13295931669910"
"2014-7389-27/05/2021","2 Metropolitan","STURT","5047","CC MARION.                    ",2,0,0,0,0,2014,"June","Friday","04:00 pm","060","Divided Road","Straight road","Level","Not Applicable","Sealed","Dry","Not Raining","Daylight","Hit Parked Vehicle","02","Driver Rider","1: PDO","No Control","","",1323764.45,1659947.93,"13237641659948"
"2014-7390-27/05/2021","2 Metropolitan","GOLDEN GROVE","5125","CITY OF TEA TREE GULLY",2,1,0,0,1,2014,"June","Friday","07:20 pm","060","Cross Road","Straight road","Slope","Not Applicable","Sealed","Dry","Not Raining","Night","Rear End","01","Driver Rider","2: MI","Traffic Signals","","",1337901.34,1685363.62,"13379011685364"
"2014-7391-27/05/2021","2 Metropolitan","BLACKWOOD","5051","CC MITCHAM.                   ",2,0,0,0,0,2014,"June","Friday","05:54 pm","050","Multiple","Straight road","Crest of Hill","Road hump or Slow point","Sealed","Dry","Not Raining","Night","Right Angle","01","Driver Rider","1: PDO","Roundabout","","",1329678.48,1660052.36,"13296781660052"
"2014-7392-27/05/2021","1 City","ADELAIDE","5000","CITY OF ADELAIDE",2,1,0,1,0,2014,"June","Friday","07:00 pm","060","Cross Road","Straight road","Level","Not Applicable","Sealed","Dry","Not Raining","Night","Side Swipe","02","Driver Rider","3: SI","Give Way Sign","","",1327395.92,1670003.03,"13273961670003"
"2014-7393-27/05/2021","2 Metropolitan","PARALOWIE","5108","CITY OF SALISBURY",2,0,0,0,0,2014,"June","Friday","06:15 pm","050","Not Divided","Straight road","Level","Not Applicable","Sealed","Dry","Not Raining","Night","Rear End","02","Driver Rider","1: PDO","No Control","","",1330377.09,1689149.66,"13303771689150"
"2014-7394-27/05/2021","2 Metropolitan","REGENCY PARK","5010","CITY OF PORT ADELAIDE ENFIELD",3,1,0,0,1,2014,"June","Friday","02:40 pm","060","Cross Road","Straight road","Level","Not Applicable","Sealed","Dry","Not Raining","Daylight","Rear End","01","Driver Rider","2: MI","Traffic Signals","","",1326061.02,1676376.98,"13260611676377"
"2014-7395-27/05/2021","2 Metropolitan","MAWSON LAKES","5095","CITY OF SALISBURY",4,2,0,0,2,2014,"June","Friday","05:20 pm","080","Divided Road","Straight road","Level","Not Applicable","Sealed","Dry","Not Raining","Night","Rear End","01","Driver Rider","2: MI","No Control","","",1328674.57,1683137.15,"13286751683137"
"2014-7396-27/05/2021","2 Metropolitan","DRY CREEK","5094","CITY OF PORT ADELAIDE ENFIELD",2,0,0,0,0,2014,"June","Friday","06:55 pm","060","T-Junction","Straight road","Level","Not Applicable","Sealed","Dry","Not Raining","Night","Right Angle","01","Driver Rider","1: PDO","No Control","","",1327273.38,1679362.04,"13272731679362"
"2014-7397-27/05/2021","2 Metropolitan","HOPE VALLEY","5090","CITY OF TEA TREE GULLY",2,0,0,0,0,2014,"June","Friday","06:05 pm","060","T-Junction","Straight road","Level","Not Applicable","Sealed","Dry","Not Raining","Night","Right Angle","01","Driver Rider","1: PDO","Give Way Sign","","",1338664.18,1679671.91,"13386641679672"
"2014-7398-27/05/2021","2 Metropolitan","GEPPS CROSS","5094","CITY OF PORT ADELAIDE ENFIELD",2,0,0,0,0,2014,"June","Friday","09:30 pm","050","Not Divided","CURVED, VIEW OPEN","Level","Not Applicable","Sealed","Dry","Not Raining","Night","Hit Fixed Object","01","Driver Rider","1: PDO","No Control","","",1329770.06,1679944.65,"13297701679945"
"2014-7399-27/05/2021","2 Metropolitan","TAPEROO","5017","CITY OF PORT ADELAIDE ENFIELD",2,0,0,0,0,2014,"June","Friday","09:00 pm","050","Not Divided","Straight road","Level","Not Applicable","Sealed","Dry","Not Raining","Night","Hit Fixed Object","01","Driver Rider","1: PDO","No Control","","",1319720.61,1683817.69,"13197211683818"
"2014-7400-27/05/2021","3 Country","CAMBRAI","5353","MID MURRAY DISTRICT COUNCIL",1,1,0,1,0,2014,"June","Friday","10:30 am","100","Not Divided","CURVED, VIEW OPEN","Level","Not Applicable","Sealed","Dry","Not Raining","Daylight","Left Road - Out of Control","01","Driver Rider","3: SI","No Control","","",1391749.68,1693677.78,"13917501693678"
"2014-7401-27/05/2021","2 Metropolitan","SALISBURY NORTH","5108","CITY OF SALISBURY",3,0,0,0,0,2014,"June","Saturday","12:45 am","050","Divided Road","Straight road","Level","Road hump or Slow point","Sealed","Dry","Not Raining","Night","Hit Fixed Object","01","Driver Rider","1: PDO","No Control","Y","",1331260.39,1690342.16,"13312601690342"
"2014-7402-27/05/2021","2 Metropolitan","WILLUNGA","5172","CITY OF ONKAPARINGA",2,1,0,0,1,2014,"June","Saturday","12:30 am","050","Divided Road","Straight road","Level","Not Applicable","Sealed","Dry","Not Raining","Night","Hit Parked Vehicle","01","Driver Rider","2: MI","No Control","Y","",1323043.33,1633181.96,"13230431633182"
"2014-7403-27/05/2021","2 Metropolitan","NOARLUNGA DOWNS","5168","CITY OF ONKAPARINGA",4,0,0,0,0,2014,"June","Saturday","03:30 am","080","T-Junction","Straight road","Level","Not Applicable","Sealed","Wet","Raining","Night","Hit Fixed Object","01","Driver Rider","1: PDO","Traffic Signals","","",1319267.72,1644317.67,"13192681644318"
"2014-7404-27/05/2021","2 Metropolitan","O'SULLIVAN BEACH","5166","CITY OF ONKAPARINGA",2,0,0,0,0,2014,"June","Saturday","12:20 am","050","Not Divided","Straight road","Level","Not Applicable","Sealed","Dry","Not Raining","Night","Hit Parked Vehicle","02","Driver Rider","1: PDO","No Control","","",1316289.93,1649376.62,"13162901649377"
"2014-7405-27/05/2021","2 Metropolitan","ECHUNGA","5153","DC MT.BARKER.                 ",2,0,0,0,0,2014,"June","Friday","05:20 pm","060","T-Junction","Straight road","Level","Not Applicable","Sealed","Dry","Not Raining","Night","Rear End","01","Driver Rider","1: PDO","Give Way Sign","","",1345429.18,1650813.97,"13454291650814"
"2014-7406-27/05/2021","2 Metropolitan","POORAKA","5095","CITY OF SALISBURY",3,2,0,2,0,2014,"June","Saturday","06:30 am","070","Cross Road","Straight road","Level","Not Applicable","Sealed","Dry","Not Raining","Night","Right Angle","01","Driver Rider","3: SI","Traffic Signals","","",1330475.28,1681830.96,"13304751681831"
"2014-7407-27/05/2021","2 Metropolitan","PAYNEHAM","5070","CC OF NORWOOD,PAYNEHAM & ST PETERS",2,0,0,0,0,2014,"June","Saturday","07:25 am","050","Cross Road","Straight road","Level","Not Applicable","Sealed","Dry","Not Raining","Daylight","Hit Fixed Object","01","Driver Rider","1: PDO","Roundabout","","",1332990.12,1673725.1,"13329901673725"
"2014-7408-27/05/2021","2 Metropolitan","MYLOR","5153","THE ADELAIDE HILLS COUNCIL",1,0,0,0,0,2014,"June","Saturday","12:22 am","080","Not Divided","CURVED, VIEW OPEN","Slope","Not Applicable","Sealed","Wet","Raining","Night","Roll Over","01","Driver Rider","1: PDO","No Control","","",1341389.05,1656468.1,"13413891656468"
"2014-7409-27/05/2021","2 Metropolitan","WATERFALL GULLY","5066","CITY OF BURNSIDE",2,0,0,0,0,2014,"June","Saturday","08:15 am","050","Not Divided","CURVED, VIEW OBSCURED","Slope","Not Applicable","Sealed","Wet","Raining","Daylight","Hit Fixed Object","01","Driver Rider","1: PDO","No Control","","",1335102.99,1666896.09,"13351031666896"
"2014-7410-27/05/2021","3 Country","WELBOURN HILL","5724",,2,0,0,0,0,2014,"June","Thursday","06:45 pm","110","Not Divided","Straight road","Level","Not Applicable","Sealed","Dry","Not Raining","Night","Hit Animal","02","Animal","1: PDO","No Control","","",856977.17,2527128.68,"08569772527129"
"2014-7411-27/05/2021","2 Metropolitan","DAVOREN PARK","5113","CITY OF PLAYFORD.",2,0,0,0,0,2014,"June","Friday","10:15 pm","060","Cross Road","Straight road","Level","Not Applicable","Sealed","Dry","Not Raining","Night","Right Angle","01","Driver Rider","1: PDO","Roundabout","","",1335599.18,1696373.36,"13355991696373"
"2014-7412-27/05/2021","2 Metropolitan","NOARLUNGA DOWNS","5168","CITY OF ONKAPARINGA",3,0,0,0,0,2014,"June","Saturday","09:45 am","070","Cross Road","Straight road","Level","Not Applicable","Sealed","Wet","Not Raining","Daylight","Hit Fixed Object","09","Other","1: PDO","Roundabout","","",1317857.01,1646860.51,"13178571646861"
"2014-7413-27/05/2021","2 Metropolitan","FLAGSTAFF HILL","5159","CITY OF ONKAPARINGA",2,0,0,0,0,2014,"June","Saturday","10:30 am","060","T-Junction","Straight road","Level","Not Applicable","Sealed","Dry","Not Raining","Daylight","Right Angle","02","Driver Rider","1: PDO","No Control","","",1329593.09,1655908.42,"13295931655908"
"2014-7414-27/05/2021","2 Metropolitan","STIRLING","5152","THE ADELAIDE HILLS COUNCIL",2,1,0,1,0,2014,"June","Saturday","07:30 am","060","Not Divided","CURVED, VIEW OPEN","Slope","Driveway or Entrance","Sealed","Wet","Raining","Daylight","Hit Fixed Object","01","Driver Rider","3: SI","No Control","","",1337785.57,1661211.65,"13377861661212"
"2014-7415-27/05/2021","2 Metropolitan","RENOWN PARK","5008","CITY OF CHARLES STURT",4,0,0,0,0,2014,"June","Friday","03:20 pm","060","Not Divided","Straight road","Level","Not Applicable","Sealed","Dry","Not Raining","Daylight","Rear End","01","Driver Rider","1: PDO","No Control","","",1326933.91,1674092.14,"13269341674092"
"2014-7416-27/05/2021","1 City","ADELAIDE","5000","CITY OF ADELAIDE",2,0,0,0,0,2014,"June","Friday","05:40 pm","050","Not Divided","Straight road","Level","Not Applicable","Sealed","Dry","Not Raining","Night","Side Swipe","02","Driver Rider","1: PDO","No Control","","",1329027.17,1670609.68,"13290271670610"
"2014-7417-27/05/2021","2 Metropolitan","PARAFIELD GARDENS","5107","CITY OF SALISBURY",3,0,0,0,0,2014,"June","Saturday","12:29 pm","060","T-Junction","Straight road","Level","Not Applicable","Sealed","Dry","Not Raining","Daylight","Rear End","01","Driver Rider","1: PDO","No Control","","",1331316.56,1686663.82,"13313171686664"
"2014-7418-27/05/2021","2 Metropolitan","COROMANDEL EAST","5157","CITY OF ONKAPARINGA",2,0,0,0,0,2014,"June","Saturday","11:45 am","080","Not Divided","CURVED, VIEW OBSCURED","Slope","Not Applicable","Sealed","Wet","Not Raining","Daylight","Hit Fixed Object","01","Driver Rider","1: PDO","No Control","","",1331291.9,1657516.03,"13312921657516"
"2014-7419-27/05/2021","3 Country","WINNINOWIE","5700","DC MT.REMARKABLE.             ",2,0,0,0,0,2014,"June","Saturday","11:15 am","110","Not Divided","Straight road","Level","Not Applicable","Sealed","Dry","Not Raining","Daylight","Head On","02","Driver Rider","1: PDO","No Control","","",1273643.34,1925315.43,"12736431925315"
"2014-7420-27/05/2021","2 Metropolitan","WESTBOURNE PARK","5041","CC MITCHAM.                   ",2,2,0,0,2,2014,"June","Friday","06:00 pm","060","Cross Road","Straight road","Level","Not Applicable","Sealed","Dry","Not Raining","Night","Rear End","02","Driver Rider","2: MI","Traffic Signals","","",1327507.88,1666202.96,"13275081666203"
"2014-7421-27/05/2021","2 Metropolitan","MYLOR","5153","THE ADELAIDE HILLS COUNCIL",2,1,0,0,1,2014,"June","Saturday","11:10 am","080","Not Divided","CURVED, VIEW OBSCURED","Slope","Not Applicable","Sealed","Wet","Raining","Daylight","Hit Fixed Object","01","Driver Rider","2: MI","No Control","","",1341636.32,1656323.95,"13416361656324"
"2014-7422-27/05/2021","2 Metropolitan","ONKAPARINGA HILLS","5163","CITY OF ONKAPARINGA",2,1,0,1,0,2014,"June","Saturday","11:35 am","080","Not Divided","CURVED, VIEW OBSCURED","Slope","Not Applicable","Sealed","Dry","Not Raining","Daylight","Hit Fixed Object","01","Driver Rider","3: SI","No Control","","",1326874.58,1651102.08,"13268751651102"
"2014-7423-27/05/2021","2 Metropolitan","ELIZABETH","5112","CITY OF PLAYFORD.",2,0,0,0,0,2014,"June","Saturday","02:40 pm","060","Divided Road","Straight road","Level","Driveway or Entrance","Sealed","Dry","Not Raining","Daylight","Right Angle","02","Driver Rider","1: PDO","No Control","","",1335730.99,1693246.9,"13357311693247"
"2014-7424-27/05/2021","3 Country","BLANCHETOWN","5357","MID MURRAY DISTRICT COUNCIL",2,0,0,0,0,2014,"June","Saturday","01:00 pm","110","Not Divided","CURVED, VIEW OPEN","Level","Not Applicable","Sealed","Dry","Not Raining","Daylight","Rear End","02","Driver Rider","1: PDO","No Control","","",1423216.37,1731288.74,"14232161731289"
"2014-7425-27/05/2021","2 Metropolitan","PARK HOLME","5043","CC MARION.                    ",2,1,0,1,0,2014,"June","Saturday","03:15 pm","060","T-Junction","Straight road","Level","Not Applicable","Sealed","Dry","Not Raining","Daylight","Right Angle","01","Driver Rider","3: SI","Traffic Signals","","",1323515.98,1663112.23,"13235161663112"
"2014-7426-27/05/2021","2 Metropolitan","ELIZABETH NORTH","5113","CITY OF PLAYFORD.",2,1,0,0,1,2014,"June","Saturday","03:20 pm","080","Not Divided","Straight road","Slope","Driveway or Entrance","Sealed","Dry","Not Raining","Daylight","Hit Pedestrian","01","Driver Rider","2: MI","No Control","","",1336434.43,1695788.87,"13364341695789"
"2014-7427-27/05/2021","2 Metropolitan","ELIZABETH VALE","5112","CITY OF PLAYFORD.",1,1,0,0,1,2014,"June","Saturday","03:05 pm","080","Divided Road","Straight road","Level","Not Applicable","Sealed","Dry","Not Raining","Daylight","Roll Over","01","Driver Rider","2: MI","No Control","","",1336127.74,1690815.6,"13361281690816"
"2014-7428-27/05/2021","2 Metropolitan","NORTHFIELD","5085","CITY OF PORT ADELAIDE ENFIELD",2,1,1,0,0,2014,"June","Saturday","02:04 pm","060","T-Junction","Straight road","Level","Not Applicable","Sealed","Dry","Not Raining","Daylight","Right Angle","01","Driver Rider","4: Fatal","Traffic Signals","","",1330407.78,1678042.15,"13304081678042"
"2014-7429-27/05/2021","2 Metropolitan","STURT","5047","CC MARION.                    ",3,0,0,0,0,2014,"June","Saturday","05:25 pm","060","Divided Road","Straight road","Level","Not Applicable","Sealed","Dry","Not Raining","Night","Rear End","01","Driver Rider","1: PDO","No Control","","",1323869.55,1660659.23,"13238701660659"
"2014-7430-27/05/2021","2 Metropolitan","ROSSLYN PARK","5072","CITY OF BURNSIDE",2,0,0,0,0,2014,"June","Saturday","04:40 pm","060","Divided Road","Straight road","Level","Unknown","Sealed","Dry","Not Raining","Daylight","Hit Fixed Object","01","Driver Rider","1: PDO","No Control","","",1335144.36,1671154.69,"13351441671155"
"2014-7431-27/05/2021","2 Metropolitan","NORWOOD","5067","CC OF NORWOOD,PAYNEHAM & ST PETERS",2,0,0,0,0,2014,"June","Friday","07:20 pm","060","Cross Road","Straight road","Level","Not Applicable","Sealed","Dry","Not Raining","Night","Right Angle","02","Driver Rider","1: PDO","Roundabout","","",1330623.32,1670361.88,"13306231670362"
"2014-7432-27/05/2021","3 Country","MOUNT SCHANK","5291","DISTRICT COUNCIL OF GRANT",2,0,0,0,0,2014,"June","Saturday","05:35 pm","110","Cross Road","Straight road","Level","Not Applicable","Sealed","Wet","Not Raining","Night","Hit Animal","02","Animal","1: PDO","No Control","","",1495927.59,1329757.21,"14959281329757"
"2014-7433-27/05/2021","2 Metropolitan","SEMAPHORE PARK","5019","CITY OF CHARLES STURT",2,0,0,0,0,2014,"June","Saturday","07:40 pm","060","Cross Road","Straight road","Level","Not Applicable","Sealed","Dry","Not Raining","Night","Right Angle","02","Driver Rider","1: PDO","Roundabout","","",1317767.25,1679377.81,"13177671679378"
"2014-7434-27/05/2021","2 Metropolitan","HILLIER","5116","CT GAWLER.                    ",2,0,0,0,0,2014,"June","Saturday","09:20 pm","080","Cross Road","CURVED, VIEW OPEN","Level","Not Applicable","Sealed","Dry","Not Raining","Night","Hit Fixed Object","01","Driver Rider","1: PDO","Stop Sign","","",1336900.28,1702626.19,"13369001702626"
"2014-7435-27/05/2021","3 Country","GOOLWA","5214","ALEXANDRINA COUNCIL",2,0,0,0,0,2014,"June","Saturday","05:50 am","050","Cross Road","Straight road","Level","Not Applicable","Sealed","Wet","Raining","Night","Right Angle","02","Driver Rider","1: PDO","Give Way Sign","","",1342867.91,1606393.27,"13428681606393"
"2014-7436-27/05/2021","2 Metropolitan","RICHMOND","5033","CITY OF WEST TORRENS",2,0,0,0,0,2014,"June","Sunday","12:30 am","050","T-Junction","Straight road","Level","Not Applicable","Sealed","Dry","Not Raining","Night","Hit Fixed Object","01","Driver Rider","1: PDO","No Control","Y","",1324981.83,1669464.54,"13249821669465"
"2014-7437-27/05/2021","2 Metropolitan","UNDERDALE","5032","CITY OF WEST TORRENS",3,0,0,0,0,2014,"June","Sunday","02:00 am","060","T-Junction","Straight road","Level","Not Applicable","Sealed","Dry","Not Raining","Night","Hit Animal","02","Animal","1: PDO","No Control","","",1323822.94,1671764.4,"13238231671764"
"2014-7438-27/05/2021","2 Metropolitan","ONKAPARINGA HILLS","5163","CITY OF ONKAPARINGA",2,1,0,0,1,2014,"June","Sunday","02:40 am","080","Not Divided","CURVED, VIEW OBSCURED","Level","Not Applicable","Unsealed","Dry","Not Raining","Night","Hit Fixed Object","01","Driver Rider","2: MI","No Control","","",1321747.99,1645061.43,"13217481645061"
"2014-7439-27/05/2021","2 Metropolitan","TORRENSVILLE","5031","CITY OF WEST TORRENS",2,0,0,0,0,2014,"June","Sunday","07:40 am","060","Divided Road","Straight road","Level","Not Applicable","Sealed","Dry","Not Raining","Daylight","Rear End","02","Driver Rider","1: PDO","No Control","","",1324987.96,1670970.08,"13249881670970"
"2014-7440-27/05/2021","2 Metropolitan","THEBARTON","5031","CITY OF WEST TORRENS",2,0,0,0,0,2014,"June","Saturday","12:30 pm","060","Divided Road","Straight road","Level","Not Applicable","Sealed","Dry","Not Raining","Daylight","Rear End","02","Driver Rider","1: PDO","No Control","","",1325408.13,1672074.45,"13254081672074"
"2014-7441-27/05/2021","2 Metropolitan","KANGARILLA","5157","CITY OF ONKAPARINGA",3,0,0,0,0,2014,"June","Saturday","11:45 am","080","Not Divided","CURVED, VIEW OBSCURED","Slope","Not Applicable","Sealed","Dry","Not Raining","Daylight","Rear End","01","Driver Rider","1: PDO","No Control","","",1334210.33,1644897.35,"13342101644897"
"2014-7442-27/05/2021","2 Metropolitan","HILTON","5033","CITY OF WEST TORRENS",2,1,0,0,1,2014,"June","Sunday","10:20 am","060","Cross Road","Straight road","Level","Not Applicable","Sealed","Dry","Not Raining","Daylight","Rear End","01","Driver Rider","2: MI","Traffic Signals","","",1324946.26,1670065.12,"13249461670065"
"2014-7443-27/05/2021","2 Metropolitan","STURT","5047","CC MARION.                    ",2,0,0,0,0,2014,"June","Sunday","11:20 am","060","Multiple","Straight road","Level","Not Applicable","Sealed","Dry","Not Raining","Daylight","Rear End","01","Driver Rider","1: PDO","Traffic Signals","","",1323558.89,1660650.4,"13235591660650"
"2014-7444-27/05/2021","2 Metropolitan","HALLETT COVE","5158","CC MARION.                    ",2,0,0,0,0,2014,"June","Saturday","06:00 pm","100","Divided Road","CURVED, VIEW OPEN","Bottom of Hill","Not Applicable","Sealed","Dry","Not Raining","Night","Rear End","02","Driver Rider","1: PDO","No Control","","",1318839.98,1653125.05,"13188401653125"
"2014-7445-27/05/2021","2 Metropolitan","KESWICK","5035","CITY OF WEST TORRENS",2,1,0,0,1,2014,"June","Wednesday","08:10 am","050","T-Junction","Straight road","Level","Not Applicable","Sealed","Dry","Not Raining","Daylight","Right Turn","02","Driver Rider","2: MI","No Control","","",1326455.47,1668497.87,"13264551668498"
"2014-7446-27/05/2021","2 Metropolitan","BEVERLEY","5009","CITY OF CHARLES STURT",3,0,0,0,0,2014,"June","Sunday","11:00 am","060","T-Junction","Straight road","Level","Not Applicable","Sealed","Dry","Not Raining","Daylight","Rear End","02","Driver Rider","1: PDO","Traffic Signals","","",1324202.16,1673179.38,"13242021673179"
"2014-7447-27/05/2021","2 Metropolitan","BLACKWOOD","5051","CC MITCHAM.                   ",2,1,0,0,1,2014,"June","Saturday","11:15 am","050","Cross Road","Straight road","Level","Not Applicable","Sealed","Dry","Not Raining","Daylight","Right Turn","01","Driver Rider","2: MI","Give Way Sign","","",1330013.1,1660846.65,"13300131660847"
"2014-7448-27/05/2021","2 Metropolitan","PROSPECT","5082","CITY OF PROSPECT",3,0,0,0,0,2014,"June","Sunday","01:20 pm","060","T-Junction","Straight road","Slope","Not Applicable","Sealed","Dry","Not Raining","Daylight","Rear End","02","Driver Rider","1: PDO","No Control","","",1328869.68,1676555.33,"13288701676555"
"2014-7449-27/05/2021","3 Country","NALYAPPA","5558","YORKE PENINSULA COUNCIL",1,1,0,1,0,2014,"June","Sunday","11:50 am","050","Not Divided","Straight road","Level","Not Applicable","Unsealed","Wet","Not Raining","Daylight","Roll Over","01","Driver Rider","3: SI","No Control","","",1226145.58,1761233.89,"12261461761234"
"2014-7450-27/05/2021","3 Country","REDHILL","5521","PT.PIRIE CITY & DIST. COUNCIL ",1,0,0,0,0,2014,"June","Saturday","09:30 pm","100","Not Divided","CURVED, VIEW OPEN","Bottom of Hill","Not Applicable","Unsealed","Dry","Not Raining","Night","Roll Over","01","Driver Rider","1: PDO","No Control","","",1296272.02,1825413.98,"12962721825414"
"2014-7451-27/05/2021","2 Metropolitan","STIRLING","5152","THE ADELAIDE HILLS COUNCIL",2,1,0,0,1,2014,"June","Sunday","04:15 pm","100","Interchange","Straight road","Level","Not Applicable","Sealed","Dry","Not Raining","Daylight","Rear End","01","Driver Rider","2: MI","No Control","","",1338487.55,1662065.56,"13384881662066"
"2014-7452-27/05/2021","2 Metropolitan","GLENELG SOUTH","5045","CITY OF HOLDFAST BAY",2,0,0,0,0,2014,"June","Sunday","03:04 pm","060","Cross Road","Straight road","Level","Not Applicable","Sealed","Dry","Not Raining","Daylight","Hit Fixed Object","01","Driver Rider","1: PDO","Traffic Signals","","",1321038.91,1664346.95,"13210391664347"
"2014-7453-27/05/2021","2 Metropolitan","WOODVILLE PARK","5011","CITY OF CHARLES STURT",2,2,0,0,2,2014,"June","Sunday","05:00 pm","060","T-Junction","Straight road","Level","Not Applicable","Sealed","Dry","Not Raining","Daylight","Rear End","02","Driver Rider","2: MI","No Control","","",1324156.21,1676103.23,"13241561676103"
"2014-7454-27/05/2021","2 Metropolitan","TORRENSVILLE","5031","CITY OF WEST TORRENS",4,1,0,0,1,2014,"June","Thursday","03:59 pm","060","Divided Road","Straight road","Level","Not Applicable","Sealed","Dry","Not Raining","Daylight","Rear End","01","Driver Rider","2: MI","No Control","","",1325357.18,1672164.31,"13253571672164"
"2014-7455-27/05/2021","2 Metropolitan","HAZELWOOD PARK","5066","CITY OF BURNSIDE",2,0,0,0,0,2014,"June","Sunday","05:15 pm","060","Cross Road","Straight road","Level","Not Applicable","Sealed","Dry","Not Raining","Night","Right Angle","01","Driver Rider","1: PDO","Roundabout","","",1333940.82,1668883.85,"13339411668884"
"2014-7456-27/05/2021","2 Metropolitan","DERNANCOURT","5075","CITY OF TEA TREE GULLY",2,1,0,0,1,2014,"June","Sunday","03:10 pm","050","Not Divided","CURVED, VIEW OPEN","Level","Not Applicable","Sealed","Dry","Not Raining","Daylight","Hit Fixed Object","01","Driver Rider","2: MI","No Control","","",1335932.42,1677349.45,"13359321677349"
"2014-7457-27/05/2021","2 Metropolitan","GLENELG SOUTH","5045","CITY OF HOLDFAST BAY",2,1,0,0,1,2014,"June","Sunday","05:30 pm","050","Cross Road","Straight road","Level","Not Applicable","Sealed","Dry","Not Raining","Night","Rear End","02","Driver Rider","2: MI","Give Way Sign","Y","",1320556.17,1664006.47,"13205561664006"
"2014-7458-27/05/2021","2 Metropolitan","SOUTH PLYMPTON","5038","CC MARION.                    ",2,0,0,0,0,2014,"June","Sunday","04:40 pm","060","T-Junction","Straight road","Level","Not Applicable","Sealed","Dry","Not Raining","Daylight","Side Swipe","02","Driver Rider","1: PDO","Traffic Signals","","",1325015.42,1666132.39,"13250151666132"
"2014-7459-27/05/2021","2 Metropolitan","SOUTH BRIGHTON","5048","CITY OF HOLDFAST BAY",2,1,0,0,1,2014,"June","Sunday","07:05 pm","060","Cross Road","Straight road","Level","Not Applicable","Sealed","Dry","Not Raining","Night","Right Angle","01","Driver Rider","2: MI","Give Way Sign","","",1321170.94,1659786.06,"13211711659786"
"2014-7460-27/05/2021","2 Metropolitan","BRADBURY","5153","THE ADELAIDE HILLS COUNCIL",2,0,0,0,0,2014,"June","Sunday","07:40 pm","080","Not Divided","CURVED, VIEW OBSCURED","Slope","Not Applicable","Sealed","Dry","Not Raining","Night","Hit Fixed Object","01","Driver Rider","1: PDO","No Control","","",1339580.36,1656249.77,"13395801656250"
"2014-7461-27/05/2021","3 Country","PORT LINCOLN","5606","CC PT.LINCOLN.                ",3,0,0,0,0,2014,"June","Sunday","04:45 pm","050","Not Divided","Straight road","Slope","Not Applicable","Sealed","Dry","Not Raining","Daylight","Hit Parked Vehicle","02","Driver Rider","1: PDO","No Control","","",1077820.66,1697767.45,"10778211697767"
"2014-7462-27/05/2021","2 Metropolitan","WALKLEY HEIGHTS","5098","CITY OF PORT ADELAIDE ENFIELD",1,0,0,0,0,2014,"June","Monday","04:10 am","070","Divided Road","Straight road","Slope","Not Applicable","Sealed","Dry","Not Raining","Night","Roll Over","01","Driver Rider","1: PDO","No Control","","",1333211.55,1679613.29,"13332121679613"
"2014-7463-27/05/2021","2 Metropolitan","MARION","5043","CC MARION.                    ",2,0,0,0,0,2014,"June","Sunday","01:40 pm","060","T-Junction","Straight road","Level","Not Applicable","Sealed","Dry","Not Raining","Daylight","Right Angle","02","Driver Rider","1: PDO","No Control","","",1324388.08,1661091.08,"13243881661091"
"2014-7464-27/05/2021","2 Metropolitan","ST PETERS","5069","CC OF NORWOOD,PAYNEHAM & ST PETERS",1,0,0,0,0,2014,"June","Monday","05:30 am","080","Other","Straight road","Level","Not Applicable","Sealed","Dry","Not Raining","Night","Other","01","Driver Rider","1: PDO","No Control","","",1329995.49,1673162.86,"13299951673163"