"REPORT_ID","Stats Area","Suburb","Postcode","LGA Name","Total Units","Total Cas","Total Fats","Total SI","Total MI","Year","Month","Day","Time","Area Speed","Position Type","Horizontal Align","Vertical Align","Other Feat","Road Surface","Moisture Cond","Weather Cond","DayNight","Crash Type","Unit Resp","Entity Code","CSEF Severity","Traffic Ctrls","DUI Involved","Drugs Involved","ACCLOC_X","ACCLOC_Y","UNIQUE_LOC"
"2014-7790-27/05/2021","2 Metropolitan","ENFIELD","5085","CITY OF PORT ADELAIDE ENFIELD",2,1,0,0,1,2014,"June","Monday","02:45 pm","060","Cross Road","Straight road","Level","Not Applicable","Sealed","Wet","Not Raining","Daylight","Rear End","01","Driver Rider","2: MI","Give Way Sign","","",1328837.91,1677543.42,"13288381677543"
"2014-7791-27/05/2021","2 Metropolitan","SALISBURY DOWNS","5108","CITY OF SALISBURY",2,2,0,0,2,2014,"June","Monday","02:20 pm","025","T-Junction","Straight road","Level","Roadworks","Sealed","Wet","Raining","Daylight","Right Turn","01","Driver Rider","2: MI","No Control","","",1332105.28,1687658.25,"13321051687658"
"2014-7792-27/05/2021","2 Metropolitan","PARKSIDE","5063","CITY OF UNLEY",2,1,0,0,1,2014,"June","Monday","02:50 pm","060","Cross Road","Straight road","Level","Not Applicable","Sealed","Wet","Raining","Daylight","Rear End","02","Driver Rider","2: MI","Traffic Signals","","",1329057.06,1668981.6,"13290571668982"
"2014-7793-27/05/2021","2 Metropolitan","SOUTH PLYMPTON","5038","CC MARION.                    ",2,1,0,0,1,2014,"June","Monday","06:10 pm","050","Not Divided","Straight road","Level","Not Applicable","Sealed","Wet","Not Raining","Night","Hit Parked Vehicle","02","Driver Rider","2: MI","No Control","","",1324873.86,1665415.27,"13248741665415"
"2014-7794-27/05/2021","2 Metropolitan","LONSDALE","5160","CITY OF ONKAPARINGA",2,0,0,0,0,2014,"June","Monday","03:45 pm","070","T-Junction","Straight road","Level","Not Applicable","Sealed","Wet","Not Raining","Daylight","Right Angle","02","Driver Rider","1: PDO","No Control","","",1318941.43,1650965.35,"13189411650965"
"2014-7795-27/05/2021","2 Metropolitan","VIRGINIA","5120","CITY OF PLAYFORD.",2,0,0,0,0,2014,"June","Monday","06:00 pm","080","Not Divided","Straight road","Level","Not Applicable","Sealed","Wet","Raining","Night","Hit Animal","02","Animal","1: PDO","No Control","","",1328728.96,1699854.96,"13287291699855"
"2014-7796-27/05/2021","2 Metropolitan","SEACLIFF PARK","5049","CITY OF HOLDFAST BAY",2,0,0,0,0,2014,"June","Monday","06:35 pm","060","T-Junction","Straight road","Level","Not Applicable","Sealed","Dry","Not Raining","Night","Right Angle","02","Driver Rider","1: PDO","Traffic Signals","","",1321185.13,1659325.67,"13211851659326"
"2014-7797-27/05/2021","2 Metropolitan","NORTHFIELD","5085","CITY OF PORT ADELAIDE ENFIELD",2,0,0,0,0,2014,"June","Monday","05:20 pm","060","Divided Road","Straight road","Level","Not Applicable","Sealed","Dry","Not Raining","Night","Rear End","01","Driver Rider","1: PDO","No Control","","",1330369.27,1678957.54,"13303691678958"
"2014-7798-27/05/2021","2 Metropolitan","SOMERTON PARK","5044","CITY OF HOLDFAST BAY",2,2,0,0,2,2014,"June","Thursday","01:55 pm","060","T-Junction","Straight road","Level","Not Applicable","Sealed","Dry","Not Raining","Daylight","Right Turn","02","Driver Rider","2: MI","No Control","","Y",1321325.65,1663006.7,"13213261663007"
"2014-7799-27/05/2021","2 Metropolitan","OSBORNE","5017","CITY OF PORT ADELAIDE ENFIELD",2,0,0,0,0,2014,"June","Monday","06:50 pm","060","T-Junction","Straight road","Level","Not Applicable","Sealed","Wet","Raining","Night","Right Turn","01","Driver Rider","1: PDO","No Control","","",1320008.71,1686034.39,"13200091686034"
"2014-7800-27/05/2021","2 Metropolitan","MILE END","5031","CITY OF WEST TORRENS",2,1,0,0,1,2014,"June","Monday","04:15 pm","060","T-Junction","Straight road","Level","Not Applicable","Sealed","Dry","Not Raining","Daylight","Hit Pedestrian","01","Pedestrian","2: MI","No Control","","",1325467.03,1670974.54,"13254671670975"
"2014-7801-27/05/2021","2 Metropolitan","O'HALLORAN HILL","5158","CITY OF ONKAPARINGA",2,0,0,0,0,2014,"June","Monday","03:30 pm","080","Divided Road","CURVED, VIEW OPEN","Level","Median Opening (not at I/S)","Sealed","Dry","Not Raining","Daylight","Right Turn","02","Driver Rider","1: PDO","No Control","","",1324338.9,1657029.58,"13243391657030"
"2014-7802-27/05/2021","2 Metropolitan","KENT TOWN","5067","CC OF NORWOOD,PAYNEHAM & ST PETERS",2,0,0,0,0,2014,"June","Monday","08:00 pm","060","Cross Road","Straight road","Level","Not Applicable","Sealed","Wet","Raining","Night","Rear End","02","Driver Rider","1: PDO","Traffic Signals","","",1330245.69,1670691.93,"13302461670692"
"2014-7803-27/05/2021","2 Metropolitan","ELIZABETH NORTH","5113","CITY OF PLAYFORD.",2,1,0,0,1,2014,"June","Monday","07:25 pm","050","T-Junction","Straight road","Level","Not Applicable","Sealed","Wet","Raining","Night","Hit Fixed Object","01","Driver Rider","2: MI","No Control","","",1336742.05,1695990.39,"13367421695990"
"2014-7804-27/05/2021","3 Country","PALMER","5237","MID MURRAY DISTRICT COUNCIL",2,1,0,0,1,2014,"June","Sunday","12:30 pm","100","Not Divided","CURVED, VIEW OBSCURED","Bottom of Hill","Not Applicable","Sealed","Dry","Not Raining","Daylight","Hit Fixed Object","01","Driver Rider","2: MI","No Control","","",1380071.3,1672380.17,"13800711672380"
"2014-7805-27/05/2021","2 Metropolitan","GOLDEN GROVE","5125","CITY OF TEA TREE GULLY",2,0,0,0,0,2014,"June","Monday","02:55 pm","050","T-Junction","Straight road","Level","Not Applicable","Sealed","Wet","Raining","Daylight","Hit Fixed Object","01","Driver Rider","1: PDO","Roundabout","","",1337399.42,1685588.24,"13373991685588"
"2014-7806-27/05/2021","3 Country","VINE VALE","5352","THE BAROSSA COUNCIL.",1,0,0,0,0,2014,"June","Monday","10:20 pm","080","Not Divided","CURVED, VIEW OPEN","Slope","Not Applicable","Sealed","Wet","Raining","Night","Roll Over","01","Driver Rider","1: PDO","No Control","","",1366707.1,1713040.61,"13667071713041"
"2014-7807-27/05/2021","2 Metropolitan","TORRENSVILLE","5031","CITY OF WEST TORRENS",2,1,0,0,1,2014,"June","Tuesday","03:15 am","050","Not Divided","CURVED, VIEW OPEN","Level","Not Applicable","Sealed","Dry","Not Raining","Night","Rear End","02","Driver Rider","2: MI","No Control","","",1325212.02,1672023.13,"13252121672023"
"2014-7808-27/05/2021","3 Country","MURRAY BRIDGE","5253","RC MURRAY BRIDGE.             ",2,2,0,0,2,2014,"June","Monday","11:05 am","050","Cross Road","Straight road","Level","Not Applicable","Sealed","Dry","Not Raining","Daylight","Right Angle","02","Driver Rider","2: MI","Give Way Sign","","",1389098.33,1647191.62,"13890981647192"
"2014-7809-27/05/2021","2 Metropolitan","KESWICK TERMINAL","5035","CITY OF WEST TORRENS",2,1,0,0,1,2014,"June","Monday","08:48 am","060","Cross Road","Straight road","Level","Not Applicable","Sealed","Dry","Not Raining","Daylight","Rear End","01","Driver Rider","2: MI","Traffic Signals","","",1326175.83,1670102.31,"13261761670102"
"2014-7810-27/05/2021","2 Metropolitan","SEATON","5023","CITY OF CHARLES STURT",2,1,0,1,0,2014,"June","Tuesday","04:45 am","060","Rail Xing","Straight road","Level","Not Applicable","Sealed","Dry","Not Raining","Night","Right Angle","02","Driver Rider","3: SI","Traffic Signals","","",1320752.28,1674693.53,"13207521674694"
"2014-7811-27/05/2021","2 Metropolitan","BEDFORD PARK","5042","CC MITCHAM.                   ",2,0,0,0,0,2014,"June","Tuesday","07:55 am","050","Not Divided","Straight road","Level","Not Applicable","Sealed","Dry","Not Raining","Daylight","Rear End","02","Driver Rider","1: PDO","No Control","","",1325202.5,1660323.85,"13252031660324"
"2014-7812-27/05/2021","2 Metropolitan","GLYNDE","5070","CC OF NORWOOD,PAYNEHAM & ST PETERS",2,0,0,0,0,2014,"June","Monday","04:15 pm","050","Not Divided","Straight road","Level","Not Applicable","Sealed","Dry","Not Raining","Daylight","Hit Fixed Object","01","Driver Rider","1: PDO","No Control","","",1333382.76,1674050.99,"13333831674051"
"2014-7813-27/05/2021","2 Metropolitan","BEDFORD PARK","5042","CC MITCHAM.                   ",2,1,0,0,1,2014,"June","Tuesday","07:30 am","070","T-Junction","Straight road","Level","Not Applicable","Sealed","Dry","Not Raining","Daylight","Rear End","02","Driver Rider","2: MI","Traffic Signals","","",1325133.01,1660421,"13251331660421"
"2014-7814-27/05/2021","1 City","ADELAIDE","5000","CITY OF ADELAIDE",2,1,0,1,0,2014,"June","Tuesday","10:00 am","050","T-Junction","Straight road","Level","Not Applicable","Sealed","Dry","Not Raining","Daylight","Hit Pedestrian","01","Driver Rider","3: SI","No Control","","",1328137.4,1670506.61,"13281371670507"
"2014-7815-27/05/2021","2 Metropolitan","ROSTREVOR","5073","CC CAMPBELLTOWN.              ",2,0,0,0,0,2014,"June","Monday","07:00 am","050","Not Divided","Straight road","Level","Not Applicable","Sealed","Dry","Not Raining","Night","Hit Fixed Object","01","Driver Rider","1: PDO","No Control","","",1336054.86,1674123.14,"13360551674123"
"2014-7816-27/05/2021","1 City","ADELAIDE","5000","CITY OF ADELAIDE",2,0,0,0,0,2014,"June","Tuesday","10:00 am","050","T-Junction","Straight road","Level","Not Applicable","Sealed","Dry","Not Raining","Daylight","Rear End","01","Driver Rider","1: PDO","Traffic Signals","","",1327369.06,1670949.09,"13273691670949"
"2014-7817-27/05/2021","2 Metropolitan","SEACOMBE GARDENS","5047","CC MARION.                    ",2,1,0,0,1,2014,"June","Tuesday","09:20 am","050","Not Divided","Straight road","Level","Not Applicable","Sealed","Wet","Not Raining","Daylight","Hit Parked Vehicle","02","Driver Rider","2: MI","No Control","","",1323262.05,1659917.59,"13232621659918"
"2014-7818-27/05/2021","2 Metropolitan","SEAFORD RISE","5169","CITY OF ONKAPARINGA",2,0,0,0,0,2014,"June","Tuesday","09:00 am","050","Not Divided","Straight road","Level","Not Applicable","Sealed","Dry","Not Raining","Daylight","Hit Parked Vehicle","02","Driver Rider","1: PDO","No Control","","",1316576.74,1640816.65,"13165771640817"
"2014-7819-27/05/2021","2 Metropolitan","ST PETERS","5069","CC OF NORWOOD,PAYNEHAM & ST PETERS",2,1,0,0,1,2014,"June","Saturday","04:00 pm","050","Cross Road","Straight road","Level","Not Applicable","Sealed","Wet","Raining","Daylight","Right Angle","02","Driver Rider","2: MI","Roundabout","","",1330704.57,1672470.8,"13307051672471"
"2014-7820-27/05/2021","2 Metropolitan","GLYNDE","5070","CC OF NORWOOD,PAYNEHAM & ST PETERS",5,1,0,0,1,2014,"June","Tuesday","08:50 am","060","Divided Road","Straight road","Level","Not Applicable","Sealed","Dry","Not Raining","Daylight","Rear End","01","Driver Rider","2: MI","No Control","","",1333280.79,1674289.89,"13332811674290"
"2014-7821-27/05/2021","2 Metropolitan","PARAFIELD GARDENS","5107","CITY OF SALISBURY",2,5,0,0,5,2014,"June","Tuesday","09:10 am","060","Not Divided","Straight road","Level","Not Applicable","Sealed","Dry","Not Raining","Daylight","Head On","02","Driver Rider","2: MI","No Control","","Y",1329798.7,1686573.51,"13297991686574"
"2014-7822-27/05/2021","2 Metropolitan","UNLEY","5063","CITY OF UNLEY",2,1,0,0,1,2014,"June","Tuesday","09:10 am","060","Cross Road","Straight road","Level","Not Applicable","Sealed","Dry","Not Raining","Daylight","Right Turn","01","Driver Rider","2: MI","Stop Sign","","",1329069.58,1668563.26,"13290701668563"
"2014-7823-27/05/2021","2 Metropolitan","MAWSON LAKES","5095","CITY OF SALISBURY",2,0,0,0,0,2014,"June","Tuesday","11:00 am","070","Cross Road","Straight road","Level","Not Applicable","Sealed","Dry","Not Raining","Daylight","Rear End","02","Driver Rider","1: PDO","Traffic Signals","","",1329566.06,1684422.81,"13295661684423"
"2014-7824-27/05/2021","2 Metropolitan","NEWTON","5074","CC CAMPBELLTOWN.              ",2,1,0,0,1,2014,"June","Tuesday","10:30 am","060","Not Divided","Straight road","Level","Not Applicable","Sealed","Dry","Not Raining","Daylight","Side Swipe","01","Driver Rider","2: MI","No Control","","",1335389.89,1675294.84,"13353901675295"
"2014-7825-27/05/2021","2 Metropolitan","HINDMARSH","5007","CITY OF CHARLES STURT",2,0,0,0,0,2014,"June","Tuesday","10:52 am","060","Cross Road","Straight road","Level","Not Applicable","Sealed","Dry","Not Raining","Daylight","Side Swipe","02","Driver Rider","1: PDO","Give Way Sign","","",1325854.23,1673201.88,"13258541673202"
"2014-7826-27/05/2021","1 City","ADELAIDE","5000","CITY OF ADELAIDE",2,1,0,0,1,2014,"June","Tuesday","09:00 am","050","T-Junction","Straight road","Level","Not Applicable","Sealed","Dry","Not Raining","Daylight","Rear End","01","Driver Rider","2: MI","No Control","","",1329015.08,1671041.47,"13290151671041"
"2014-7827-27/05/2021","2 Metropolitan","MODBURY","5092","CITY OF TEA TREE GULLY",3,1,0,0,1,2014,"June","Tuesday","08:00 am","060","T-Junction","Straight road","Level","Not Applicable","Sealed","Dry","Not Raining","Daylight","Rear End","01","Driver Rider","2: MI","Traffic Signals","","",1337309.47,1681192.91,"13373091681193"
"2014-7828-27/05/2021","2 Metropolitan","STURT","5047","CC MARION.                    ",2,0,0,0,0,2014,"June","Monday","10:30 am","050","Not Divided","Straight road","Level","Not Applicable","Sealed","Wet","Raining","Daylight","Hit Parked Vehicle","02","Driver Rider","1: PDO","No Control","","",1323908.79,1660206.07,"13239091660206"
"2014-7829-27/05/2021","2 Metropolitan","MORPHETT VALE","5162","CITY OF ONKAPARINGA",2,0,0,0,0,2014,"June","Tuesday","06:50 am","060","Cross Road","Straight road","Slope","Not Applicable","Sealed","Wet","Not Raining","Night","Rear End","01","Driver Rider","1: PDO","Roundabout","","",1319615.2,1649821.68,"13196151649822"
"2014-7830-27/05/2021","2 Metropolitan","MAWSON LAKES","5095","CITY OF SALISBURY",1,1,0,0,1,2014,"June","Tuesday","01:20 pm","080","Divided Road","Straight road","Level","Not Applicable","Sealed","Dry","Not Raining","Daylight","Roll Over","09","Other","2: MI","No Control","","",1328654.96,1684913.82,"13286551684914"
"2014-7831-27/05/2021","1 City","ADELAIDE","5000","CITY OF ADELAIDE",2,0,0,0,0,2014,"June","Tuesday","06:45 am","060","Y-Junction","Straight road","Level","Not Applicable","Sealed","Dry","Not Raining","Night","Rear End","01","Driver Rider","1: PDO","Traffic Signals","","",1327349.63,1671109.58,"13273501671110"
"2014-7832-27/05/2021","2 Metropolitan","ST GEORGES","5064","CITY OF BURNSIDE",2,1,0,0,1,2014,"June","Monday","01:10 pm","050","Not Divided","Straight road","Slope","Driveway or Entrance","Sealed","Wet","Raining","Daylight","Hit Fixed Object","01","Driver Rider","2: MI","No Control","","",1332524.18,1667646.39,"13325241667646"
"2014-7833-27/05/2021","3 Country","LOXTON","5333","LOXTON WAIKERIE DISTRICT COUNCIL",2,1,0,1,0,2014,"June","Tuesday","12:50 pm","100","Not Divided","Straight road","Level","Not Applicable","Sealed","Dry","Not Raining","Daylight","Rear End","02","Driver Rider","3: SI","No Control","","",1517507.77,1717195.85,"15175081717196"
"2014-7834-27/05/2021","1 City","ADELAIDE","5000","CITY OF ADELAIDE",2,0,0,0,0,2014,"June","Tuesday","12:55 pm","050","T-Junction","Straight road","Level","Not Applicable","Sealed","Dry","Not Raining","Daylight","Right Turn","02","Driver Rider","1: PDO","Traffic Signals","","",1327391.56,1670156.91,"13273921670157"
"2014-7835-27/05/2021","2 Metropolitan","STIRLING","5152","THE ADELAIDE HILLS COUNCIL",2,0,0,0,0,2014,"June","Tuesday","11:40 am","025","Not Divided","Straight road","Slope","Roadworks","Sealed","Dry","Not Raining","Daylight","Hit Parked Vehicle","01","Driver Rider","1: PDO","No Control","","",1340418.94,1662168.15,"13404191662168"
"2014-7836-27/05/2021","2 Metropolitan","SEMAPHORE PARK","5019","CITY OF CHARLES STURT",2,0,0,0,0,2014,"June","Friday","06:30 pm","050","Not Divided","Straight road","Level","Driveway or Entrance","Sealed","Wet","Raining","Night","Hit Parked Vehicle","02","Driver Rider","1: PDO","No Control","","",1318044.75,1678366.6,"13180451678367"
"2014-7837-27/05/2021","2 Metropolitan","GLENELG NORTH","5045","CITY OF HOLDFAST BAY",2,0,0,0,0,2014,"June","Tuesday","02:30 pm","050","Not Divided","Straight road","Level","Not Applicable","Sealed","Dry","Not Raining","Daylight","Side Swipe","01","Driver Rider","1: PDO","No Control","","",1320361.47,1665815.2,"13203611665815"
"2014-7838-27/05/2021","2 Metropolitan","OVINGHAM","5082","CITY OF PROSPECT",2,1,0,0,1,2014,"June","Tuesday","04:22 pm","060","Cross Road","Straight road","Level","Not Applicable","Sealed","Dry","Not Raining","Daylight","Rear End","02","Driver Rider","2: MI","Traffic Signals","","",1327269.55,1673850.25,"13272701673850"
"2014-7839-27/05/2021","2 Metropolitan","MAGILL","5072","CITY OF BURNSIDE",2,1,0,0,1,2014,"June","Tuesday","03:30 pm","060","Not Divided","Straight road","Level","Not Applicable","Sealed","Dry","Not Raining","Daylight","Hit Parked Vehicle","02","Driver Rider","2: MI","No Control","","",1335493.32,1671451.96,"13354931671452"
"2014-7840-27/05/2021","2 Metropolitan","GLENSIDE","5065","CITY OF BURNSIDE",2,0,0,0,0,2014,"June","Tuesday","08:30 am","060","Not Divided","Straight road","Level","Not Applicable","Sealed","Wet","Not Raining","Daylight","Rear End","01","Driver Rider","1: PDO","No Control","","",1330701.06,1668369.83,"13307011668370"
"2014-7841-27/05/2021","3 Country","MOUNT BARRY","5723",,1,1,1,0,0,2014,"June","Tuesday","01:30 pm","100","Not Divided","CURVED, VIEW OPEN","Slope","Not Applicable","Unsealed","Dry","Not Raining","Daylight","Roll Over","01","Driver Rider","4: Fatal","No Control","","",993592.65,2406001.14,"09935932406001"
"2014-7842-27/05/2021","2 Metropolitan","PROSPECT","5082","CITY OF PROSPECT",2,1,0,1,0,2014,"June","Tuesday","03:36 pm","060","Divided Road","Straight road","Level","Not Applicable","Sealed","Dry","Not Raining","Daylight","Side Swipe","01","Driver Rider","3: SI","No Control","","",1327237.69,1676346.61,"13272381676347"
"2014-7843-27/05/2021","2 Metropolitan","THEBARTON","5031","CITY OF WEST TORRENS",2,0,0,0,0,2014,"June","Tuesday","03:45 pm","060","Divided Road","Straight road","Level","Driveway or Entrance","Sealed","Dry","Not Raining","Daylight","Side Swipe","01","Driver Rider","1: PDO","No Control","","",1326528.99,1671932.44,"13265291671932"
"2014-7844-27/05/2021","2 Metropolitan","GREEN FIELDS","5107","CITY OF SALISBURY",2,1,0,0,1,2014,"May","Thursday","05:50 pm","090","T-Junction","Straight road","Level","Not Applicable","Sealed","Dry","Not Raining","Night","Rear End","02","Driver Rider","2: MI","Traffic Signals","","",1328674.22,1685896.53,"13286741685897"
"2014-7845-27/05/2021","2 Metropolitan","PROSPECT","5082","CITY OF PROSPECT",2,0,0,0,0,2014,"June","Tuesday","03:45 pm","050","Cross Road","Straight road","Level","Not Applicable","Sealed","Dry","Not Raining","Daylight","Right Angle","01","Driver Rider","1: PDO","Give Way Sign","","",1327688.01,1676202.28,"13276881676202"
"2014-7846-27/05/2021","1 City","NORTH ADELAIDE","5006","CITY OF ADELAIDE",2,2,0,0,2,2014,"June","Tuesday","04:15 pm","050","Not Divided","Straight road","Level","Not Applicable","Sealed","Dry","Not Raining","Daylight","Side Swipe","01","Driver Rider","2: MI","No Control","","",1328636.05,1673400.04,"13286361673400"
"2014-7847-27/05/2021","2 Metropolitan","DOVER GARDENS","5048","CC MARION.                    ",2,0,0,0,0,2014,"June","Friday","11:10 am","060","Not Divided","Straight road","Level","Driveway or Entrance","Sealed","Wet","Raining","Daylight","Right Angle","02","Driver Rider","1: PDO","No Control","","",1322779.23,1660541.53,"13227791660542"
"2014-7848-27/05/2021","2 Metropolitan","HENLEY BEACH","5022","CITY OF CHARLES STURT",3,1,0,0,1,2014,"June","Tuesday","06:45 pm","050","Not Divided","CURVED, VIEW OPEN","Level","Not Applicable","Sealed","Dry","Not Raining","Night","Hit Fixed Object","01","Driver Rider","2: MI","No Control","Y","",1319589.32,1671998.56,"13195891671999"
"2014-7849-27/05/2021","3 Country","MOUNT GAMBIER","5290","CC MT.GAMBIER.                ",3,1,0,0,1,2014,"June","Tuesday","05:05 pm","060","T-Junction","Straight road","Level","Not Applicable","Sealed","Wet","Not Raining","Daylight","Right Turn","01","Driver Rider","2: MI","No Control","","",1508139.33,1341775.03,"15081391341775"
"2014-7850-27/05/2021","1 City","ADELAIDE","5000","CITY OF ADELAIDE",2,0,0,0,0,2014,"June","Tuesday","06:20 pm","060","Divided Road","Straight road","Level","Not Applicable","Sealed","Dry","Not Raining","Night","Side Swipe","02","Driver Rider","1: PDO","No Control","","",1327376.08,1670694.34,"13273761670694"
"2014-7851-27/05/2021","2 Metropolitan","BLAIR ATHOL","5084","CITY OF PORT ADELAIDE ENFIELD",2,1,0,0,1,2014,"June","Monday","05:25 pm","060","T-Junction","Straight road","Level","Not Applicable","Sealed","Wet","Not Raining","Night","Rear End","01","Driver Rider","2: MI","No Control","","",1328579.95,1679259.63,"13285801679260"
"2014-7852-27/05/2021","2 Metropolitan","NORTHFIELD","5085","CITY OF PORT ADELAIDE ENFIELD",2,0,0,0,0,2014,"June","Monday","05:24 pm","060","Divided Road","Straight road","Slope","Unknown","Sealed","Wet","Raining","Night","Rear End","01","Driver Rider","1: PDO","No Control","","",1330537.76,1679296.05,"13305381679296"
"2014-7853-27/05/2021","2 Metropolitan","SOUTH PLYMPTON","5038","CC MARION.                    ",2,1,0,0,1,2014,"June","Tuesday","09:00 pm","060","Divided Road","Straight road","Level","Not Applicable","Sealed","Dry","Not Raining","Night","Hit Pedestrian","02","Pedestrian","2: MI","No Control","","",1324984.01,1666131.45,"13249841666131"
"2014-7854-27/05/2021","2 Metropolitan","POORAKA","5095","CITY OF SALISBURY",2,1,0,0,1,2014,"June","Tuesday","06:58 pm","070","T-Junction","Straight road","Level","Unknown","Sealed","Dry","Not Raining","Night","Rear End","02","Driver Rider","2: MI","No Control","","",1332111.88,1683261.6,"13321121683262"
"2014-7855-27/05/2021","2 Metropolitan","URRBRAE","5064","CC MITCHAM.                   ",2,1,0,0,1,2014,"June","Tuesday","03:45 pm","060","Cross Road","Straight road","Level","Not Applicable","Sealed","Dry","Not Raining","Daylight","Right Turn","02","Driver Rider","2: MI","Traffic Signals","","",1330786.88,1665600.37,"13307871665600"
"2014-7856-27/05/2021","2 Metropolitan","GOLDEN GROVE","5125","CITY OF TEA TREE GULLY",2,1,0,0,1,2014,"June","Monday","08:03 pm","060","T-Junction","Straight road","Level","Not Applicable","Sealed","Wet","Not Raining","Night","Right Turn","01","Driver Rider","2: MI","Traffic Signals","","",1337533.29,1685117.24,"13375331685117"
"2014-7857-27/05/2021","2 Metropolitan","WOODVILLE PARK","5011","CITY OF CHARLES STURT",2,0,0,0,0,2014,"June","Tuesday","09:30 pm","050","Not Divided","Straight road","Level","Not Applicable","Sealed","Dry","Not Raining","Night","Hit Fixed Object","01","Driver Rider","1: PDO","No Control","","",1323764.9,1675517.02,"13237651675517"
"2014-7858-27/05/2021","3 Country","HOPE GAP","5555","WAKEFIELD REGIONAL COUNCIL",2,0,0,0,0,2014,"June","Friday","03:10 pm","110","T-Junction","CURVED, VIEW OPEN","Level","Not Applicable","Sealed","Wet","Not Raining","Daylight","Rear End","02","Driver Rider","1: PDO","No Control","","",1298693.03,1812384.9,"12986931812385"
"2014-7859-27/05/2021","2 Metropolitan","SHEIDOW PARK","5158","CC MARION.                    ",1,0,0,0,0,2014,"June","Wednesday","06:50 am","060","T-Junction","CURVED, VIEW OPEN","Bottom of Hill","Not Applicable","Sealed","Dry","Not Raining","Night","Roll Over","09","Other","1: PDO","Roundabout","","",1321796.95,1654205.83,"13217971654206"
"2014-7860-27/05/2021","2 Metropolitan","WOODVILLE GARDENS","5012","CITY OF PORT ADELAIDE ENFIELD",2,0,0,0,0,2014,"June","Tuesday","03:30 pm","060","T-Junction","Straight road","Level","Not Applicable","Sealed","Dry","Not Raining","Daylight","Rear End","02","Driver Rider","1: PDO","Traffic Signals","","",1323945.07,1677639.71,"13239451677640"
"2014-7861-27/05/2021","3 Country","PORT BONYTHON","5601","CC WHYALLA.                   ",1,1,0,0,1,2014,"June","Tuesday","12:30 pm","110","Not Divided","CURVED, VIEW OPEN","Bottom of Hill","Not Applicable","Sealed","Dry","Not Raining","Daylight","Roll Over","01","Driver Rider","2: MI","No Control","","",1256019.29,1891707.45,"12560191891707"
"2014-7862-27/05/2021","2 Metropolitan","HILLCREST","5086","CITY OF PORT ADELAIDE ENFIELD",2,0,0,0,0,2014,"June","Wednesday","08:15 am","050","Not Divided","Straight road","Level","Not Applicable","Sealed","Dry","Not Raining","Daylight","Hit Parked Vehicle","01","Driver Rider","1: PDO","No Control","","",1332331.5,1677384.47,"13323321677384"
"2014-7863-27/05/2021","2 Metropolitan","WOODSIDE","5244","THE ADELAIDE HILLS COUNCIL",2,0,0,0,0,2014,"June","Tuesday","06:00 pm","050","Not Divided","Straight road","Slope","Driveway or Entrance","Sealed","Dry","Not Raining","Night","Right Angle","02","Driver Rider","1: PDO","No Control","","",1353797.21,1666655.4,"13537971666655"
"2014-7864-27/05/2021","2 Metropolitan","WEST CROYDON","5008","CITY OF CHARLES STURT",2,1,0,0,1,2014,"June","Wednesday","07:55 am","050","Cross Road","Straight road","Level","Not Applicable","Sealed","Dry","Not Raining","Daylight","Right Angle","02","Driver Rider","2: MI","Roundabout","","",1325413.88,1674479.57,"13254141674480"
"2014-7865-27/05/2021","2 Metropolitan","GLYNDE","5070","CC OF NORWOOD,PAYNEHAM & ST PETERS",4,1,0,0,1,2014,"June","Wednesday","08:55 am","060","Divided Road","Straight road","Level","Not Applicable","Sealed","Dry","Not Raining","Daylight","Rear End","01","Driver Rider","2: MI","No Control","","",1333612.06,1674437.36,"13336121674437"
"2014-7866-27/05/2021","2 Metropolitan","MAWSON LAKES","5095","CITY OF SALISBURY",4,0,0,0,0,2014,"June","Wednesday","08:00 am","070","Cross Road","Straight road","Level","Not Applicable","Sealed","Dry","Not Raining","Daylight","Rear End","01","Driver Rider","1: PDO","Traffic Signals","","",1329566.06,1684422.81,"13295661684423"
"2014-7867-27/05/2021","2 Metropolitan","ALDINGA BEACH","5173","CITY OF ONKAPARINGA",4,1,0,0,1,2014,"June","Wednesday","08:50 am","050","T-Junction","Straight road","Level","Not Applicable","Sealed","Dry","Not Raining","Daylight","Hit Parked Vehicle","01","Driver Rider","2: MI","No Control","","",1314639.43,1632366.83,"13146391632367"
"2014-7868-27/05/2021","3 Country","CASSINI","5223","KANGAROO ISLAND COUNCIL",2,0,0,0,0,2014,"June","Wednesday","07:40 am","100","Not Divided","CURVED, VIEW OBSCURED","Slope","Not Applicable","Unsealed","Dry","Not Raining","Daylight","Hit Fixed Object","01","Driver Rider","1: PDO","No Control","","",1214176.46,1593722.61,"12141761593723"
"2014-7869-27/05/2021","2 Metropolitan","MAWSON LAKES","5095","CITY OF SALISBURY",2,0,0,0,0,2014,"June","Wednesday","07:30 am","070","Not Divided","Straight road","Crest of Hill","Bridge, Culvert, Causeway","Sealed","Dry","Not Raining","Daylight","Rear End","02","Driver Rider","1: PDO","No Control","","",1329967.25,1684264.35,"13299671684264"
"2014-7870-27/05/2021","1 City","ADELAIDE","5000","CITY OF ADELAIDE",2,0,0,0,0,2014,"June","Wednesday","11:00 am","050","Not Divided","CURVED, VIEW OBSCURED","Level","Driveway or Entrance","Sealed","Dry","Not Raining","Daylight","Side Swipe","02","Driver Rider","1: PDO","No Control","","",1330079.85,1669920.86,"13300801669921"
"2014-7871-27/05/2021","2 Metropolitan","PENNINGTON","5013","CITY OF CHARLES STURT",2,0,0,0,0,2014,"June","Wednesday","11:20 am","060","T-Junction","Straight road","Level","Not Applicable","Sealed","Dry","Not Raining","Daylight","Rear End","02","Driver Rider","1: PDO","No Control","","",1322283.97,1678407.03,"13222841678407"