"REPORT_ID","Stats Area","Suburb","Postcode","LGA Name","Total Units","Total Cas","Total Fats","Total SI","Total MI","Year","Month","Day","Time","Area Speed","Position Type","Horizontal Align","Vertical Align","Other Feat","Road Surface","Moisture Cond","Weather Cond","DayNight","Crash Type","Unit Resp","Entity Code","CSEF Severity","Traffic Ctrls","DUI Involved","Drugs Involved","ACCLOC_X","ACCLOC_Y","UNIQUE_LOC"
"2014-7954-27/05/2021","2 Metropolitan","SOMERTON PARK","5044","CITY OF HOLDFAST BAY",2,1,0,0,1,2014,"June","Thursday","01:40 pm","060","Divided Road","Straight road","Level","Not Applicable","Sealed","Dry","Not Raining","Daylight","Hit Parked Vehicle","01","Driver Rider","2: MI","No Control","","",1321083.74,1662766.95,"13210841662767"
"2014-7955-27/05/2021","2 Metropolitan","HALLETT COVE","5158","CC MARION.                    ",2,2,0,0,2,2014,"June","Friday","10:10 am","050","Cross Road","Straight road","Level","Not Applicable","Sealed","Dry","Not Raining","Daylight","Right Turn","02","Driver Rider","2: MI","Traffic Signals","","",1320161.88,1654139.75,"13201621654140"
"2014-7956-27/05/2021","3 Country","PENOLA","5277","WATTLE RANGE COUNCIL",2,1,0,0,1,2014,"June","Friday","10:50 am","080","Not Divided","Straight road","Level","Not Applicable","Sealed","Wet","Not Raining","Daylight","Hit Fixed Object","01","Driver Rider","2: MI","No Control","","",1517997.19,1391295.5,"15179971391296"
"2014-7957-27/05/2021","2 Metropolitan","WEST HINDMARSH","5007","CITY OF CHARLES STURT",2,0,0,0,0,2014,"June","Friday","10:00 am","060","T-Junction","Straight road","Level","Not Applicable","Sealed","Dry","Not Raining","Daylight","Rear End","02","Driver Rider","1: PDO","No Control","","",1325508.11,1673369.72,"13255081673370"
"2014-7958-27/05/2021","3 Country","HAYBOROUGH","5211","DC VICTOR HARBOR.             ",2,1,0,0,1,2014,"June","Friday","08:25 am","060","Not Divided","Straight road","Slope","Not Applicable","Sealed","Wet","Raining","Daylight","Rear End","01","Driver Rider","2: MI","No Control","","",1329848.48,1602895.1,"13298481602895"
"2014-7959-27/05/2021","3 Country","UNDALYA","5451","CLARE AND GILBERT VALLEYS DISTRICT COUNCIL",2,0,0,0,0,2014,"June","Friday","10:50 am","100","Not Divided","Straight road","Slope","Not Applicable","Sealed","Dry","Not Raining","Daylight","Head On","01","Driver Rider","1: PDO","No Control","","",1340486.39,1763178.67,"13404861763179"
"2014-7960-27/05/2021","2 Metropolitan","HOPE VALLEY","5090","CITY OF TEA TREE GULLY",2,0,0,0,0,2014,"June","Friday","08:30 am","060","Divided Road","Straight road","Level","Not Applicable","Sealed","Dry","Not Raining","Daylight","Side Swipe","01","Driver Rider","1: PDO","No Control","","",1336499.51,1679441.2,"13365001679441"
"2014-7961-27/05/2021","3 Country","LAMEROO","5302","SOUTHERN MALLEE DISTRICT COUNCIL",1,1,0,0,1,2014,"June","Thursday","08:30 am","100","Not Divided","Straight road","Level","Not Applicable","Sealed","Dry","Not Raining","Daylight","Roll Over","09","Other","2: MI","No Control","","",1482875,1633765.24,"14828751633765"
"2014-7962-27/05/2021","2 Metropolitan","MODBURY","5092","CITY OF TEA TREE GULLY",2,2,0,0,2,2014,"June","Friday","10:55 am","060","Divided Road","Straight road","Level","Driveway or Entrance","Sealed","Dry","Not Raining","Daylight","Right Angle","01","Driver Rider","2: MI","No Control","","",1336869.95,1680924.72,"13368701680925"
"2014-7963-27/05/2021","2 Metropolitan","KLEMZIG","5087","CITY OF PORT ADELAIDE ENFIELD",2,0,0,0,0,2014,"June","Friday","12:15 pm","060","Divided Road","Straight road","Level","Not Applicable","Sealed","Wet","Not Raining","Daylight","Hit Parked Vehicle","01","Driver Rider","1: PDO","No Control","","",1332012.4,1676528.68,"13320121676529"
"2014-7964-27/05/2021","3 Country","LYNDOCH","5351","THE BAROSSA COUNCIL.",2,0,0,0,0,2014,"June","Thursday","04:30 pm","100","Not Divided","Straight road","Level","Not Applicable","Unsealed","Dry","Not Raining","Daylight","Hit Parked Vehicle","02","Driver Rider","1: PDO","No Control","","",1354042.14,1707216.48,"13540421707216"
"2014-7965-27/05/2021","2 Metropolitan","VERDUN","5245","THE ADELAIDE HILLS COUNCIL",2,0,0,0,0,2014,"June","Friday","01:00 pm","080","Ramp Off","CURVED, VIEW OPEN","Level","Not Applicable","Sealed","Wet","Raining","Daylight","Hit Fixed Object","01","Driver Rider","1: PDO","No Control","","",1345218.89,1659780.86,"13452191659781"
"2014-7966-27/05/2021","1 City","ADELAIDE","5000","CITY OF ADELAIDE",2,0,0,0,0,2014,"June","Friday","09:30 am","050","Cross Road","Straight road","Level","Not Applicable","Sealed","Dry","Not Raining","Daylight","Right Turn","01","Driver Rider","1: PDO","Give Way Sign","","",1327395.92,1670003.03,"13273961670003"
"2014-7967-27/05/2021","2 Metropolitan","IRONBANK","5153","THE ADELAIDE HILLS COUNCIL",2,0,0,0,0,2014,"June","Friday","08:25 am","080","Not Divided","CURVED, VIEW OPEN","Level","Not Applicable","Sealed","Wet","Raining","Daylight","Hit Animal","02","Animal","1: PDO","No Control","","",1335956.37,1656526.94,"13359561656527"
"2014-7968-27/05/2021","2 Metropolitan","STEPNEY","5069","CC OF NORWOOD,PAYNEHAM & ST PETERS",2,1,0,0,1,2014,"May","Tuesday","08:30 am","060","Cross Road","Straight road","Level","Not Applicable","Sealed","Dry","Not Raining","Daylight","Rear End","02","Driver Rider","2: MI","Traffic Signals","","",1331113.37,1672400.35,"13311131672400"
"2014-7969-27/05/2021","3 Country","MURRAY BRIDGE","5253","RC MURRAY BRIDGE.             ",2,0,0,0,0,2014,"June","Friday","12:10 pm","050","Cross Road","Straight road","Level","Not Applicable","Sealed","Dry","Not Raining","Daylight","Right Angle","01","Driver Rider","1: PDO","Give Way Sign","","",1389372.14,1646826.6,"13893721646827"
"2014-7970-27/05/2021","2 Metropolitan","GEPPS CROSS","5094","CITY OF PORT ADELAIDE ENFIELD",2,1,0,0,1,2014,"June","Friday","11:30 am","060","Cross Road","Straight road","Level","Not Applicable","Sealed","Dry","Not Raining","Daylight","Rear End","02","Driver Rider","2: MI","Traffic Signals","","",1330372.74,1679303.24,"13303731679303"
"2014-7971-27/05/2021","2 Metropolitan","ST MARYS","5042","CC MITCHAM.                   ",2,1,0,0,1,2014,"May","Friday","04:15 pm","060","Cross Road","Straight road","Level","Not Applicable","Sealed","Wet","Raining","Daylight","Rear End","02","Driver Rider","2: MI","Traffic Signals","","",1325962.44,1663322.78,"13259621663323"
"2014-7972-27/05/2021","2 Metropolitan","WEST HINDMARSH","5007","CITY OF CHARLES STURT",2,1,0,0,1,2014,"June","Friday","03:00 pm","060","Divided Road","Straight road","Level","Not Applicable","Sealed","Wet","Raining","Daylight","Hit Parked Vehicle","02","Driver Rider","2: MI","No Control","","",1325206.24,1673696.12,"13252061673696"
"2014-7973-27/05/2021","2 Metropolitan","PROSPECT","5082","CITY OF PROSPECT",3,1,0,0,1,2014,"June","Thursday","05:55 pm","040","Divided Road","Straight road","Level","Not Applicable","Sealed","Dry","Not Raining","Night","Rear End","01","Driver Rider","2: MI","Traffic Signals","","",1328095.07,1674916.06,"13280951674916"
"2014-7974-27/05/2021","3 Country","TEPKO","5254","MID MURRAY DISTRICT COUNCIL",2,0,0,0,0,2014,"June","Friday","12:45 pm","100","Not Divided","Straight road","Level","Not Applicable","Unsealed","Wet","Not Raining","Daylight","Hit Fixed Object","01","Driver Rider","1: PDO","No Control","","",1381665.36,1663872.88,"13816651663873"
"2014-7975-27/05/2021","3 Country","MOUNT GAMBIER","5290","CC MT.GAMBIER.                ",2,0,0,0,0,2014,"June","Friday","03:35 pm","050","Not Divided","Straight road","Level","Driveway or Entrance","Sealed","Wet","Not Raining","Daylight","Right Angle","02","Driver Rider","1: PDO","No Control","","",1507979.01,1340377.5,"15079791340378"
"2014-7976-27/05/2021","2 Metropolitan","PORT ADELAIDE","5015","CITY OF PORT ADELAIDE ENFIELD",2,1,0,0,1,2014,"June","Friday","02:15 pm","040","Divided Road","Straight road","Level","Driveway or Entrance","Sealed","Dry","Not Raining","Daylight","Right Turn","01","Driver Rider","2: MI","No Control","","",1320106.3,1679713.93,"13201061679714"
"2014-7977-27/05/2021","2 Metropolitan","WINGFIELD","5013","CITY OF PORT ADELAIDE ENFIELD",2,2,0,0,2,2014,"June","Thursday","05:30 pm","060","Cross Road","Straight road","Level","Not Applicable","Sealed","Dry","Not Raining","Night","Right Angle","01","Driver Rider","2: MI","Traffic Signals","","",1323910.9,1679152.49,"13239111679152"
"2014-7978-27/05/2021","2 Metropolitan","NOARLUNGA DOWNS","5168","CITY OF ONKAPARINGA",2,1,0,0,1,2014,"June","Friday","03:40 pm","070","Divided Road","Straight road","Level","Driveway or Entrance","Sealed","Dry","Not Raining","Daylight","Right Angle","01","Driver Rider","2: MI","No Control","","",1318339.24,1646732.9,"13183391646733"
"2014-7979-27/05/2021","2 Metropolitan","KIDMAN PARK","5025","CITY OF CHARLES STURT",2,0,0,0,0,2014,"June","Friday","03:20 pm","060","T-Junction","Straight road","Level","Not Applicable","Sealed","Wet","Raining","Daylight","Right Angle","01","Driver Rider","1: PDO","No Control","","",1321925.68,1673105.84,"13219261673106"
"2014-7980-27/05/2021","2 Metropolitan","CLARENCE GARDENS","5039","CC MITCHAM.                   ",2,1,0,0,1,2014,"June","Friday","04:30 pm","060","Rail Xing","CURVED, VIEW OPEN","Level","Not Applicable","Sealed","Dry","Not Raining","Daylight","Hit Pedestrian","01","Pedestrian","2: MI","Traffic Signals","","",1325891.47,1666156.75,"13258911666157"
"2014-7981-27/05/2021","2 Metropolitan","PAYNEHAM","5070","CC OF NORWOOD,PAYNEHAM & ST PETERS",4,0,0,0,0,2014,"June","Friday","05:30 pm","060","Cross Road","Straight road","Level","Not Applicable","Sealed","Wet","Raining","Night","Rear End","01","Driver Rider","1: PDO","Give Way Sign","","",1332186.76,1673371.72,"13321871673372"
"2014-7982-27/05/2021","2 Metropolitan","STEPNEY","5069","CC OF NORWOOD,PAYNEHAM & ST PETERS",2,0,0,0,0,2014,"June","Friday","05:35 pm","060","Cross Road","Straight road","Level","Not Applicable","Sealed","Wet","Raining","Night","Right Turn","01","Driver Rider","1: PDO","Traffic Signals","","",1331113.37,1672400.35,"13311131672400"
"2014-7983-27/05/2021","2 Metropolitan","SEMAPHORE PARK","5019","CITY OF CHARLES STURT",2,0,0,0,0,2014,"June","Friday","05:30 pm","050","T-Junction","Straight road","Level","Not Applicable","Sealed","Wet","Raining","Night","Hit Fixed Object","01","Driver Rider","1: PDO","No Control","","",1319003.85,1679079.86,"13190041679080"
"2014-7984-27/05/2021","1 City","ADELAIDE","5000","CITY OF ADELAIDE",2,0,0,0,0,2014,"June","Friday","06:05 pm","050","Not Divided","Straight road","Level","Not Applicable","Sealed","Wet","Raining","Night","Side Swipe","01","Driver Rider","1: PDO","No Control","","",1329054.45,1671689.58,"13290541671690"
"2014-7985-27/05/2021","2 Metropolitan","GLANDORE","5037","CC MARION.                    ",2,0,0,0,0,2014,"June","Friday","05:00 pm","060","Cross Road","Straight road","Level","Not Applicable","Sealed","Dry","Not Raining","Daylight","Right Turn","01","Driver Rider","1: PDO","Stop Sign","","",1325854.02,1667032.38,"13258541667032"
"2014-7986-27/05/2021","2 Metropolitan","KESWICK","5035","CITY OF WEST TORRENS",2,0,0,0,0,2014,"June","Friday","06:45 pm","060","T-Junction","Straight road","Level","Not Applicable","Sealed","Wet","Raining","Night","Rear End","02","Driver Rider","1: PDO","No Control","","",1326016.21,1668954.25,"13260161668954"
"2014-7987-27/05/2021","2 Metropolitan","PARADISE","5075","CC CAMPBELLTOWN.              ",2,1,0,0,1,2014,"June","Friday","06:00 pm","060","Cross Road","Straight road","Level","Not Applicable","Sealed","Wet","Raining","Night","Right Turn","01","Driver Rider","2: MI","Traffic Signals","","",1334976.63,1676238.55,"13349771676239"
"2014-7988-27/05/2021","2 Metropolitan","INGLE FARM","5098","CITY OF SALISBURY",2,0,0,0,0,2014,"June","Friday","06:55 pm","060","T-Junction","Straight road","Level","Not Applicable","Sealed","Wet","Raining","Night","Right Angle","01","Driver Rider","1: PDO","Give Way Sign","","",1333268.54,1681353.79,"13332691681354"
"2014-7989-27/05/2021","2 Metropolitan","SEAVIEW DOWNS","5049","CITY OF HOLDFAST BAY",2,0,0,0,0,2014,"June","Friday","06:20 pm","050","Divided Road","Straight road","Slope","Median Opening (not at I/S)","Sealed","Wet","Not Raining","Night","Side Swipe","02","Driver Rider","1: PDO","No Control","","",1322004.06,1659240.35,"13220041659240"
"2014-7990-27/05/2021","2 Metropolitan","LONGWOOD","5153","THE ADELAIDE HILLS COUNCIL",2,1,0,0,1,2014,"June","Friday","05:40 pm","080","Not Divided","Straight road","Slope","Not Applicable","Sealed","Wet","Unknown","Night","Hit Fixed Object","01","Driver Rider","2: MI","No Control","","Y",1338469.23,1657293.59,"13384691657294"
"2014-7991-27/05/2021","2 Metropolitan","BLAKEVIEW","5114","CITY OF PLAYFORD.",2,1,0,0,1,2014,"June","Friday","08:30 pm","060","T-Junction","Straight road","Level","Not Applicable","Sealed","Wet","Not Raining","Night","Rear End","01","Driver Rider","2: MI","No Control","","",1337788.06,1696569.79,"13377881696570"
"2014-7992-27/05/2021","2 Metropolitan","WILLASTON","5118","CT GAWLER.                    ",2,0,0,0,0,2014,"June","Friday","03:20 pm","050","Cross Road","Straight road","Level","Not Applicable","Sealed","Wet","Unknown","Daylight","Right Angle","01","Driver Rider","1: PDO","Give Way Sign","","",1342991.72,1707820.5,"13429921707821"
"2014-7993-27/05/2021","3 Country","LOCHIEL","5510","WAKEFIELD REGIONAL COUNCIL",1,1,0,0,1,2014,"June","Friday","05:15 pm","110","Not Divided","Straight road","Level","Not Applicable","Sealed","Dry","Not Raining","Night","Roll Over","01","Driver Rider","2: MI","No Control","","",1293109.54,1787444.53,"12931101787445"
"2014-7994-27/05/2021","2 Metropolitan","CUMBERLAND PARK","5041","CC MITCHAM.                   ",3,1,0,0,1,2014,"June","Friday","04:00 pm","060","Divided Road","Straight road","Level","Not Applicable","Sealed","Wet","Not Raining","Daylight","Rear End","01","Driver Rider","2: MI","No Control","","",1327328.04,1666198.42,"13273281666198"
"2014-7995-27/05/2021","2 Metropolitan","PAYNEHAM","5070","CC OF NORWOOD,PAYNEHAM & ST PETERS",2,0,0,0,0,2014,"June","Friday","07:05 pm","060","Divided Road","Straight road","Level","Not Applicable","Sealed","Wet","Raining","Night","Rear End","02","Driver Rider","1: PDO","No Control","","",1332053.89,1673653.18,"13320541673653"
"2014-7996-27/05/2021","2 Metropolitan","WOODSIDE","5244","THE ADELAIDE HILLS COUNCIL",2,0,0,0,0,2014,"June","Friday","05:45 pm","050","T-Junction","Straight road","Level","Not Applicable","Sealed","Wet","Not Raining","Night","Right Angle","02","Driver Rider","1: PDO","No Control","","",1353623.96,1667123.32,"13536241667123"
"2014-7997-27/05/2021","2 Metropolitan","MAGILL","5072","CC CAMPBELLTOWN.              ",2,0,0,0,0,2014,"June","Friday","04:15 pm","060","Cross Road","Straight road","Level","Not Applicable","Sealed","Wet","Not Raining","Daylight","Right Angle","02","Driver Rider","1: PDO","Stop Sign","","",1335046.8,1672918.96,"13350471672919"
"2014-7998-27/05/2021","2 Metropolitan","MACCLESFIELD","5153","DC MT.BARKER.                 ",2,1,0,1,0,2014,"June","Friday","07:30 pm","080","Not Divided","CURVED, VIEW OBSCURED","Slope","Not Applicable","Sealed","Wet","Not Raining","Night","Hit Fixed Object","01","Driver Rider","3: SI","No Control","","",1349897.22,1642870.29,"13498971642870"
"2014-7999-27/05/2021","2 Metropolitan","HENLEY BEACH","5022","CITY OF CHARLES STURT",2,3,0,0,3,2014,"June","Saturday","01:15 am","050","Not Divided","Straight road","Level","Not Applicable","Sealed","Wet","Not Raining","Night","Head On","02","Driver Rider","2: MI","No Control","Y","",1319760.22,1671648.19,"13197601671648"
"2014-8000-27/05/2021","3 Country","NURIOOTPA","5355","THE BAROSSA COUNCIL.",2,0,0,0,0,2014,"June","Friday","11:10 pm","050","Not Divided","CURVED, VIEW OPEN","Level","Not Applicable","Sealed","Wet","Raining","Night","Roll Over","01","Driver Rider","1: PDO","No Control","","",1364715.38,1720864.69,"13647151720865"
"2014-8001-27/05/2021","2 Metropolitan","RICHMOND","5033","CITY OF WEST TORRENS",2,1,0,0,1,2014,"June","Saturday","02:00 am","050","Not Divided","CURVED, VIEW OPEN","Level","Not Applicable","Sealed","Wet","Raining","Night","Hit Parked Vehicle","01","Driver Rider","2: MI","No Control","Y","",1324957.73,1669774.39,"13249581669774"
"2014-8002-27/05/2021","2 Metropolitan","SMITHFIELD","5114","CITY OF PLAYFORD.",2,0,0,0,0,2014,"June","Saturday","03:11 am","080","Cross Road","CURVED, VIEW OPEN","Level","Not Applicable","Sealed","Wet","Not Raining","Night","Hit Fixed Object","01","Driver Rider","1: PDO","Traffic Signals","","",1337612.7,1696654.75,"13376131696655"
"2014-8003-27/05/2021","2 Metropolitan","MAWSON LAKES","5095","CITY OF SALISBURY",2,0,0,0,0,2014,"June","Friday","05:10 pm","070","Divided Road","Straight road","Level","Not Applicable","Sealed","Dry","Not Raining","Daylight","Rear End","02","Driver Rider","1: PDO","No Control","","",1328944.6,1683666.89,"13289451683667"
"2014-8004-27/05/2021","3 Country","WHYALLA","5600","CC WHYALLA.                   ",2,0,0,0,0,2014,"June","Friday","05:45 pm","050","Cross Road","Straight road","Bottom of Hill","Not Applicable","Sealed","Wet","Raining","Night","Right Angle","02","Driver Rider","1: PDO","Roundabout","","",1240689.9,1882413.54,"12406901882414"
"2014-8005-27/05/2021","2 Metropolitan","STIRLING","5152","THE ADELAIDE HILLS COUNCIL",2,0,0,0,0,2014,"June","Friday","09:15 pm","110","Freeway","Straight road","Level","Not Applicable","Sealed","Wet","Not Raining","Night","Rear End","02","Driver Rider","1: PDO","No Control","","",1339998.62,1662313.89,"13399991662314"
"2014-8006-27/05/2021","2 Metropolitan","MORPHETT VALE","5162","CITY OF ONKAPARINGA",2,0,0,0,0,2014,"June","Friday","08:00 pm","060","T-Junction","CURVED, VIEW OPEN","Level","Not Applicable","Sealed","Wet","Not Raining","Night","Right Angle","02","Driver Rider","1: PDO","No Control","","",1321951.22,1649296.4,"13219511649296"
"2014-8007-27/05/2021","2 Metropolitan","WOODVILLE WEST","5011","CITY OF CHARLES STURT",2,1,0,0,1,2014,"June","Saturday","09:00 am","060","T-Junction","Straight road","Level","Not Applicable","Sealed","Wet","Not Raining","Daylight","Right Angle","02","Driver Rider","2: MI","No Control","","",1322370.02,1674898.73,"13223701674899"
"2014-8008-27/05/2021","3 Country","SOLOMONTOWN","5540","PT.PIRIE CITY & DIST. COUNCIL ",2,0,0,0,0,2014,"June","Thursday","12:45 pm","050","Divided Road","Straight road","Level","Not Applicable","Sealed","Dry","Not Raining","Daylight","Rear End","01","Driver Rider","1: PDO","No Control","","",1280757.99,1865161.69,"12807581865162"
"2014-8009-27/05/2021","2 Metropolitan","REGENCY PARK","5010","CITY OF PORT ADELAIDE ENFIELD",2,0,0,0,0,2014,"June","Friday","03:00 pm","060","Cross Road","Straight road","Level","Not Applicable","Sealed","Wet","Raining","Daylight","Rear End","01","Driver Rider","1: PDO","Traffic Signals","","",1326061.04,1676365.88,"13260611676366"
"2014-8010-27/05/2021","2 Metropolitan","CLARENDON","5157","CITY OF ONKAPARINGA",2,1,0,0,1,2014,"June","Saturday","08:00 am","080","Not Divided","CURVED, VIEW OPEN","Level","Not Applicable","Sealed","Wet","Raining","Daylight","Hit Fixed Object","01","Driver Rider","2: MI","No Control","","",1327276.85,1650017.8,"13272771650018"
"2014-8011-27/05/2021","2 Metropolitan","SEATON","5023","CITY OF CHARLES STURT",2,0,0,0,0,2014,"June","Saturday","09:30 am","060","Divided Road","Straight road","Level","Not Applicable","Sealed","Dry","Not Raining","Daylight","Hit Fixed Object","01","Driver Rider","1: PDO","No Control","","",1319944.86,1673636.45,"13199451673636"
"2014-8012-27/05/2021","3 Country","TANTANOOLA","5280","WATTLE RANGE COUNCIL",2,0,0,0,0,2014,"June","Friday","05:50 pm","110","Not Divided","CURVED, VIEW OPEN","Slope","Not Applicable","Sealed","Wet","Raining","Night","Hit Fixed Object","01","Driver Rider","1: PDO","No Control","","",1485883.56,1355424.37,"14858841355424"
"2014-8013-27/05/2021","2 Metropolitan","TROTT PARK","5158","CC MARION.                    ",2,0,0,0,0,2014,"June","Friday","06:30 pm","040","Freeway","CURVED, VIEW OPEN","Level","Roadworks","Sealed","Dry","Not Raining","Night","Rear End","02","Driver Rider","1: PDO","No Control","","",1322524.49,1653067.92,"13225241653068"
"2014-8014-27/05/2021","2 Metropolitan","CROYDON PARK","5008","CITY OF PORT ADELAIDE ENFIELD",2,0,0,0,0,2014,"June","Saturday","10:50 am","060","T-Junction","Straight road","Level","Not Applicable","Sealed","Dry","Not Raining","Daylight","Right Angle","02","Driver Rider","1: PDO","No Control","","",1326370.09,1676373.17,"13263701676373"
"2014-8015-27/05/2021","3 Country","WHYALLA NORRIE","5608","CC WHYALLA.                   ",2,1,0,0,1,2014,"June","Saturday","09:35 am","060","T-Junction","Straight road","Level","Not Applicable","Sealed","Dry","Not Raining","Daylight","Right Angle","02","Driver Rider","2: MI","No Control","","",1236700.29,1883496.75,"12367001883497"
"2014-8016-27/05/2021","2 Metropolitan","MANNINGHAM","5086","CITY OF PROSPECT",2,0,0,0,0,2014,"June","Saturday","08:30 am","060","Not Divided","Straight road","Level","Not Applicable","Sealed","Wet","Raining","Daylight","Hit Fixed Object","01","Driver Rider","1: PDO","No Control","","",1330468.93,1675486.98,"13304691675487"
"2014-8017-27/05/2021","2 Metropolitan","PARKSIDE","5063","CITY OF UNLEY",3,0,0,0,0,2014,"June","Saturday","12:15 pm","060","Divided Road","Straight road","Level","Not Applicable","Sealed","Wet","Not Raining","Daylight","Rear End","01","Driver Rider","1: PDO","No Control","","",1329107.87,1668965.24,"13291081668965"
"2014-8018-27/05/2021","2 Metropolitan","BIRKENHEAD","5015","CITY OF PORT ADELAIDE ENFIELD",2,0,0,0,0,2014,"June","Saturday","12:25 pm","050","Cross Road","Straight road","Level","Not Applicable","Sealed","Dry","Not Raining","Daylight","Rear End","02","Driver Rider","1: PDO","Give Way Sign","","",1319531.38,1680493.26,"13195311680493"
"2014-8019-27/05/2021","2 Metropolitan","HAWTHORN","5062","CC MITCHAM.                   ",2,1,0,0,1,2014,"June","Thursday","09:45 am","060","T-Junction","Straight road","Slope","Not Applicable","Sealed","Dry","Not Raining","Daylight","Rear End","02","Passenger","2: MI","Traffic Signals","","",1328309.41,1666226.27,"13283091666226"
"2014-8020-27/05/2021","2 Metropolitan","SMITHFIELD","5114","CITY OF PLAYFORD.",2,0,0,0,0,2014,"June","Saturday","12:30 pm","050","Not Divided","Straight road","Level","Driveway or Entrance","Sealed","Dry","Not Raining","Daylight","Right Angle","02","Driver Rider","1: PDO","No Control","","",1337488.81,1697155.01,"13374891697155"
"2014-8021-27/05/2021","2 Metropolitan","URRBRAE","5064","CC MITCHAM.                   ",2,0,0,0,0,2014,"June","Saturday","10:30 am","060","Freeway","CURVED, VIEW OPEN","Slope","Not Applicable","Sealed","Wet","Raining","Daylight","Hit Fixed Object","09","Other","1: PDO","No Control","","",1332846.77,1665830.77,"13328471665831"
"2014-8022-27/05/2021","2 Metropolitan","WINGFIELD","5013","CITY OF PORT ADELAIDE ENFIELD",2,0,0,0,0,2014,"June","Friday","08:30 pm","060","T-Junction","Straight road","Level","Not Applicable","Sealed","Wet","Raining","Night","Hit Fixed Object","01","Driver Rider","1: PDO","No Control","","",1325851.75,1679703.01,"13258521679703"
"2014-8023-27/05/2021","2 Metropolitan","HENDON","5014","CITY OF CHARLES STURT",2,0,0,0,0,2014,"June","Saturday","12:15 pm","050","Cross Road","Straight road","Level","Not Applicable","Sealed","Dry","Not Raining","Daylight","Right Angle","02","Driver Rider","1: PDO","Give Way Sign","","",1320917.04,1676552.97,"13209171676553"
"2014-8024-27/05/2021","2 Metropolitan","HACKHAM","5163","CITY OF ONKAPARINGA",2,2,0,0,2,2014,"June","Saturday","11:50 am","060","T-Junction","Straight road","Level","Not Applicable","Sealed","Dry","Not Raining","Daylight","Right Angle","01","Driver Rider","2: MI","No Control","","",1321008.87,1647535.24,"13210091647535"
"2014-8025-27/05/2021","2 Metropolitan","TOORAK GARDENS","5065","CITY OF BURNSIDE",2,0,0,0,0,2014,"June","Saturday","12:15 pm","060","T-Junction","Straight road","Level","Not Applicable","Sealed","Wet","Unknown","Daylight","Rear End","02","Driver Rider","1: PDO","No Control","","",1332273.39,1670292.03,"13322731670292"
"2014-8026-27/05/2021","2 Metropolitan","FULHAM","5024","CITY OF WEST TORRENS",3,1,0,0,1,2014,"June","Friday","02:55 pm","060","Divided Road","Straight road","Level","Not Applicable","Sealed","Wet","Raining","Daylight","Rear End","02","Driver Rider","2: MI","No Control","","",1320968.28,1670937.04,"13209681670937"
"2014-8027-27/05/2021","2 Metropolitan","WEST HINDMARSH","5007","CITY OF CHARLES STURT",2,0,0,0,0,2014,"June","Saturday","03:00 pm","050","Not Divided","Straight road","Level","Not Applicable","Sealed","Dry","Not Raining","Daylight","Hit Fixed Object","01","Driver Rider","1: PDO","No Control","","",1325124.08,1673076.07,"13251241673076"
"2014-8028-27/05/2021","3 Country","WHYALLA","5600",,1,1,0,1,0,2014,"June","Friday","10:00 pm","110","Not Divided","CURVED, VIEW OBSCURED","Level","Not Applicable","Sealed","Wet","Unknown","Night","Roll Over","01","Driver Rider","3: SI","No Control","","",1234190.11,1918752.13,"12341901918752"
"2014-8029-27/05/2021","2 Metropolitan","SEAFORD MEADOWS","5169","CITY OF ONKAPARINGA",3,0,0,0,0,2014,"June","Saturday","05:00 pm","050","Cross Road","Straight road","Level","Not Applicable","Sealed","Dry","Not Raining","Daylight","Right Turn","01","Driver Rider","1: PDO","Traffic Signals","","",1316352.56,1642778.71,"13163531642779"
"2014-8030-27/05/2021","3 Country","WHYALLA","5600","CC WHYALLA.                   ",2,0,0,0,0,2014,"June","Saturday","04:45 pm","060","Cross Road","Straight road","Level","Not Applicable","Sealed","Dry","Not Raining","Daylight","Rear End","01","Driver Rider","1: PDO","No Control","","",1239745.49,1882927.36,"12397451882927"
"2014-8031-27/05/2021","2 Metropolitan","OTTOWAY","5013","CITY OF PORT ADELAIDE ENFIELD",2,1,0,0,1,2014,"June","Saturday","04:35 pm","060","Cross Road","Straight road","Level","Not Applicable","Sealed","Dry","Not Raining","Daylight","Right Angle","01","Driver Rider","2: MI","Give Way Sign","","",1322902.28,1679362.03,"13229021679362"
"2014-8032-27/05/2021","2 Metropolitan","WILLUNGA","5172","CITY OF ONKAPARINGA",2,1,0,0,1,2014,"June","Saturday","12:00 pm","100","Not Divided","CURVED, VIEW OBSCURED","Slope","Not Applicable","Sealed","Dry","Not Raining","Daylight","Head On","01","Driver Rider","2: MI","No Control","","",1324530.32,1631006.17,"13245301631006"
"2014-8033-27/05/2021","2 Metropolitan","KANGARILLA","5157","CITY OF ONKAPARINGA",2,1,0,0,1,2014,"June","Saturday","03:55 pm","080","Not Divided","CURVED, VIEW OBSCURED","Slope","Not Applicable","Sealed","Wet","Not Raining","Daylight","Roll Over","01","Driver Rider","2: MI","No Control","","",1336596.47,1644155.58,"13365961644156"
"2014-8034-27/05/2021","1 City","ADELAIDE","5000","CITY OF ADELAIDE",2,0,0,0,0,2014,"June","Friday","11:00 am","050","Divided Road","Straight road","Level","Not Applicable","Sealed","Dry","Not Raining","Daylight","Right Angle","01","Driver Rider","1: PDO","No Control","","",1327713.1,1670334.62,"13277131670335"
"2014-8035-27/05/2021","2 Metropolitan","SMITHFIELD","5114","CITY OF PLAYFORD.",2,0,0,0,0,2014,"June","Saturday","05:50 pm","080","Cross Road","Straight road","Level","Not Applicable","Sealed","Wet","Raining","Night","Rear End","02","Driver Rider","1: PDO","Traffic Signals","","",1337612.7,1696654.75,"13376131696655"