"REPORT_ID","Stats Area","Suburb","Postcode","LGA Name","Total Units","Total Cas","Total Fats","Total SI","Total MI","Year","Month","Day","Time","Area Speed","Position Type","Horizontal Align","Vertical Align","Other Feat","Road Surface","Moisture Cond","Weather Cond","DayNight","Crash Type","Unit Resp","Entity Code","CSEF Severity","Traffic Ctrls","DUI Involved","Drugs Involved","ACCLOC_X","ACCLOC_Y","UNIQUE_LOC"
"2014-8199-27/05/2021","2 Metropolitan","CROYDON","5008","CITY OF CHARLES STURT",2,1,0,0,1,2014,"June","Wednesday","11:40 am","060","Not Divided","Straight road","Level","Not Applicable","Sealed","Dry","Not Raining","Daylight","Rear End","02","Driver Rider","2: MI","No Control","","",1325544.37,1673658.75,"13255441673659"
"2014-8200-27/05/2021","2 Metropolitan","PROSPECT","5082","CITY OF PROSPECT",3,0,0,0,0,2014,"June","Wednesday","10:47 am","060","Cross Road","Straight road","Level","Not Applicable","Sealed","Dry","Not Raining","Daylight","Right Angle","01","Driver Rider","1: PDO","Traffic Signals","","",1328059.86,1676413.62,"13280601676414"
"2014-8201-27/05/2021","2 Metropolitan","KLEMZIG","5087","CITY OF PORT ADELAIDE ENFIELD",2,0,0,0,0,2014,"June","Wednesday","09:45 am","060","Not Divided","Straight road","Level","Not Applicable","Sealed","Dry","Not Raining","Daylight","Side Swipe","01","Driver Rider","1: PDO","No Control","","",1332066.74,1675230.55,"13320671675231"
"2014-8202-27/05/2021","2 Metropolitan","PANORAMA","5041","CC MITCHAM.                   ",2,1,0,0,1,2014,"June","Tuesday","06:00 pm","060","T-Junction","Straight road","Level","Not Applicable","Sealed","Wet","Not Raining","Night","Rear End","01","Driver Rider","2: MI","Traffic Signals","","",1327592.73,1663487.35,"13275931663487"
"2014-8203-27/05/2021","3 Country","MOUNT GAMBIER","5290","CC MT.GAMBIER.                ",2,0,0,0,0,2014,"June","Wednesday","08:50 am","050","T-Junction","Straight road","Level","Not Applicable","Sealed","Dry","Not Raining","Daylight","Side Swipe","01","Driver Rider","1: PDO","No Control","","",1509633.59,1340623.45,"15096341340623"
"2014-8204-27/05/2021","2 Metropolitan","EDWARDSTOWN","5039","CC MARION.                    ",2,0,0,0,0,2014,"June","Tuesday","05:15 pm","060","Divided Road","Straight road","Level","Not Applicable","Sealed","Wet","Raining","Night","Rear End","02","Driver Rider","1: PDO","No Control","","",1325679.18,1666151.11,"13256791666151"
"2014-8205-27/05/2021","2 Metropolitan","SALISBURY EAST","5109","CITY OF SALISBURY",2,0,0,0,0,2014,"June","Wednesday","12:50 pm","080","Cross Road","Straight road","Level","Not Applicable","Sealed","Dry","Not Raining","Daylight","Rear End","01","Driver Rider","1: PDO","Traffic Signals","","",1333980.46,1686298.22,"13339801686298"
"2014-8206-27/05/2021","2 Metropolitan","NORWOOD","5067","CC OF NORWOOD,PAYNEHAM & ST PETERS",3,0,0,0,0,2014,"June","Wednesday","12:00 pm","050","Divided Road","Straight road","Level","Not Applicable","Sealed","Dry","Not Raining","Daylight","Rear End","01","Driver Rider","1: PDO","No Control","","",1331467.96,1670438.74,"13314681670439"
"2014-8207-27/05/2021","2 Metropolitan","CAMPBELLTOWN","5074","CC CAMPBELLTOWN.              ",2,0,0,0,0,2014,"June","Tuesday","09:40 pm","060","Divided Road","Straight road","Level","Driveway or Entrance","Sealed","Wet","Not Raining","Night","Side Swipe","02","Driver Rider","1: PDO","No Control","","",1335377.1,1674557.69,"13353771674558"
"2014-8208-27/05/2021","2 Metropolitan","EASTWOOD","5063","CITY OF BURNSIDE",2,1,0,0,1,2014,"June","Wednesday","11:55 am","060","Divided Road","Straight road","Level","Not Applicable","Sealed","Dry","Not Raining","Daylight","Rear End","02","Driver Rider","2: MI","No Control","","Y",1330012.64,1668988.9,"13300131668989"
"2014-8209-27/05/2021","2 Metropolitan","ELIZABETH GROVE","5112","CITY OF PLAYFORD.",2,0,0,0,0,2014,"June","Wednesday","12:30 pm","050","Not Divided","CURVED, VIEW OPEN","Level","Not Applicable","Sealed","Wet","Not Raining","Daylight","Hit Fixed Object","01","Driver Rider","1: PDO","No Control","","",1336038.71,1692230.12,"13360391692230"
"2014-8210-27/05/2021","3 Country","NULLARBOR","5690",,2,0,0,0,0,2014,"April","Thursday","01:20 pm","110","Not Divided","Straight road","Slope","Not Applicable","Sealed","Dry","Not Raining","Daylight","Rear End","02","Driver Rider","1: PDO","No Control","","",441728.58,2023808.04,"04417292023808"
"2014-8211-27/05/2021","2 Metropolitan","WALKERVILLE","5081","WALKERVILLE TOWN COUNCIL",2,0,0,0,0,2014,"June","Wednesday","09:40 am","060","Not Divided","Straight road","Level","Not Applicable","Sealed","Dry","Not Raining","Daylight","Rear End","02","Driver Rider","1: PDO","No Control","","",1330268.14,1673388.78,"13302681673389"
"2014-8212-27/05/2021","2 Metropolitan","SHEIDOW PARK","5158","CC MARION.                    ",5,0,0,0,0,2014,"June","Tuesday","06:30 pm","080","T-Junction","Straight road","Slope","Not Applicable","Sealed","Dry","Not Raining","Night","Right Turn","02","Driver Rider","1: PDO","No Control","","",1320864.69,1654361.45,"13208651654361"
"2014-8213-27/05/2021","2 Metropolitan","KESWICK","5035","CITY OF WEST TORRENS",2,1,0,0,1,2014,"June","Wednesday","09:30 am","060","Cross Road","Straight road","Level","Not Applicable","Sealed","Dry","Not Raining","Daylight","Rear End","02","Driver Rider","2: MI","Traffic Signals","","",1325798.69,1668947.66,"13257991668948"
"2014-8214-27/05/2021","2 Metropolitan","QUEENSTOWN","5014","CITY OF PORT ADELAIDE ENFIELD",3,1,0,0,1,2014,"June","Wednesday","02:00 pm","060","Divided Road","Straight road","Level","Not Applicable","Sealed","Wet","Not Raining","Daylight","Side Swipe","02","Driver Rider","2: MI","No Control","","",1320795.91,1678171.26,"13207961678171"
"2014-8215-27/05/2021","2 Metropolitan","WINGFIELD","5013","CITY OF PORT ADELAIDE ENFIELD",2,0,0,0,0,2014,"June","Wednesday","12:30 pm","050","Cross Road","Straight road","Level","Not Applicable","Sealed","Dry","Not Raining","Daylight","Right Angle","01","Driver Rider","1: PDO","Give Way Sign","","",1325093.84,1680651.46,"13250941680651"
"2014-8216-27/05/2021","2 Metropolitan","TWO WELLS","5501","DC MALLALA.                   ",2,0,0,0,0,2014,"June","Tuesday","02:30 pm","110","T-Junction","Straight road","Level","Not Applicable","Sealed","Wet","Raining","Daylight","Right Angle","02","Driver Rider","1: PDO","No Control","","",,,
"2014-8217-27/05/2021","3 Country","WINNINOWIE","5700","DC MT.REMARKABLE.             ",3,4,2,1,1,2014,"June","Wednesday","07:30 am","110","Not Divided","Straight road","Level","Not Applicable","Sealed","Dry","Not Raining","Daylight","Side Swipe","01","Driver Rider","4: Fatal","No Control","","",1273613.89,1925442.6,"12736141925443"
"2014-8218-27/05/2021","2 Metropolitan","SEAFORD","5169","CITY OF ONKAPARINGA",2,0,0,0,0,2014,"June","Wednesday","03:20 pm","050","T-Junction","CURVED, VIEW OPEN","Level","Not Applicable","Sealed","Wet","Not Raining","Daylight","Right Angle","02","Driver Rider","1: PDO","No Control","","",1316468,1641616.02,"13164681641616"
"2014-8219-27/05/2021","2 Metropolitan","LEABROOK","5068","CITY OF BURNSIDE",2,0,0,0,0,2014,"June","Wednesday","04:30 pm","060","Cross Road","Straight road","Level","Not Applicable","Sealed","Dry","Not Raining","Daylight","Right Turn","02","Driver Rider","1: PDO","Traffic Signals","","",1333899.19,1670462.72,"13338991670463"
"2014-8220-27/05/2021","2 Metropolitan","VALLEY VIEW","5093","CITY OF PORT ADELAIDE ENFIELD",2,1,0,0,1,2014,"June","Wednesday","06:15 pm","060","T-Junction","Straight road","Level","Not Applicable","Sealed","Wet","Not Raining","Night","Right Turn","02","Driver Rider","2: MI","Traffic Signals","","",1334550.17,1679386.94,"13345501679387"
"2014-8221-27/05/2021","1 City","ADELAIDE","5000","CITY OF ADELAIDE",2,1,0,0,1,2014,"June","Wednesday","05:45 pm","050","Not Divided","Straight road","Level","Not Applicable","Sealed","Wet","Raining","Night","Hit Parked Vehicle","01","Driver Rider","2: MI","No Control","","",1328649.39,1670674.97,"13286491670675"
"2014-8222-27/05/2021","3 Country","KEITH","5267","DC TATIARA.                   ",2,1,0,0,1,2014,"June","Wednesday","04:04 pm","110","Not Divided","Straight road","Level","Not Applicable","Sealed","Wet","Raining","Daylight","Head On","01","Driver Rider","2: MI","No Control","","",1479494.14,1537685.09,"14794941537685"
"2014-8223-27/05/2021","2 Metropolitan","BEDFORD PARK","5042","CC MARION.                    ",2,1,0,0,1,2014,"June","Wednesday","06:40 pm","060","T-Junction","Straight road","Slope","Not Applicable","Sealed","Wet","Raining","Night","Right Angle","01","Driver Rider","2: MI","No Control","","",1325136.3,1660691.6,"13251361660692"
"2014-8224-27/05/2021","2 Metropolitan","KENT TOWN","5067","CC OF NORWOOD,PAYNEHAM & ST PETERS",3,0,0,0,0,2014,"June","Wednesday","06:00 pm","060","Divided Road","Straight road","Level","Not Applicable","Sealed","Wet","Raining","Night","Rear End","01","Driver Rider","1: PDO","No Control","","",1330295.73,1670636.54,"13302961670637"
"2014-8225-27/05/2021","1 City","ADELAIDE","5000","CITY OF ADELAIDE",2,1,0,0,1,2014,"June","Wednesday","05:55 pm","050","Cross Road","Straight road","Level","Not Applicable","Sealed","Wet","Raining","Night","Side Swipe","01","Driver Rider","2: MI","Traffic Signals","","",1329244.29,1670538.33,"13292441670538"
"2014-8226-27/05/2021","2 Metropolitan","THEBARTON","5031","CITY OF WEST TORRENS",2,0,0,0,0,2014,"June","Wednesday","07:00 pm","060","T-Junction","Straight road","Level","Not Applicable","Sealed","Wet","Not Raining","Night","Rear End","02","Driver Rider","1: PDO","Traffic Signals","","",1325685.29,1671373.54,"13256851671374"
"2014-8227-27/05/2021","2 Metropolitan","TUSMORE","5065","CITY OF BURNSIDE",2,1,0,0,1,2014,"June","Sunday","03:55 pm","060","Divided Road","Straight road","Level","Not Applicable","Sealed","Dry","Not Raining","Daylight","Rear End","02","Driver Rider","2: MI","No Control","","",1332979.41,1669073.01,"13329791669073"
"2014-8228-27/05/2021","2 Metropolitan","KIDMAN PARK","5025","CITY OF CHARLES STURT",2,0,0,0,0,2014,"June","Tuesday","08:45 pm","060","T-Junction","Straight road","Level","Not Applicable","Sealed","Wet","Raining","Night","Right Angle","01","Driver Rider","1: PDO","Traffic Signals","","",1322537.88,1672228.09,"13225381672228"
"2014-8229-27/05/2021","2 Metropolitan","HAPPY VALLEY","5159","CITY OF ONKAPARINGA",2,1,0,0,1,2014,"June","Wednesday","05:20 pm","070","T-Junction","Straight road","Level","Not Applicable","Sealed","Wet","Raining","Night","Rear End","02","Driver Rider","2: MI","Traffic Signals","","",1324354.32,1656484.47,"13243541656484"
"2014-8230-27/05/2021","2 Metropolitan","OAKDEN","5086","CITY OF PORT ADELAIDE ENFIELD",2,0,0,0,0,2014,"June","Wednesday","08:00 pm","060","Cross Road","Straight road","Level","Not Applicable","Sealed","Wet","Not Raining","Night","Right Angle","02","Driver Rider","1: PDO","Roundabout","","",1332046.12,1678084.56,"13320461678085"
"2014-8231-27/05/2021","2 Metropolitan","ST MARYS","5042","CC MITCHAM.                   ",2,0,0,0,0,2014,"June","Friday","07:00 pm","060","T-Junction","Straight road","Slope","Not Applicable","Sealed","Wet","Not Raining","Night","Right Angle","01","Driver Rider","1: PDO","No Control","","",1325984.03,1662433.89,"13259841662434"
"2014-8232-27/05/2021","2 Metropolitan","GLENELG NORTH","5045","CITY OF HOLDFAST BAY",4,1,0,1,0,2014,"June","Wednesday","05:55 pm","050","Divided Road","Straight road","Level","Not Applicable","Sealed","Wet","Raining","Night","Hit Pedestrian","02","Driver Rider","3: SI","No Control","","",1320732.86,1665297.18,"13207331665297"
"2014-8233-27/05/2021","2 Metropolitan","PLYMPTON","5038","CITY OF WEST TORRENS",2,1,0,0,1,2014,"June","Wednesday","05:45 pm","060","Cross Road","Straight road","Level","Not Applicable","Sealed","Wet","Raining","Night","Right Turn","02","Driver Rider","2: MI","Traffic Signals","","",1324227.3,1666580.54,"13242271666581"
"2014-8234-27/05/2021","2 Metropolitan","WOODCROFT","5162","CITY OF ONKAPARINGA",4,1,0,0,1,2014,"June","Wednesday","10:15 pm","080","Cross Road","Straight road","Slope","Not Applicable","Sealed","Wet","Not Raining","Night","Right Angle","01","Driver Rider","2: MI","Traffic Signals","","",1323025.87,1652240.92,"13230261652241"
"2014-8235-27/05/2021","2 Metropolitan","PARAFIELD GARDENS","5107","CITY OF SALISBURY",2,0,0,0,0,2014,"June","Thursday","06:00 am","050","T-Junction","Straight road","Level","Not Applicable","Sealed","Dry","Not Raining","Night","Hit Fixed Object","01","Driver Rider","1: PDO","No Control","","",1330710.83,1684995.65,"13307111684996"
"2014-8236-27/05/2021","2 Metropolitan","ANDREWS FARM","5114","CITY OF PLAYFORD.",2,0,0,0,0,2014,"June","Thursday","03:59 am","060","Not Divided","Straight road","Level","Driveway or Entrance","Sealed","Dry","Not Raining","Night","Hit Fixed Object","01","Driver Rider","1: PDO","No Control","","",1335517.71,1698766.93,"13355181698767"
"2014-8237-27/05/2021","2 Metropolitan","SALISBURY EAST","5109","CITY OF SALISBURY",2,1,0,0,1,2014,"June","Thursday","06:40 am","080","Divided Road","Straight road","Level","Not Applicable","Sealed","Dry","Not Raining","Night","Rear End","02","Driver Rider","2: MI","No Control","","",1333348.44,1685438,"13333481685438"
"2014-8238-27/05/2021","2 Metropolitan","EVANSTON PARK","5116","CT GAWLER.                    ",2,0,0,0,0,2014,"June","Thursday","07:30 am","060","T-Junction","Straight road","Level","Not Applicable","Sealed","Dry","Not Raining","Daylight","Right Angle","02","Driver Rider","1: PDO","No Control","","",1342351.67,1703859.93,"13423521703860"
"2014-8239-27/05/2021","2 Metropolitan","DARLINGTON","5042","CITY OF ONKAPARINGA",2,0,0,0,0,2014,"June","Thursday","08:10 am","060","Cross Road","Straight road","Slope","Not Applicable","Sealed","Dry","Not Raining","Daylight","Rear End","02","Driver Rider","1: PDO","Traffic Signals","","",1324428.24,1659710.67,"13244281659711"
"2014-8240-27/05/2021","2 Metropolitan","PARAFIELD","5106","CITY OF SALISBURY",4,0,0,0,0,2014,"June","Wednesday","05:15 pm","070","Divided Road","Straight road","Level","Not Applicable","Sealed","Wet","Not Raining","Night","Rear End","01","Driver Rider","1: PDO","Traffic Signals","","",1331585.15,1683236.69,"13315851683237"
"2014-8241-27/05/2021","2 Metropolitan","FULLARTON","5063","CITY OF UNLEY",2,0,0,0,0,2014,"April","Saturday","09:00 am","060","T-Junction","Straight road","Level","Not Applicable","Sealed","Dry","Not Raining","Daylight","Right Angle","02","Driver Rider","1: PDO","No Control","","",1331124.55,1668000.79,"13311251668001"
"2014-8242-27/05/2021","1 City","ADELAIDE","5000","CITY OF ADELAIDE",2,0,0,0,0,2014,"June","Wednesday","06:10 pm","050","Not Divided","Straight road","Level","Not Applicable","Sealed","Wet","Raining","Night","Hit Parked Vehicle","02","Driver Rider","1: PDO","No Control","","",1327435.23,1670488.16,"13274351670488"
"2014-8243-27/05/2021","3 Country","MOUNT GAMBIER","5290","CC MT.GAMBIER.                ",3,0,0,0,0,2014,"February","Wednesday","09:30 am","050","T-Junction","Straight road","Level","Not Applicable","Sealed","Dry","Not Raining","Daylight","Right Angle","02","Driver Rider","1: PDO","Give Way Sign","","",1509504.69,1340346.5,"15095051340347"
"2014-8244-27/05/2021","2 Metropolitan","SANDY CREEK","5350","THE BAROSSA COUNCIL.",2,0,0,0,0,2014,"June","Thursday","09:30 am","080","Not Divided","CURVED, VIEW OBSCURED","Level","Not Applicable","Unsealed","Wet","Not Raining","Daylight","Hit Fixed Object","01","Driver Rider","1: PDO","No Control","","",1349728.74,1706573.61,"13497291706574"
"2014-8245-27/05/2021","2 Metropolitan","WALKERVILLE","5081","WALKERVILLE TOWN COUNCIL",2,0,0,0,0,2014,"June","Wednesday","04:00 pm","060","Cross Road","Straight road","Level","Not Applicable","Sealed","Dry","Not Raining","Daylight","Rear End","02","Driver Rider","1: PDO","Traffic Signals","","",1329488.84,1674243.03,"13294891674243"
"2014-8246-27/05/2021","2 Metropolitan","WALKERVILLE","5081","WALKERVILLE TOWN COUNCIL",4,0,0,0,0,2014,"June","Thursday","07:48 am","060","Divided Road","Straight road","Level","Not Applicable","Sealed","Dry","Not Raining","Daylight","Rear End","01","Driver Rider","1: PDO","No Control","","",1329820.08,1674635.41,"13298201674635"
"2014-8247-27/05/2021","2 Metropolitan","WINGFIELD","5013","CITY OF PORT ADELAIDE ENFIELD",2,1,0,0,1,2014,"June","Thursday","07:15 am","090","Freeway","Straight road","Level","Not Applicable","Sealed","Dry","Not Raining","Night","Side Swipe","02","Driver Rider","2: MI","No Control","","",1325546.08,1679828.39,"13255461679828"
"2014-8248-27/05/2021","2 Metropolitan","DOVER GARDENS","5048","CC MARION.                    ",2,0,0,0,0,2014,"June","Thursday","12:00 pm","060","Cross Road","Straight road","Level","Not Applicable","Sealed","Dry","Not Raining","Daylight","Right Turn","01","Driver Rider","1: PDO","Traffic Signals","","",1322777.1,1660604.93,"13227771660605"
"2014-8249-27/05/2021","2 Metropolitan","GAWLER","5118","CT GAWLER.                    ",2,0,0,0,0,2014,"June","Thursday","01:00 pm","050","Not Divided","Straight road","Level","Driveway or Entrance","Sealed","Dry","Not Raining","Daylight","Right Angle","01","Driver Rider","1: PDO","No Control","","",1343362.39,1706191.79,"13433621706192"
"2014-8250-27/05/2021","2 Metropolitan","PAYNEHAM","5070","CC OF NORWOOD,PAYNEHAM & ST PETERS",3,0,0,0,0,2014,"June","Thursday","12:40 pm","060","T-Junction","Straight road","Level","Not Applicable","Sealed","Dry","Not Raining","Daylight","Right Angle","02","Driver Rider","1: PDO","No Control","","",1332191.95,1673540.28,"13321921673540"
"2014-8251-27/05/2021","2 Metropolitan","MCLAREN FLAT","5171","CITY OF ONKAPARINGA",2,0,0,0,0,2014,"June","Thursday","10:35 am","080","Not Divided","Straight road","Level","Not Applicable","Sealed","Wet","Raining","Daylight","Rear End","01","Driver Rider","1: PDO","No Control","","",1328577.99,1639662.64,"13285781639663"
"2014-8252-27/05/2021","2 Metropolitan","TORRENSVILLE","5031","CITY OF WEST TORRENS",2,0,0,0,0,2014,"June","Thursday","10:15 am","060","Divided Road","Straight road","Level","Not Applicable","Sealed","Dry","Not Raining","Daylight","Hit Parked Vehicle","01","Driver Rider","1: PDO","No Control","","",1325246.56,1670977.57,"13252471670978"
"2014-8253-27/05/2021","3 Country","PORT LINCOLN","5606","CC PT.LINCOLN.                ",2,2,0,0,2,2014,"June","Thursday","01:15 pm","060","T-Junction","Straight road","Level","Not Applicable","Sealed","Dry","Not Raining","Daylight","Right Angle","02","Driver Rider","2: MI","No Control","","",1078362.36,1697562.34,"10783621697562"
"2014-8254-27/05/2021","2 Metropolitan","WELLAND","5007","CITY OF CHARLES STURT",2,1,0,0,1,2014,"June","Tuesday","01:22 pm","060","Cross Road","Straight road","Level","Not Applicable","Sealed","Wet","Raining","Daylight","Right Angle","02","Driver Rider","2: MI","Stop Sign","","",1324722.47,1673184.53,"13247221673185"
"2014-8255-27/05/2021","2 Metropolitan","REGENCY PARK","5010","CITY OF PORT ADELAIDE ENFIELD",2,0,0,0,0,2014,"June","Monday","01:40 pm","060","Cross Road","Straight road","Level","Not Applicable","Sealed","Wet","Raining","Daylight","Side Swipe","02","Driver Rider","1: PDO","Traffic Signals","","",1326061.04,1676365.88,"13260611676366"
"2014-8256-27/05/2021","3 Country","LANGHORNE CREEK","5255","ALEXANDRINA COUNCIL",2,0,0,0,0,2014,"June","Wednesday","04:15 pm","100","T-Junction","CURVED, VIEW OPEN","Level","Not Applicable","Sealed","Dry","Not Raining","Daylight","Right Angle","02","Driver Rider","1: PDO","No Control","","",1368169.46,1626817.08,"13681691626817"
"2014-8257-27/05/2021","2 Metropolitan","NORWOOD","5067","CC OF NORWOOD,PAYNEHAM & ST PETERS",2,0,0,0,0,2014,"June","Wednesday","06:00 pm","060","Cross Road","CURVED, VIEW OPEN","Level","Not Applicable","Sealed","Wet","Not Raining","Night","Right Angle","02","Driver Rider","1: PDO","Roundabout","","",1330623.32,1670361.88,"13306231670362"
"2014-8258-27/05/2021","2 Metropolitan","RIDLEYTON","5008","CITY OF CHARLES STURT",3,0,0,0,0,2014,"June","Wednesday","07:15 pm","060","Cross Road","Straight road","Level","Not Applicable","Sealed","Dry","Not Raining","Night","Rear End","02","Driver Rider","1: PDO","Traffic Signals","","",1325910.89,1674899.36,"13259111674899"
"2014-8259-27/05/2021","2 Metropolitan","SALISBURY HEIGHTS","5109","CITY OF SALISBURY",2,0,0,0,0,2014,"June","Thursday","03:45 pm","080","Divided Road","Straight road","Bottom of Hill","Driveway or Entrance","Sealed","Wet","Not Raining","Daylight","Right Angle","01","Driver Rider","1: PDO","No Control","","",1336322.43,1689391.78,"13363221689392"
"2014-8260-27/05/2021","3 Country","ARNO BAY","5603","DC CLEVE.                     ",2,1,0,1,0,2014,"June","Thursday","04:30 pm","050","Not Divided","Straight road","Slope","Not Applicable","Sealed","Dry","Not Raining","Daylight","Head On","01","Driver Rider","3: SI","No Control","","",1144925.47,1787897.18,"11449251787897"
"2014-8261-27/05/2021","2 Metropolitan","SMITHFIELD","5114","CITY OF PLAYFORD.",3,0,0,0,0,2014,"June","Thursday","05:35 pm","080","Divided Road","Straight road","Level","Not Applicable","Sealed","Dry","Not Raining","Night","Rear End","01","Driver Rider","1: PDO","No Control","","",1338177.24,1697653.24,"13381771697653"
"2014-8262-27/05/2021","2 Metropolitan","ONE TREE HILL","5114","CITY OF PLAYFORD.",2,1,0,0,1,2014,"June","Thursday","04:00 pm","050","Not Divided","Straight road","Level","Driveway or Entrance","Sealed","Dry","Not Raining","Daylight","Right Turn","01","Driver Rider","2: MI","No Control","","",1344401.76,1693072.18,"13444021693072"
"2014-8263-27/05/2021","2 Metropolitan","RIDLEYTON","5008","CITY OF CHARLES STURT",2,0,0,0,0,2014,"June","Thursday","08:30 am","060","Not Divided","Straight road","Level","Not Applicable","Sealed","Dry","Not Raining","Daylight","Rear End","01","Driver Rider","1: PDO","No Control","","",1325718.41,1674208.88,"13257181674209"
"2014-8264-27/05/2021","2 Metropolitan","FREWVILLE","5063","CITY OF BURNSIDE",2,0,0,0,0,2014,"June","Thursday","06:05 pm","050","T-Junction","Straight road","Level","Not Applicable","Sealed","Dry","Not Raining","Night","Right Angle","01","Driver Rider","1: PDO","No Control","","",1330963.81,1668224.1,"13309641668224"
"2014-8265-27/05/2021","2 Metropolitan","PARA HILLS","5096","CITY OF SALISBURY",4,0,0,0,0,2014,"June","Thursday","04:15 pm","050","Not Divided","Straight road","Slope","Driveway or Entrance","Sealed","Dry","Not Raining","Daylight","Hit Pedestrian","01","Driver Rider","1: PDO","No Control","","",1334880.16,1683354.57,"13348801683355"
"2014-8266-27/05/2021","2 Metropolitan","ALDINGA","5173","CITY OF ONKAPARINGA",2,0,0,0,0,2014,"June","Thursday","05:40 pm","050","Not Divided","Straight road","Level","Unknown","Sealed","Dry","Not Raining","Night","Rear End","02","Driver Rider","1: PDO","No Control","","",1315834,1631999.68,"13158341632000"
"2014-8267-27/05/2021","2 Metropolitan","SMITHFIELD","5114","CITY OF PLAYFORD.",2,1,0,0,1,2014,"June","Thursday","06:00 pm","080","Divided Road","Straight road","Level","Not Applicable","Sealed","Dry","Not Raining","Night","Rear End","01","Driver Rider","2: MI","No Control","","",1337475.7,1696412.84,"13374761696413"
"2014-8268-27/05/2021","2 Metropolitan","SOUTH BRIGHTON","5048","CITY OF HOLDFAST BAY",3,0,0,0,0,2014,"June","Thursday","02:45 pm","050","Not Divided","Straight road","Level","Driveway or Entrance","Sealed","Dry","Not Raining","Daylight","Hit Fixed Object","01","Driver Rider","1: PDO","No Control","","",1320731.07,1660015.79,"13207311660016"
"2014-8269-27/05/2021","2 Metropolitan","SALISBURY","5108","CITY OF SALISBURY",2,0,0,0,0,2014,"June","Thursday","06:00 pm","060","Not Divided","Straight road","Level","Driveway or Entrance","Sealed","Dry","Not Raining","Night","Right Angle","01","Driver Rider","1: PDO","No Control","","",1333751.42,1687961.2,"13337511687961"
"2014-8270-27/05/2021","2 Metropolitan","WALKERVILLE","5081","WALKERVILLE TOWN COUNCIL",2,2,0,0,2,2014,"June","Thursday","07:03 pm","060","Cross Road","Straight road","Level","Not Applicable","Sealed","Dry","Not Raining","Night","Right Turn","01","Driver Rider","2: MI","Traffic Signals","","",1329488.84,1674243.03,"13294891674243"
"2014-8271-27/05/2021","2 Metropolitan","DAW PARK","5041","CC MITCHAM.                   ",4,0,0,0,0,2014,"June","Thursday","04:50 pm","050","Cross Road","Straight road","Level","Not Applicable","Sealed","Dry","Not Raining","Daylight","Rear End","01","Driver Rider","1: PDO","Traffic Signals","","",1326717.86,1664971.41,"13267181664971"
"2014-8272-27/05/2021","2 Metropolitan","KLEMZIG","5087","CITY OF PORT ADELAIDE ENFIELD",2,0,0,0,0,2014,"June","Thursday","06:15 pm","050","Not Divided","Straight road","Level","Not Applicable","Sealed","Dry","Not Raining","Night","Hit Fixed Object","01","Driver Rider","1: PDO","No Control","","",1332451.06,1675935.88,"13324511675936"
"2014-8273-27/05/2021","2 Metropolitan","ECHUNGA","5153","DC MT.BARKER.                 ",2,0,0,0,0,2014,"June","Thursday","09:15 pm","080","Not Divided","Straight road","Level","Not Applicable","Sealed","Dry","Not Raining","Night","Hit Object on Road","01","Driver Rider","1: PDO","No Control","","",1348794.7,1649282.64,"13487951649283"
"2014-8274-27/05/2021","3 Country","COOBER PEDY","5723","DC COOBER PEDY                ",1,0,0,0,0,2014,"June","Friday","04:30 am","050","Not Divided","Straight road","Level","Not Applicable","Sealed","Dry","Not Raining","Night","Roll Over","01","Driver Rider","1: PDO","No Control","Y","",976799.19,2329770.55,"09767992329771"
"2014-8275-27/05/2021","2 Metropolitan","POORAKA","5095","CITY OF SALISBURY",2,2,0,2,0,2014,"June","Friday","06:33 am","070","Divided Road","Straight road","Level","Not Applicable","Sealed","Dry","Not Raining","Night","Rear End","02","Driver Rider","3: SI","No Control","","",1330413.55,1681814.36,"13304141681814"
"2014-8276-27/05/2021","2 Metropolitan","POORAKA","5095","CITY OF SALISBURY",2,1,0,0,1,2014,"June","Friday","06:35 am","070","Divided Road","Straight road","Level","Not Applicable","Sealed","Dry","Not Raining","Night","Rear End","02","Driver Rider","2: MI","No Control","","",1330572.79,1681820.64,"13305731681821"
"2014-8277-27/05/2021","3 Country","KAPUNDA","5373","LIGHT REGIONAL COUNCIL",2,1,0,1,0,2014,"June","Thursday","06:05 pm","050","Not Divided","Straight road","Level","Not Applicable","Sealed","Dry","Not Raining","Night","Hit Pedestrian","02","Pedestrian","3: SI","No Control","","",1359598.97,1734410.39,"13595991734410"
"2014-8278-27/05/2021","2 Metropolitan","SEAFORD","5169","CITY OF ONKAPARINGA",3,0,0,0,0,2014,"June","Thursday","12:30 pm","050","T-Junction","Straight road","Level","Not Applicable","Sealed","Dry","Not Raining","Daylight","Hit Fixed Object","01","Driver Rider","1: PDO","Roundabout","","",1315679.37,1641704.41,"13156791641704"
"2014-8279-27/05/2021","3 Country","COORONG","5264","COORONG DISTRICT COUNCIL",2,1,0,0,1,2014,"June","Thursday","06:45 pm","100","Not Divided","Straight road","Level","Not Applicable","Sealed","Wet","Not Raining","Night","Hit Animal","02","Animal","2: MI","No Control","","",1418021.2,1550416.51,"14180211550417"
"2014-8280-27/05/2021","2 Metropolitan","CLOVELLY PARK","5042","CC MARION.                    ",2,0,0,0,0,2014,"June","Thursday","04:00 pm","050","Not Divided","Straight road","Level","Not Applicable","Sealed","Dry","Not Raining","Daylight","Rear End","01","Driver Rider","1: PDO","No Control","","",1325215.33,1662703.58,"13252151662704"