"REPORT_ID","Stats Area","Suburb","Postcode","LGA Name","Total Units","Total Cas","Total Fats","Total SI","Total MI","Year","Month","Day","Time","Area Speed","Position Type","Horizontal Align","Vertical Align","Other Feat","Road Surface","Moisture Cond","Weather Cond","DayNight","Crash Type","Unit Resp","Entity Code","CSEF Severity","Traffic Ctrls","DUI Involved","Drugs Involved","ACCLOC_X","ACCLOC_Y","UNIQUE_LOC"
"2014-8281-27/05/2021","2 Metropolitan","MEADOWS","5201","DC MT.BARKER.                 ",2,0,0,0,0,2014,"June","Friday","06:50 am","100","Not Divided","Straight road","Level","Not Applicable","Sealed","Dry","Not Raining","Night","Rear End","01","Driver Rider","1: PDO","No Control","","",1339088.91,1642230.24,"13390891642230"
"2014-8282-27/05/2021","2 Metropolitan","GOLDEN GROVE","5125","CITY OF TEA TREE GULLY",3,2,0,0,2,2014,"June","Wednesday","08:30 am","050","Not Divided","CURVED, VIEW OPEN","Slope","Not Applicable","Sealed","Wet","Raining","Daylight","Hit Fixed Object","01","Driver Rider","2: MI","No Control","","",1338084.29,1685176.33,"13380841685176"
"2014-8283-27/05/2021","2 Metropolitan","BLAKEVIEW","5114","CITY OF PLAYFORD.",2,0,0,0,0,2014,"June","Thursday","03:30 pm","060","Divided Road","Straight road","Level","Not Applicable","Sealed","Dry","Not Raining","Daylight","Rear End","02","Driver Rider","1: PDO","No Control","","",1338265.13,1697686.95,"13382651697687"
"2014-8284-27/05/2021","2 Metropolitan","MEDINDIE","5081","WALKERVILLE TOWN COUNCIL",2,0,0,0,0,2014,"June","Thursday","08:00 am","060","Multiple","Straight road","Level","Not Applicable","Sealed","Dry","Not Raining","Daylight","Side Swipe","02","Driver Rider","1: PDO","Traffic Signals","","",1329427.23,1673281.86,"13294271673282"
"2014-8285-27/05/2021","2 Metropolitan","PORT ADELAIDE","5015","CITY OF PORT ADELAIDE ENFIELD",2,0,0,0,0,2014,"June","Thursday","12:45 pm","050","Cross Road","Straight road","Level","Unknown","Sealed","Dry","Not Raining","Daylight","Right Angle","02","Driver Rider","1: PDO","Stop Sign","","",1320201.4,1678656.05,"13202011678656"
"2014-8286-27/05/2021","2 Metropolitan","POORAKA","5095","CITY OF SALISBURY",2,0,0,0,0,2014,"June","Friday","10:00 am","070","Cross Road","Straight road","Level","Not Applicable","Sealed","Dry","Not Raining","Daylight","Rear End","02","Driver Rider","1: PDO","Traffic Signals","","",1330465.1,1681818.42,"13304651681818"
"2014-8287-27/05/2021","2 Metropolitan","PORT ADELAIDE","5015","CITY OF PORT ADELAIDE ENFIELD",2,0,0,0,0,2014,"June","Friday","09:20 am","060","Cross Road","Straight road","Level","Not Applicable","Sealed","Dry","Not Raining","Daylight","Hit Fixed Object","01","Driver Rider","1: PDO","Traffic Signals","","",1321047.12,1680861.67,"13210471680862"
"2014-8288-27/05/2021","2 Metropolitan","SALISBURY EAST","5109","CITY OF SALISBURY",6,0,0,0,0,2014,"June","Friday","09:07 am","080","Cross Road","Straight road","Level","Not Applicable","Sealed","Dry","Not Raining","Daylight","Side Swipe","01","Driver Rider","1: PDO","Traffic Signals","","",1333995.93,1686285.66,"13339961686286"
"2014-8289-27/05/2021","2 Metropolitan","MALVERN","5061","CITY OF UNLEY",2,0,0,0,0,2014,"June","Thursday","04:20 pm","060","T-Junction","Straight road","Level","Not Applicable","Sealed","Dry","Not Raining","Daylight","Right Angle","02","Driver Rider","1: PDO","No Control","","",1329131.93,1666458.22,"13291321666458"
"2014-8290-27/05/2021","2 Metropolitan","TORRENS PARK","5062","CC MITCHAM.                   ",2,0,0,0,0,2014,"June","Friday","09:45 am","060","Not Divided","Straight road","Level","Not Applicable","Sealed","Dry","Not Raining","Daylight","Hit Object on Road","01","Driver Rider","1: PDO","No Control","","",1329331.32,1664256.62,"13293311664257"
"2014-8291-27/05/2021","3 Country","WHYTE YARCOWIE","5420","REGIONAL COUNCIL OF GOYDER",2,1,0,0,1,2014,"June","Friday","12:00 pm","050","Not Divided","Straight road","Crest of Hill","Not Applicable","Unsealed","Dry","Not Raining","Daylight","Right Angle","02","Driver Rider","2: MI","No Control","","",1360201.97,1856735.14,"13602021856735"
"2014-8292-27/05/2021","3 Country","MOUNT GAMBIER","5290","CC MT.GAMBIER.                ",2,2,0,0,2,2014,"June","Friday","11:30 am","060","T-Junction","Straight road","Slope","Driveway or Entrance","Sealed","Dry","Not Raining","Daylight","Right Turn","02","Driver Rider","2: MI","Traffic Signals","","",1511190.2,1342564.39,"15111901342564"
"2014-8293-27/05/2021","2 Metropolitan","BROADVIEW","5083","CITY OF PORT ADELAIDE ENFIELD",2,1,0,1,0,2014,"January","Tuesday","07:00 pm","060","Divided Road","Straight road","Level","Unknown","Sealed","Unknown","Unknown","Daylight","Side Swipe","02","Driver Rider","3: SI","No Control","","",1330137.3,1676475.1,"13301371676475"
"2014-8294-27/05/2021","2 Metropolitan","SEAFORD MEADOWS","5169","CITY OF ONKAPARINGA",4,1,0,0,1,2014,"June","Friday","08:48 am","070","Not Divided","Straight road","Level","Not Applicable","Sealed","Dry","Not Raining","Daylight","Rear End","02","Driver Rider","2: MI","No Control","","",1316313.16,1643619.75,"13163131643620"
"2014-8295-27/05/2021","2 Metropolitan","ROYSTON PARK","5070","CC OF NORWOOD,PAYNEHAM & ST PETERS",2,0,0,0,0,2014,"June","Friday","11:40 am","050","Not Divided","Straight road","Level","Not Applicable","Sealed","Dry","Not Raining","Daylight","Hit Parked Vehicle","01","Driver Rider","1: PDO","No Control","","",1331229.81,1673751.4,"13312301673751"
"2014-8296-27/05/2021","2 Metropolitan","TORRENSVILLE","5031","CITY OF WEST TORRENS",2,0,0,0,0,2014,"June","Friday","08:10 am","050","T-Junction","Straight road","Level","Not Applicable","Sealed","Dry","Not Raining","Daylight","Right Angle","01","Driver Rider","1: PDO","No Control","","",1325048.78,1672038.37,"13250491672038"
"2014-8297-27/05/2021","2 Metropolitan","TORRENSVILLE","5031","CITY OF WEST TORRENS",3,0,0,0,0,2014,"June","Friday","10:35 am","060","Divided Road","Straight road","Level","Not Applicable","Sealed","Dry","Not Raining","Daylight","Hit Parked Vehicle","01","Driver Rider","1: PDO","No Control","","",1324878.71,1670967.22,"13248791670967"
"2014-8298-27/05/2021","1 City","ADELAIDE","5000","CITY OF ADELAIDE",2,0,0,0,0,2014,"June","Friday","07:30 am","050","Not Divided","Straight road","Level","Not Applicable","Sealed","Dry","Not Raining","Daylight","Hit Parked Vehicle","02","Driver Rider","1: PDO","No Control","","",1328134.83,1670596.93,"13281351670597"
"2014-8299-27/05/2021","2 Metropolitan","WINGFIELD","5013","CITY OF PORT ADELAIDE ENFIELD",2,1,0,0,1,2014,"June","Wednesday","06:10 pm","060","Divided Road","Straight road","Level","Not Applicable","Sealed","Wet","Raining","Night","Hit Fixed Object","01","Driver Rider","2: MI","No Control","","",1325204.26,1679185.09,"13252041679185"
"2014-8300-27/05/2021","2 Metropolitan","SMITHFIELD","5114","CITY OF PLAYFORD.",2,0,0,0,0,2014,"June","Friday","03:30 pm","080","T-Junction","Straight road","Level","Not Applicable","Sealed","Dry","Not Raining","Daylight","Right Angle","01","Driver Rider","1: PDO","No Control","","",1337446.36,1696361.03,"13374461696361"
"2014-8301-27/05/2021","3 Country","PENOLA","5277","WATTLE RANGE COUNCIL",2,0,0,0,0,2014,"June","Friday","10:30 pm","100","Not Divided","CURVED, VIEW OPEN","Level","Not Applicable","Unsealed","Wet","Raining","Night","Hit Fixed Object","01","Driver Rider","1: PDO","No Control","","",1526828.86,1386401.14,"15268291386401"
"2014-8302-27/05/2021","2 Metropolitan","MORPHETT VALE","5162","CITY OF ONKAPARINGA",3,0,0,0,0,2014,"June","Friday","01:00 pm","060","Cross Road","Straight road","Level","Not Applicable","Sealed","Dry","Not Raining","Daylight","Rear End","02","Driver Rider","1: PDO","Traffic Signals","","",1320761.72,1649855.95,"13207621649856"
"2014-8303-27/05/2021","2 Metropolitan","MANNINGHAM","5086","CITY OF PORT ADELAIDE ENFIELD",3,0,0,0,0,2014,"June","Friday","02:30 pm","060","Not Divided","Straight road","Level","Not Applicable","Sealed","Dry","Not Raining","Daylight","Hit Parked Vehicle","01","Driver Rider","1: PDO","No Control","","",1330582.1,1675397.61,"13305821675398"
"2014-8304-27/05/2021","3 Country","BUNDALEER NORTH","5491","NORTHERN AREAS DISTRICT COUNCIL",1,1,0,0,1,2014,"June","Friday","03:00 pm","100","Not Divided","CURVED, VIEW OPEN","Level","Bridge, Culvert, Causeway","Sealed","Dry","Not Raining","Daylight","Left Road - Out of Control","01","Driver Rider","2: MI","No Control","","",1333668.64,1856484.67,"13336691856485"
"2014-8305-27/05/2021","2 Metropolitan","MOUNT BARKER","5251","DC MT.BARKER.                 ",1,1,0,1,0,2014,"June","Friday","03:00 pm","080","Not Divided","Straight road","Level","Not Applicable","Sealed","Dry","Not Raining","Daylight","Roll Over","01","Driver Rider","3: SI","No Control","","",1350406.18,1652404.75,"13504061652405"
"2014-8306-27/05/2021","2 Metropolitan","MCLAREN VALE","5171","CITY OF ONKAPARINGA",2,0,0,0,0,2014,"June","Friday","03:05 pm","050","Not Divided","Straight road","Level","Driveway or Entrance","Sealed","Dry","Not Raining","Daylight","Rear End","02","Driver Rider","1: PDO","No Control","","",1322704.01,1638038.61,"13227041638039"
"2014-8307-27/05/2021","2 Metropolitan","GAWLER SOUTH","5118","CT GAWLER.                    ",2,0,0,0,0,2014,"June","Friday","05:10 pm","050","T-Junction","Straight road","Level","Not Applicable","Sealed","Wet","Raining","Daylight","Right Angle","01","Driver Rider","1: PDO","No Control","","",1342497.39,1705539.35,"13424971705539"
"2014-8308-27/05/2021","2 Metropolitan","ELIZABETH","5112","CITY OF PLAYFORD.",2,0,0,0,0,2014,"June","Friday","04:45 pm","050","T-Junction","Straight road","Level","Not Applicable","Sealed","Dry","Not Raining","Daylight","Rear End","01","Driver Rider","1: PDO","Traffic Signals","","",1335579.02,1693066.01,"13355791693066"
"2014-8309-27/05/2021","2 Metropolitan","VALLEY VIEW","5093","CITY OF PORT ADELAIDE ENFIELD",2,0,0,0,0,2014,"June","Friday","04:45 pm","060","T-Junction","Straight road","Level","Not Applicable","Sealed","Wet","Raining","Daylight","Rear End","02","Driver Rider","1: PDO","No Control","","",1334213.62,1679377.02,"13342141679377"
"2014-8310-27/05/2021","2 Metropolitan","SALISBURY SOUTH","5106","CITY OF SALISBURY",4,0,0,0,0,2014,"June","Friday","04:30 pm","060","Divided Road","Straight road","Level","Not Applicable","Sealed","Wet","Raining","Daylight","Rear End","01","Driver Rider","1: PDO","No Control","","",1333144.74,1685492.51,"13331451685493"
"2014-8311-27/05/2021","2 Metropolitan","GOLDEN GROVE","5125","CITY OF TEA TREE GULLY",2,0,0,0,0,2014,"June","Friday","05:58 pm","060","Cross Road","Straight road","Slope","Not Applicable","Sealed","Wet","Raining","Night","Right Turn","02","Driver Rider","1: PDO","Traffic Signals","","",1337892.14,1685350.36,"13378921685350"
"2014-8312-27/05/2021","2 Metropolitan","NOARLUNGA CENTRE","5168","CITY OF ONKAPARINGA",2,1,0,0,1,2014,"June","Friday","06:25 pm","060","Cross Road","Straight road","Level","Not Applicable","Sealed","Wet","Raining","Night","Right Turn","02","Driver Rider","2: MI","Traffic Signals","","",1317357.75,1647424.51,"13173581647425"
"2014-8313-27/05/2021","2 Metropolitan","PARKSIDE","5063","CITY OF UNLEY",2,0,0,0,0,2014,"June","Friday","06:20 pm","060","T-Junction","Straight road","Level","Not Applicable","Sealed","Wet","Raining","Night","Right Turn","02","Driver Rider","1: PDO","No Control","","",1330713.97,1668039.35,"13307141668039"
"2014-8314-27/05/2021","3 Country","PORT LINCOLN","5606","CC PT.LINCOLN.                ",2,0,0,0,0,2014,"June","Friday","04:20 pm","050","Cross Road","Straight road","Level","Not Applicable","Sealed","Wet","Raining","Daylight","Right Angle","01","Driver Rider","1: PDO","Give Way Sign","","",1079544.18,1696070.74,"10795441696071"
"2014-8315-27/05/2021","2 Metropolitan","STEPNEY","5069","CC OF NORWOOD,PAYNEHAM & ST PETERS",3,0,0,0,0,2014,"June","Friday","06:45 pm","060","Divided Road","Straight road","Level","Driveway or Entrance","Sealed","Wet","Raining","Night","Right Turn","02","Driver Rider","1: PDO","No Control","","",1330676.72,1671819.29,"13306771671819"
"2014-8316-27/05/2021","2 Metropolitan","TRANMERE","5073","CC CAMPBELLTOWN.              ",2,1,0,0,1,2014,"June","Friday","07:40 pm","060","T-Junction","Straight road","Level","Not Applicable","Sealed","Wet","Raining","Night","Right Turn","01","Driver Rider","2: MI","Traffic Signals","","",1333834.79,1672885.54,"13338351672886"
"2014-8317-27/05/2021","2 Metropolitan","OVINGHAM","5082","CITY OF CHARLES STURT",3,0,0,0,0,2014,"June","Friday","09:00 pm","060","Cross Road","Straight road","Level","Not Applicable","Sealed","Wet","Raining","Night","Right Turn","01","Driver Rider","1: PDO","Traffic Signals","","",1327121.41,1673280.8,"13271211673281"
"2014-8318-27/05/2021","2 Metropolitan","PARAFIELD GARDENS","5107","CITY OF SALISBURY",2,0,0,0,0,2014,"June","Friday","08:40 pm","060","Cross Road","Straight road","Level","Not Applicable","Sealed","Wet","Raining","Night","Right Angle","01","Driver Rider","1: PDO","Roundabout","","",1329779.29,1686588.74,"13297791686589"
"2014-8319-27/05/2021","3 Country","VICTOR HARBOR","5211","DC VICTOR HARBOR.             ",2,0,0,0,0,2014,"June","Saturday","12:19 am","050","Cross Road","Straight road","Level","Not Applicable","Sealed","Wet","Raining","Night","Right Angle","01","Driver Rider","1: PDO","Give Way Sign","","",1326922.09,1600215.17,"13269221600215"
"2014-8320-27/05/2021","3 Country","BARMERA","5345","THE BERRI BARMERA COUNCIL",1,0,0,0,0,2014,"June","Saturday","06:45 am","110","Not Divided","Straight road","Level","Not Applicable","Sealed","Dry","Not Raining","Night","Roll Over","01","Driver Rider","1: PDO","No Control","","",1507118.16,1740698.07,"15071181740698"
"2014-8321-27/05/2021","2 Metropolitan","KILBURN","5084","CITY OF PORT ADELAIDE ENFIELD",2,1,0,0,1,2014,"June","Saturday","05:30 am","060","Divided Road","Straight road","Level","Not Applicable","Sealed","Wet","Raining","Night","Hit Fixed Object","01","Driver Rider","2: MI","No Control","","",1327178.66,1679163.54,"13271791679164"
"2014-8322-27/05/2021","2 Metropolitan","HINDMARSH","5007","CITY OF CHARLES STURT",3,0,0,0,0,2014,"June","Friday","05:45 pm","060","T-Junction","Straight road","Level","Not Applicable","Sealed","Wet","Raining","Night","Rear End","01","Driver Rider","1: PDO","Traffic Signals","","",1326056.45,1673028.42,"13260561673028"
"2014-8323-27/05/2021","2 Metropolitan","SEACLIFF PARK","5049","CITY OF HOLDFAST BAY",3,1,0,0,1,2014,"June","Saturday","08:45 am","060","T-Junction","Straight road","Level","Not Applicable","Sealed","Dry","Not Raining","Daylight","Right Turn","02","Driver Rider","2: MI","Traffic Signals","","",1321185.13,1659325.67,"13211851659326"
"2014-8324-27/05/2021","3 Country","TANUNDA","5352","THE BAROSSA COUNCIL.",2,0,0,0,0,2014,"June","Saturday","10:30 am","080","Cross Road","Straight road","Level","Not Applicable","Sealed","Dry","Not Raining","Daylight","Right Angle","02","Driver Rider","1: PDO","Stop Sign","","",1364042.61,1713570.72,"13640431713571"
"2014-8325-27/05/2021","2 Metropolitan","SOMERTON PARK","5044","CITY OF HOLDFAST BAY",2,2,0,0,2,2014,"June","Friday","02:30 pm","060","Divided Road","Straight road","Level","Not Applicable","Sealed","Dry","Not Raining","Daylight","Rear End","02","Driver Rider","2: MI","No Control","","",1321837.03,1663021.77,"13218371663022"
"2014-8326-27/05/2021","2 Metropolitan","RICHMOND","5033","CITY OF WEST TORRENS",2,0,0,0,0,2014,"June","Friday","05:05 pm","060","Divided Road","Straight road","Level","Not Applicable","Sealed","Dry","Not Raining","Daylight","Rear End","02","Driver Rider","1: PDO","No Control","","",1325774.89,1669683.71,"13257751669684"
"2014-8327-27/05/2021","2 Metropolitan","STURT","5047","CC MARION.                    ",4,0,0,0,0,2014,"June","Saturday","11:40 am","060","Divided Road","Straight road","Level","Not Applicable","Sealed","Dry","Not Raining","Daylight","Rear End","01","Driver Rider","1: PDO","No Control","","",1323759.08,1660655.46,"13237591660655"
"2014-8328-27/05/2021","2 Metropolitan","WARD BELT","5118","LIGHT REGIONAL COUNCIL",2,0,0,0,0,2014,"June","Saturday","09:30 am","110","Freeway","Straight road","Level","Not Applicable","Sealed","Dry","Not Raining","Daylight","Hit Fixed Object","01","Driver Rider","1: PDO","No Control","","",,,
"2014-8329-27/05/2021","2 Metropolitan","TORRENSVILLE","5031","CITY OF WEST TORRENS",2,0,0,0,0,2014,"June","Saturday","01:30 pm","060","Divided Road","Straight road","Level","Not Applicable","Sealed","Dry","Not Raining","Daylight","Hit Parked Vehicle","02","Driver Rider","1: PDO","No Control","","",1325163.73,1670975.36,"13251641670975"
"2014-8330-27/05/2021","1 City","ADELAIDE","5000","CITY OF ADELAIDE",2,0,0,0,0,2014,"June","Friday","04:30 pm","050","Not Divided","Straight road","Level","Not Applicable","Sealed","Wet","Raining","Daylight","Hit Parked Vehicle","02","Driver Rider","1: PDO","No Control","","",1329113.72,1669741.22,"13291141669741"
"2014-8331-27/05/2021","1 City","ADELAIDE","5000","CITY OF ADELAIDE",3,0,0,0,0,2014,"June","Saturday","01:45 pm","060","Cross Road","Straight road","Level","Not Applicable","Sealed","Dry","Not Raining","Daylight","Rear End","01","Driver Rider","1: PDO","Traffic Signals","","",1327386.29,1670322.63,"13273861670323"
"2014-8332-27/05/2021","2 Metropolitan","TRANMERE","5073","CC CAMPBELLTOWN.              ",2,0,0,0,0,2014,"June","Saturday","01:35 pm","060","Not Divided","Straight road","Level","Driveway or Entrance","Sealed","Dry","Not Raining","Daylight","Side Swipe","02","Driver Rider","1: PDO","No Control","","",1333907.24,1673154.16,"13339071673154"
"2014-8333-27/05/2021","3 Country","PORT PIRIE SOUTH","5540","PT.PIRIE CITY & DIST. COUNCIL ",2,0,0,0,0,2014,"June","Friday","08:00 pm","050","Not Divided","Straight road","Level","Not Applicable","Sealed","Dry","Not Raining","Night","Hit Parked Vehicle","02","Driver Rider","1: PDO","No Control","","",1279673.05,1863716.07,"12796731863716"
"2014-8334-27/05/2021","2 Metropolitan","HOVE","5048","CITY OF HOLDFAST BAY",2,0,0,0,0,2014,"June","Friday","08:37 pm","050","Not Divided","Straight road","Level","Not Applicable","Sealed","Wet","Raining","Night","Head On","02","Driver Rider","1: PDO","No Control","Y","",1321733.35,1661188.79,"13217331661189"
"2014-8335-27/05/2021","2 Metropolitan","MODBURY NORTH","5092","CITY OF TEA TREE GULLY",2,0,0,0,0,2014,"June","Saturday","11:40 am","060","Not Divided","Straight road","Level","Not Applicable","Sealed","Dry","Not Raining","Daylight","Hit Fixed Object","01","Driver Rider","1: PDO","No Control","","",1336546.75,1682360.63,"13365471682361"
"2014-8336-27/05/2021","2 Metropolitan","ELIZABETH VALE","5112","CITY OF PLAYFORD.",2,0,0,0,0,2014,"June","Friday","04:15 pm","050","T-Junction","Straight road","Level","Not Applicable","Sealed","Dry","Not Raining","Daylight","Hit Fixed Object","01","Driver Rider","1: PDO","No Control","","",1335045.43,1690355.6,"13350451690356"
"2014-8337-27/05/2021","2 Metropolitan","BURTON","5110","CITY OF SALISBURY",2,0,0,0,0,2014,"June","Friday","10:00 pm","060","Not Divided","Straight road","Level","Not Applicable","Sealed","Dry","Not Raining","Night","Hit Parked Vehicle","01","Driver Rider","1: PDO","No Control","","",1327896.64,1691164.04,"13278971691164"
"2014-8338-27/05/2021","2 Metropolitan","FINDON","5023","CITY OF CHARLES STURT",2,0,0,0,0,2014,"June","Saturday","03:00 pm","060","Not Divided","Straight road","Level","Not Applicable","Sealed","Wet","Not Raining","Daylight","Hit Parked Vehicle","02","Driver Rider","1: PDO","No Control","","",1322400.04,1673917.84,"13224001673918"
"2014-8339-27/05/2021","2 Metropolitan","KIDMAN PARK","5025","CITY OF CHARLES STURT",2,0,0,0,0,2014,"June","Saturday","01:10 pm","060","Cross Road","Straight road","Level","Not Applicable","Sealed","Dry","Not Raining","Daylight","Rear End","02","Driver Rider","1: PDO","Traffic Signals","","",1322420.13,1673116.28,"13224201673116"
"2014-8340-27/05/2021","3 Country","SUTTONTOWN","5291","DISTRICT COUNCIL OF GRANT",2,0,0,0,0,2014,"June","Saturday","03:40 pm","080","Not Divided","Straight road","Slope","Not Applicable","Sealed","Wet","Raining","Daylight","Side Swipe","01","Driver Rider","1: PDO","No Control","","",1509810.02,1346345.51,"15098101346346"
"2014-8341-27/05/2021","3 Country","PORT ELLIOT","5212","ALEXANDRINA COUNCIL",2,0,0,0,0,2014,"June","Friday","10:00 pm","080","Not Divided","Straight road","Level","Not Applicable","Sealed","Wet","Raining","Night","Rear End","01","Driver Rider","1: PDO","No Control","","",1332370.69,1604442.11,"13323711604442"
"2014-8342-27/05/2021","3 Country","STIRLING NORTH","5710","CC PT.AUGUSTA.                ",2,1,0,0,1,2014,"June","Saturday","05:34 pm","080","Not Divided","Straight road","Slope","Not Applicable","Sealed","Wet","Raining","Night","Hit Fixed Object","01","Driver Rider","2: MI","No Control","Y","",1267364.44,1939460.21,"12673641939460"
"2014-8343-27/05/2021","2 Metropolitan","THEBARTON","5031","CITY OF WEST TORRENS",2,0,0,0,0,2014,"June","Saturday","04:30 pm","060","Divided Road","Straight road","Level","Not Applicable","Sealed","Wet","Raining","Daylight","Side Swipe","02","Driver Rider","1: PDO","No Control","","",1326489.44,1672279.91,"13264891672280"
"2014-8344-27/05/2021","1 City","NORTH ADELAIDE","5006","CITY OF ADELAIDE",2,0,0,0,0,2014,"June","Saturday","04:00 pm","050","Cross Road","Straight road","Level","Not Applicable","Sealed","Dry","Not Raining","Daylight","Hit Fixed Object","01","Driver Rider","1: PDO","Traffic Signals","","",1327895.97,1671596.9,"13278961671597"
"2014-8345-27/05/2021","2 Metropolitan","BOLIVAR","5110","CITY OF SALISBURY",2,0,0,0,0,2014,"June","Friday","05:00 pm","090","Divided Road","Straight road","Level","Not Applicable","Sealed","Wet","Raining","Daylight","Rear End","02","Driver Rider","1: PDO","No Control","","",1328307.04,1689230.5,"13283071689231"
"2014-8346-27/05/2021","1 City","ADELAIDE","5000","CITY OF ADELAIDE",2,0,0,0,0,2014,"June","Friday","05:50 pm","050","Cross Road","Straight road","Level","Not Applicable","Sealed","Wet","Raining","Night","Right Turn","01","Driver Rider","1: PDO","Traffic Signals","","",1329034.22,1670362.17,"13290341670362"
"2014-8347-27/05/2021","2 Metropolitan","WINGFIELD","5013","CITY OF PORT ADELAIDE ENFIELD",2,3,0,0,3,2014,"June","Saturday","05:30 pm","090","Divided Road","Straight road","Level","Not Applicable","Sealed","Wet","Raining","Night","Rear End","02","Driver Rider","2: MI","No Control","","",1326056.43,1681083.13,"13260561681083"
"2014-8348-27/05/2021","3 Country","CURRENCY CREEK","5214","ALEXANDRINA COUNCIL",1,2,0,0,2,2014,"June","Saturday","05:30 pm","100","Not Divided","CURVED, VIEW OPEN","Bottom of Hill","Not Applicable","Sealed","Wet","Raining","Night","Roll Over","01","Driver Rider","2: MI","No Control","","",1339022.15,1611252.05,"13390221611252"
"2014-8349-27/05/2021","2 Metropolitan","PARKSIDE","5063","CITY OF UNLEY",2,0,0,0,0,2014,"June","Saturday","07:26 pm","060","Not Divided","Straight road","Slope","Not Applicable","Sealed","Dry","Not Raining","Night","Hit Parked Vehicle","01","Driver Rider","1: PDO","No Control","","",1330431.19,1668538.86,"13304311668539"
"2014-8350-27/05/2021","2 Metropolitan","SEAFORD MEADOWS","5169","CITY OF ONKAPARINGA",2,3,0,0,3,2014,"June","Saturday","09:25 pm","060","Cross Road","Straight road","Level","Not Applicable","Sealed","Dry","Not Raining","Night","Right Turn","02","Driver Rider","2: MI","Traffic Signals","","",1318091.98,1642826.26,"13180921642826"
"2014-8351-27/05/2021","2 Metropolitan","NORWOOD","5067","CC OF NORWOOD,PAYNEHAM & ST PETERS",2,0,0,0,0,2014,"June","Saturday","10:55 pm","050","Divided Road","Straight road","Level","Driveway or Entrance","Sealed","Dry","Not Raining","Night","Right Angle","01","Driver Rider","1: PDO","No Control","","",1331442.97,1671349.9,"13314431671350"
"2014-8352-27/05/2021","3 Country","PARIS CREEK","5201","ALEXANDRINA COUNCIL",2,0,0,0,0,2014,"June","Saturday","10:45 pm","080","Not Divided","CURVED, VIEW OPEN","Slope","Not Applicable","Sealed","Wet","Not Raining","Night","Hit Fixed Object","01","Driver Rider","1: PDO","No Control","Y","",1347893.01,1637332.07,"13478931637332"
"2014-8353-27/05/2021","2 Metropolitan","SALISBURY EAST","5109","CITY OF SALISBURY",2,1,0,0,1,2014,"June","Saturday","12:40 am","050","Not Divided","Straight road","Level","Not Applicable","Sealed","Wet","Raining","Night","Hit Fixed Object","01","Driver Rider","2: MI","No Control","Y","",1334929.25,1686238.15,"13349291686238"
"2014-8354-27/05/2021","2 Metropolitan","NORTHGATE","5085","CITY OF PORT ADELAIDE ENFIELD",2,0,0,0,0,2014,"June","Sunday","02:20 am","050","Not Divided","Straight road","Level","Not Applicable","Sealed","Dry","Not Raining","Night","Hit Fixed Object","01","Driver Rider","1: PDO","No Control","Y","",1331941.45,1677662.03,"13319411677662"
"2014-8355-27/05/2021","2 Metropolitan","INGLE FARM","5098","CITY OF SALISBURY",2,0,0,0,0,2014,"June","Sunday","01:40 am","050","Pedestrian Crossing","Straight road","Bottom of Hill","Not Applicable","Sealed","Dry","Not Raining","Night","Hit Fixed Object","01","Driver Rider","1: PDO","Traffic Signals","Y","",1332545.11,1681212.26,"13325451681212"
"2014-8356-27/05/2021","2 Metropolitan","WILLUNGA SOUTH","5172","CITY OF ONKAPARINGA",1,0,0,0,0,2014,"June","Sunday","01:30 am","050","Not Divided","CURVED, VIEW OPEN","Slope","Not Applicable","Sealed","Dry","Not Raining","Night","Left Road - Out of Control","01","Driver Rider","1: PDO","No Control","","",1323098.04,1631337.63,"13230981631338"
"2014-8357-27/05/2021","2 Metropolitan","ALBERT PARK","5014","CITY OF CHARLES STURT",2,0,0,0,0,2014,"June","Saturday","11:20 am","060","T-Junction","Straight road","Level","Not Applicable","Sealed","Dry","Not Raining","Daylight","Roll Over","01","Driver Rider","1: PDO","Give Way Sign","","",1321620.27,1675800.75,"13216201675801"
"2014-8358-27/05/2021","3 Country","MIDDLEBACK RANGE","5600","CC WHYALLA.                   ",2,1,0,0,1,2014,"June","Sunday","05:00 am","110","Not Divided","Straight road","Level","Not Applicable","Sealed","Dry","Not Raining","Night","Head On","02","Driver Rider","2: MI","No Control","","",1216470.62,1875731.31,"12164711875731"
"2014-8359-27/05/2021","2 Metropolitan","DAVOREN PARK","5113","CITY OF PLAYFORD.",2,0,0,0,0,2014,"June","Sunday","07:30 am","050","T-Junction","Straight road","Level","Not Applicable","Sealed","Wet","Raining","Daylight","Hit Fixed Object","01","Driver Rider","1: PDO","Give Way Sign","","",1335971.58,1696023.89,"13359721696024"
"2014-8360-27/05/2021","3 Country","GEMMELLS","5255","ALEXANDRINA COUNCIL",3,0,0,0,0,2014,"June","Sunday","08:00 am","100","Not Divided","Straight road","Level","Not Applicable","Sealed","Dry","Not Raining","Daylight","Hit Fixed Object","01","Driver Rider","1: PDO","No Control","","",1353995.59,1641967.78,"13539961641968"
"2014-8361-27/05/2021","2 Metropolitan","GLENELG","5045","CITY OF HOLDFAST BAY",1,1,0,0,1,2014,"June","Sunday","11:05 am","050","Not Divided","Straight road","Level","Not Applicable","Sealed","Dry","Not Raining","Daylight","Left Road - Out of Control","01","Driver Rider","2: MI","No Control","","",1320148.8,1664500.13,"13201491664500"
"2014-8362-27/05/2021","3 Country","CURRENCY CREEK","5214","ALEXANDRINA COUNCIL",1,1,0,0,1,2014,"June","Sunday","09:50 am","100","Not Divided","Straight road","Level","Not Applicable","Sealed","Wet","Not Raining","Daylight","Roll Over","01","Driver Rider","2: MI","No Control","","",1342096.19,1617051.72,"13420961617052"