"REPORT_ID","Stats Area","Suburb","Postcode","LGA Name","Total Units","Total Cas","Total Fats","Total SI","Total MI","Year","Month","Day","Time","Area Speed","Position Type","Horizontal Align","Vertical Align","Other Feat","Road Surface","Moisture Cond","Weather Cond","DayNight","Crash Type","Unit Resp","Entity Code","CSEF Severity","Traffic Ctrls","DUI Involved","Drugs Involved","ACCLOC_X","ACCLOC_Y","UNIQUE_LOC"
"2014-8363-27/05/2021","2 Metropolitan","WARRADALE","5046","CC MARION.                    ",3,0,0,0,0,2014,"June","Sunday","12:30 pm","060","Divided Road","Straight road","Level","Not Applicable","Sealed","Dry","Not Raining","Daylight","Rear End","02","Driver Rider","1: PDO","No Control","","",1322625.28,1661695.83,"13226251661696"
"2014-8364-27/05/2021","2 Metropolitan","WOODSIDE","5244","THE ADELAIDE HILLS COUNCIL",2,1,0,0,1,2014,"June","Sunday","07:55 am","080","Not Divided","CURVED, VIEW OPEN","Slope","Not Applicable","Sealed","Wet","Not Raining","Daylight","Hit Fixed Object","01","Driver Rider","2: MI","No Control","","",1352369.98,1667307.07,"13523701667307"
"2014-8365-27/05/2021","3 Country","TARLEE","5411","CLARE AND GILBERT VALLEYS DISTRICT COUNCIL",2,1,0,0,1,2014,"June","Sunday","10:20 am","060","Not Divided","Straight road","Level","Not Applicable","Sealed","Dry","Not Raining","Daylight","Hit Pedestrian","02","Pedestrian","2: MI","No Control","","",1346611.04,1742297.69,"13466111742298"
"2014-8366-27/05/2021","2 Metropolitan","STURT","5047","CC MARION.                    ",3,1,0,0,1,2014,"June","Sunday","11:35 am","060","Divided Road","Straight road","Level","Not Applicable","Sealed","Dry","Not Raining","Daylight","Rear End","01","Driver Rider","2: MI","No Control","","",1323886.64,1660659.78,"13238871660660"
"2014-8367-27/05/2021","2 Metropolitan","ECHUNGA","5153","DC MT.BARKER.                 ",2,0,0,0,0,2014,"June","Sunday","01:35 pm","080","T-Junction","CURVED, VIEW OBSCURED","Crest of Hill","Not Applicable","Sealed","Wet","Raining","Daylight","Right Angle","02","Driver Rider","1: PDO","Stop Sign","","",1346566.74,1650045.12,"13465671650045"
"2014-8368-27/05/2021","2 Metropolitan","CRAFERS WEST","5152","THE ADELAIDE HILLS COUNCIL",2,0,0,0,0,2014,"June","Saturday","04:30 pm","060","Not Divided","CURVED, VIEW OPEN","Level","Not Applicable","Sealed","Wet","Raining","Daylight","Hit Fixed Object","01","Driver Rider","1: PDO","No Control","","",1337197.52,1661265.06,"13371981661265"
"2014-8369-27/05/2021","2 Metropolitan","SEATON","5023","CITY OF CHARLES STURT",2,1,0,1,0,2014,"June","Saturday","07:50 pm","050","T-Junction","Straight road","Level","Not Applicable","Sealed","Wet","Not Raining","Night","Hit Pedestrian","02","Pedestrian","3: SI","No Control","","",1320620.7,1675779.94,"13206211675780"
"2014-8370-27/05/2021","3 Country","CRYSTAL BROOK","5523","PT.PIRIE CITY & DIST. COUNCIL ",2,2,0,0,2,2014,"June","Sunday","12:15 am","110","T-Junction","Straight road","Level","Not Applicable","Sealed","Wet","Raining","Night","Hit Fixed Object","01","Driver Rider","2: MI","No Control","","",1294425.31,1842325.18,"12944251842325"
"2014-8371-27/05/2021","2 Metropolitan","PROSPECT","5082","CITY OF PROSPECT",2,0,0,0,0,2014,"June","Sunday","03:00 pm","050","Not Divided","Straight road","Level","Not Applicable","Sealed","Dry","Not Raining","Daylight","Hit Parked Vehicle","01","Driver Rider","1: PDO","No Control","","",1327737.7,1674607.57,"13277381674608"
"2014-8372-27/05/2021","2 Metropolitan","WARRADALE","5046","CC MARION.                    ",2,0,0,0,0,2014,"June","Friday","08:14 pm","050","Not Divided","Straight road","Level","Not Applicable","Sealed","Dry","Not Raining","Night","Hit Fixed Object","01","Driver Rider","1: PDO","No Control","","",1322363.25,1661214.15,"13223631661214"
"2014-8373-27/05/2021","2 Metropolitan","ST GEORGES","5064","CITY OF BURNSIDE",2,0,0,0,0,2014,"June","Sunday","02:45 pm","060","T-Junction","Straight road","Level","Not Applicable","Sealed","Dry","Not Raining","Daylight","Rear End","02","Driver Rider","1: PDO","No Control","","",1332359.76,1667640.87,"13323601667641"
"2014-8374-27/05/2021","2 Metropolitan","VALE PARK","5081","WALKERVILLE TOWN COUNCIL",2,0,0,0,0,2014,"June","Friday","10:00 am","060","Cross Road","Straight road","Level","Not Applicable","Sealed","Dry","Not Raining","Daylight","Rear End","02","Driver Rider","1: PDO","Traffic Signals","","",1330635.32,1675352.25,"13306351675352"
"2014-8375-27/05/2021","3 Country","MONARTO SOUTH","5254","RC MURRAY BRIDGE.             ",1,0,0,0,0,2014,"June","Thursday","03:20 pm","100","Ramp On","CURVED, VIEW OPEN","Level","Not Applicable","Sealed","Wet","Raining","Daylight","Roll Over","01","Driver Rider","1: PDO","No Control","","",1376050.2,1645375.15,"13760501645375"
"2014-8376-27/05/2021","2 Metropolitan","MASLIN BEACH","5170","CITY OF ONKAPARINGA",2,0,0,0,0,2014,"June","Sunday","03:00 am","050","Not Divided","CURVED, VIEW OPEN","Slope","Not Applicable","Sealed","Dry","Not Raining","Night","Hit Parked Vehicle","01","Driver Rider","1: PDO","No Control","","",1315965.32,1637336.42,"13159651637336"
"2014-8377-27/05/2021","2 Metropolitan","COLLEGE PARK","5069","CC OF NORWOOD,PAYNEHAM & ST PETERS",3,0,0,0,0,2014,"June","Saturday","10:30 pm","050","Not Divided","Straight road","Level","Not Applicable","Sealed","Wet","Not Raining","Night","Hit Parked Vehicle","02","Driver Rider","1: PDO","No Control","","",1330633.71,1671915.89,"13306341671916"
"2014-8378-27/05/2021","2 Metropolitan","PARA HILLS WEST","5096","CITY OF SALISBURY",2,1,0,0,1,2014,"June","Sunday","07:00 pm","060","Cross Road","Straight road","Level","Not Applicable","Sealed","Dry","Not Raining","Night","Right Turn","02","Driver Rider","2: MI","Traffic Signals","","",1333442.68,1683696.42,"13334431683696"
"2014-8379-27/05/2021","2 Metropolitan","PARADISE","5075","CC CAMPBELLTOWN.              ",2,2,0,0,2,2014,"June","Sunday","06:45 pm","060","Not Divided","Straight road","Level","Not Applicable","Sealed","Dry","Not Raining","Night","Rear End","01","Driver Rider","2: MI","No Control","","",1336735.06,1676714.55,"13367351676715"
"2014-8380-27/05/2021","2 Metropolitan","MARDEN","5070","CC OF NORWOOD,PAYNEHAM & ST PETERS",2,0,0,0,0,2014,"June","Sunday","07:15 pm","060","Pedestrian Crossing","Straight road","Level","Not Applicable","Sealed","Dry","Not Raining","Night","Hit Fixed Object","01","Driver Rider","1: PDO","Traffic Signals","","",1331708.93,1674269,"13317091674269"
"2014-8381-27/05/2021","2 Metropolitan","POORAKA","5095","CITY OF SALISBURY",2,0,0,0,0,2014,"June","Sunday","08:15 pm","050","T-Junction","Straight road","Level","Not Applicable","Sealed","Dry","Not Raining","Night","Hit Fixed Object","01","Driver Rider","1: PDO","No Control","","",1330485.26,1680907.73,"13304851680908"
"2014-8382-27/05/2021","2 Metropolitan","BALHANNAH","5242","THE ADELAIDE HILLS COUNCIL",2,0,0,0,0,2014,"June","Friday","06:02 pm","080","Not Divided","CURVED, VIEW OBSCURED","Level","Not Applicable","Sealed","Wet","Raining","Night","Hit Fixed Object","01","Driver Rider","1: PDO","No Control","Y","",1348994.86,1661966.43,"13489951661966"
"2014-8383-27/05/2021","2 Metropolitan","DAWESLEY","5252","DC MT.BARKER.                 ",2,0,0,0,0,2014,"June","Sunday","04:30 pm","100","Not Divided","CURVED, VIEW OPEN","Slope","Not Applicable","Sealed","Wet","Not Raining","Daylight","Hit Fixed Object","01","Driver Rider","1: PDO","No Control","","",1360274.34,1657447.7,"13602741657448"
"2014-8384-27/05/2021","2 Metropolitan","BRIDGEWATER","5155","THE ADELAIDE HILLS COUNCIL",2,0,0,0,0,2014,"June","Sunday","08:45 pm","050","Not Divided","CURVED, VIEW OPEN","Level","Not Applicable","Sealed","Wet","Not Raining","Night","Hit Fixed Object","01","Driver Rider","1: PDO","No Control","Y","",1342852.94,1660080.88,"13428531660081"
"2014-8385-27/05/2021","3 Country","PORT BROUGHTON","5522","BARUNGA WEST DISTRICT COUNCIL",3,0,0,0,0,2014,"June","Saturday","07:00 am","050","Cross Road","CURVED, VIEW OPEN","Level","Not Applicable","Sealed","Wet","Raining","Night","Hit Fixed Object","01","Driver Rider","1: PDO","Give Way Sign","","",1271457.52,1818948.51,"12714581818949"
"2014-8386-27/05/2021","2 Metropolitan","VIRGINIA","5120","CITY OF PLAYFORD.",1,1,0,0,1,2014,"June","Sunday","10:30 pm","080","Not Divided","Straight road","Level","Not Applicable","Sealed","Wet","Raining","Night","Left Road - Out of Control","01","Driver Rider","2: MI","No Control","Y","",1326233.38,1697803.82,"13262331697804"
"2014-8387-27/05/2021","3 Country","SPALDING","5454","NORTHERN AREAS DISTRICT COUNCIL",1,1,1,0,0,2014,"June","Sunday","07:30 pm","100","Not Divided","Straight road","Slope","Not Applicable","Unsealed","Dry","Not Raining","Night","Roll Over","01","Driver Rider","4: Fatal","No Control","","",1333111.88,1832330.13,"13331121832330"
"2014-8388-27/05/2021","3 Country","ANGASTON","5353","THE BAROSSA COUNCIL.",2,0,0,0,0,2014,"June","Monday","02:00 am","080","T-Junction","Straight road","Level","Not Applicable","Sealed","Wet","Raining","Night","Hit Fixed Object","01","Driver Rider","1: PDO","No Control","","",1369021.22,1711296.57,"13690211711297"
"2014-8389-27/05/2021","2 Metropolitan","GILLES PLAINS","5086","CITY OF PORT ADELAIDE ENFIELD",2,1,0,0,1,2014,"June","Monday","12:35 am","050","Not Divided","Straight road","Level","Not Applicable","Sealed","Wet","Raining","Night","Hit Fixed Object","01","Driver Rider","2: MI","No Control","","",1333665.35,1678936.26,"13336651678936"
"2014-8390-27/05/2021","2 Metropolitan","ATHELSTONE","5076","CC CAMPBELLTOWN.              ",2,0,0,0,0,2014,"June","Monday","04:30 am","050","Not Divided","CURVED, VIEW OPEN","Slope","Not Applicable","Sealed","Wet","Raining","Night","Hit Fixed Object","01","Driver Rider","1: PDO","No Control","","",1338240,1675819.54,"13382401675820"
"2014-8391-27/05/2021","3 Country","WILLOW CREEK","5211","DC YANKALILLA.                ",2,0,0,0,0,2014,"June","Sunday","02:05 pm","100","Not Divided","CURVED, VIEW OBSCURED","Level","Not Applicable","Unsealed","Wet","Not Raining","Daylight","Head On","01","Driver Rider","1: PDO","No Control","","",1311484.05,1603715.26,"13114841603715"
"2014-8392-27/05/2021","2 Metropolitan","SHEIDOW PARK","5158","CC MARION.                    ",2,3,0,0,3,2014,"June","Sunday","01:00 pm","080","T-Junction","Straight road","Level","Not Applicable","Sealed","Dry","Not Raining","Daylight","Right Angle","01","Driver Rider","2: MI","No Control","","",1320864.69,1654361.45,"13208651654361"
"2014-8393-27/05/2021","2 Metropolitan","PROSPECT","5082","CITY OF PROSPECT",2,1,0,0,1,2014,"June","Sunday","02:15 pm","060","Cross Road","Straight road","Level","Not Applicable","Sealed","Dry","Not Raining","Daylight","Right Turn","01","Driver Rider","2: MI","Traffic Signals","","",1327235.97,1676403.16,"13272361676403"
"2014-8394-27/05/2021","2 Metropolitan","ELIZABETH VALE","5112","CITY OF PLAYFORD.",2,0,0,0,0,2014,"June","Monday","06:40 am","050","Cross Road","Straight road","Level","Not Applicable","Sealed","Wet","Raining","Night","Right Angle","02","Driver Rider","1: PDO","Give Way Sign","","",1334885.72,1690394.51,"13348861690395"
"2014-8395-27/05/2021","3 Country","FREELING","5372","LIGHT REGIONAL COUNCIL",2,0,0,0,0,2014,"June","Monday","06:45 am","100","Not Divided","Straight road","Level","Not Applicable","Sealed","Wet","Not Raining","Night","Head On","01","Driver Rider","1: PDO","No Control","","",1347854.73,1717389.8,"13478551717390"
"2014-8396-27/05/2021","2 Metropolitan","PAYNEHAM SOUTH","5070","CC OF NORWOOD,PAYNEHAM & ST PETERS",2,0,0,0,0,2014,"June","Sunday","09:11 pm","050","Cross Road","Straight road","Level","Not Applicable","Sealed","Dry","Not Raining","Night","Hit Fixed Object","01","Driver Rider","1: PDO","Give Way Sign","","",1332753.38,1672593.69,"13327531672594"
"2014-8397-27/05/2021","3 Country","BEAUFORT","5550","WAKEFIELD REGIONAL COUNCIL",2,0,0,0,0,2014,"June","Sunday","03:20 pm","110","Cross Road","Straight road","Level","Not Applicable","Sealed","Wet","Not Raining","Daylight","Rear End","02","Driver Rider","1: PDO","Give Way Sign","","",1294855.18,1765187.72,"12948551765188"
"2014-8398-27/05/2021","3 Country","PORT AUGUSTA","5700","CC PT.AUGUSTA.                ",2,0,0,0,0,2014,"June","Monday","09:15 am","050","Divided Road","Straight road","Level","Median Opening (not at I/S)","Sealed","Dry","Not Raining","Daylight","Side Swipe","01","Driver Rider","1: PDO","No Control","","",1260454.7,1941377.29,"12604551941377"
"2014-8399-27/05/2021","3 Country","KARKOO","5632","DC LOWER EYRE PENINSULA       ",2,0,0,0,0,2014,"June","Wednesday","11:30 pm","110","T-Junction","Straight road","Level","Not Applicable","Unsealed","Wet","Raining","Night","Hit Fixed Object","01","Driver Rider","1: PDO","No Control","","",1062074.18,1775926.64,"10620741775927"
"2014-8400-27/05/2021","2 Metropolitan","ANGLE VALE","5117","CITY OF PLAYFORD.",1,0,0,0,0,2014,"June","Sunday","03:30 pm","110","Freeway","Straight road","Level","Not Applicable","Sealed","Dry","Not Raining","Daylight","Left Road - Out of Control","01","Driver Rider","1: PDO","No Control","","",1335698.1,1701754.02,"13356981701754"
"2014-8401-27/05/2021","2 Metropolitan","SEAFORD MEADOWS","5169","CITY OF ONKAPARINGA",2,1,0,0,1,2014,"June","Monday","08:36 am","060","Cross Road","Straight road","Level","Not Applicable","Sealed","Dry","Not Raining","Daylight","Rear End","01","Driver Rider","2: MI","Roundabout","","",1316820.42,1642789.32,"13168201642789"
"2014-8402-27/05/2021","2 Metropolitan","DAVOREN PARK","5113","CITY OF PLAYFORD.",2,0,0,0,0,2014,"June","Monday","08:50 am","060","T-Junction","Straight road","Level","Not Applicable","Sealed","Wet","Not Raining","Daylight","Rear End","02","Driver Rider","1: PDO","No Control","","",1335682.01,1695766.51,"13356821695767"
"2014-8403-27/05/2021","3 Country","PINNAROO","5304","SOUTHERN MALLEE DISTRICT COUNCIL",2,0,0,0,0,2014,"June","Friday","03:43 pm","080","Not Divided","Straight road","Level","Not Applicable","Unsealed","Wet","Not Raining","Daylight","Rear End","01","Driver Rider","1: PDO","No Control","","",1525563.88,1620223.36,"15255641620223"
"2014-8404-27/05/2021","2 Metropolitan","SEAFORD","5169","CITY OF ONKAPARINGA",2,1,0,0,1,2014,"June","Sunday","01:47 pm","070","Not Divided","Straight road","Level","Not Applicable","Sealed","Dry","Not Raining","Daylight","Rear End","02","Driver Rider","2: MI","No Control","Y","",1316368.27,1642161.27,"13163681642161"
"2014-8405-27/05/2021","2 Metropolitan","NAILSWORTH","5083","CITY OF PROSPECT",3,0,0,0,0,2014,"June","Monday","08:30 am","060","T-Junction","Straight road","Level","Not Applicable","Sealed","Wet","Raining","Daylight","Rear End","02","Driver Rider","1: PDO","No Control","","",1328921.7,1674593.58,"13289221674594"
"2014-8406-27/05/2021","2 Metropolitan","SOMERTON PARK","5044","CITY OF HOLDFAST BAY",2,2,0,2,0,2014,"June","Sunday","07:00 am","060","Divided Road","Straight road","Level","Not Applicable","Sealed","Dry","Not Raining","Night","Hit Fixed Object","01","Driver Rider","3: SI","No Control","","",1321693.72,1663390.57,"13216941663391"
"2014-8407-27/05/2021","2 Metropolitan","TEA TREE GULLY","5091","CITY OF TEA TREE GULLY",3,2,0,0,2,2014,"June","Monday","09:00 am","060","Not Divided","Straight road","Level","Not Applicable","Sealed","Wet","Not Raining","Daylight","Rear End","01","Driver Rider","2: MI","No Control","","",1340408.66,1681909.03,"13404091681909"
"2014-8408-27/05/2021","2 Metropolitan","BEVERLEY","5009","CITY OF CHARLES STURT",2,2,0,0,2,2014,"June","Sunday","05:50 pm","050","Cross Road","Straight road","Level","Not Applicable","Unsealed","Dry","Not Raining","Night","Right Angle","02","Driver Rider","2: MI","Give Way Sign","","",1323992.11,1673551.12,"13239921673551"
"2014-8409-27/05/2021","2 Metropolitan","MAWSON LAKES","5095","CITY OF SALISBURY",2,1,0,0,1,2014,"June","Monday","08:40 am","070","T-Junction","Straight road","Level","Not Applicable","Sealed","Wet","Raining","Daylight","Rear End","01","Driver Rider","2: MI","No Control","","",1329835.02,1684326.36,"13298351684326"
"2014-8410-27/05/2021","2 Metropolitan","HOPE VALLEY","5090","CITY OF TEA TREE GULLY",2,1,0,0,1,2014,"June","Monday","07:15 am","060","T-Junction","Straight road","Level","Not Applicable","Sealed","Wet","Not Raining","Night","Hit Pedestrian","02","Driver Rider","2: MI","Traffic Signals","","",1336918.1,1679461.71,"13369181679462"
"2014-8411-27/05/2021","2 Metropolitan","ELIZABETH GROVE","5112","CITY OF PLAYFORD.",2,1,0,0,1,2014,"June","Monday","07:15 am","080","T-Junction","Straight road","Level","Not Applicable","Sealed","Dry","Not Raining","Night","Rear End","02","Driver Rider","2: MI","No Control","","",1336118.68,1691385.65,"13361191691386"
"2014-8412-27/05/2021","2 Metropolitan","ENFIELD","5085","CITY OF PORT ADELAIDE ENFIELD",2,0,0,0,0,2014,"June","Monday","08:00 am","060","Divided Road","Straight road","Level","Not Applicable","Sealed","Wet","Raining","Daylight","Rear End","01","Driver Rider","1: PDO","No Control","","",1328857.95,1677141.06,"13288581677141"
"2014-8413-27/05/2021","3 Country","PORT AUGUSTA","5700","CC PT.AUGUSTA.                ",2,0,0,0,0,2014,"June","Monday","12:00 pm","050","Not Divided","Straight road","Level","Not Applicable","Sealed","Dry","Not Raining","Daylight","Hit Parked Vehicle","01","Driver Rider","1: PDO","No Control","","",1259185.57,1942236.91,"12591861942237"
"2014-8414-27/05/2021","2 Metropolitan","FINDON","5023","CITY OF CHARLES STURT",1,1,0,0,1,2014,"June","Monday","10:00 am","060","Cross Road","Straight road","Level","Not Applicable","Sealed","Wet","Raining","Daylight","Roll Over","01","Driver Rider","2: MI","Traffic Signals","","",1322374.99,1674726.87,"13223751674727"
"2014-8415-27/05/2021","2 Metropolitan","PARKSIDE","5063","CITY OF UNLEY",2,0,0,0,0,2014,"June","Wednesday","03:10 pm","060","Multiple","Straight road","Level","Not Applicable","Sealed","Dry","Not Raining","Daylight","Side Swipe","02","Driver Rider","1: PDO","Traffic Signals","","",1330353.92,1668599.7,"13303541668600"
"2014-8416-27/05/2021","2 Metropolitan","BELAIR","5052","CC MITCHAM.                   ",2,1,0,0,1,2014,"June","Friday","01:20 pm","060","T-Junction","CURVED, VIEW OBSCURED","Slope","Not Applicable","Sealed","Dry","Not Raining","Daylight","Roll Over","01","Driver Rider","2: MI","No Control","","",1330876.09,1662914.68,"13308761662915"
"2014-8417-27/05/2021","3 Country","GREENOCK","5360","LIGHT REGIONAL COUNCIL",3,0,0,0,0,2014,"June","Monday","12:45 pm","110","Divided Road","Straight road","Level","Not Applicable","Sealed","Dry","Not Raining","Daylight","Side Swipe","01","Driver Rider","1: PDO","No Control","","",1357825.25,1720457.4,"13578251720457"
"2014-8418-27/05/2021","2 Metropolitan","WOODVILLE PARK","5011","CITY OF CHARLES STURT",2,0,0,0,0,2014,"June","Monday","12:54 pm","060","T-Junction","Straight road","Level","Not Applicable","Sealed","Dry","Not Raining","Daylight","Rear End","02","Driver Rider","1: PDO","No Control","","",1324156.21,1676103.23,"13241561676103"
"2014-8419-27/05/2021","2 Metropolitan","CROYDON","5008","CITY OF CHARLES STURT",2,0,0,0,0,2014,"June","Monday","10:36 am","060","Cross Road","Straight road","Level","Not Applicable","Sealed","Dry","Not Raining","Daylight","Rear End","02","Driver Rider","1: PDO","Traffic Signals","","",1325517.03,1673428.59,"13255171673429"
"2014-8420-27/05/2021","2 Metropolitan","PARA HILLS WEST","5096","CITY OF SALISBURY",2,0,0,0,0,2014,"June","Monday","03:30 pm","060","Divided Road","Straight road","Level","Not Applicable","Sealed","Dry","Not Raining","Daylight","Rear End","02","Driver Rider","1: PDO","No Control","","",1332898.52,1683026.44,"13328991683026"
"2014-8421-27/05/2021","3 Country","MANOORA","5414","CLARE AND GILBERT VALLEYS DISTRICT COUNCIL",1,0,0,0,0,2014,"June","Friday","06:20 pm","100","Not Divided","CURVED, VIEW OBSCURED","Level","Not Applicable","Unsealed","Wet","Raining","Night","Roll Over","01","Driver Rider","1: PDO","No Control","","",1350627.31,1774095.99,"13506271774096"
"2014-8422-27/05/2021","2 Metropolitan","GILLES PLAINS","5086","CITY OF PORT ADELAIDE ENFIELD",2,0,0,0,0,2014,"June","Friday","11:10 am","060","T-Junction","Straight road","Level","Not Applicable","Sealed","Dry","Not Raining","Daylight","Right Angle","01","Driver Rider","1: PDO","Stop Sign","","",1333698.17,1677996.07,"13336981677996"
"2014-8423-27/05/2021","1 City","ADELAIDE","5000","CITY OF ADELAIDE",2,0,0,0,0,2014,"June","Monday","10:00 am","050","Divided Road","Straight road","Level","Not Applicable","Sealed","Wet","Raining","Daylight","Rear End","01","Driver Rider","1: PDO","No Control","","",1328770.85,1671141.24,"13287711671141"
"2014-8424-27/05/2021","2 Metropolitan","NOARLUNGA CENTRE","5168","CITY OF ONKAPARINGA",3,0,0,0,0,2014,"June","Monday","03:10 pm","060","Cross Road","Straight road","Slope","Not Applicable","Sealed","Wet","Not Raining","Daylight","Rear End","02","Driver Rider","1: PDO","Traffic Signals","","",1317357.75,1647424.51,"13173581647425"
"2014-8425-27/05/2021","2 Metropolitan","SEAFORD RISE","5169","CITY OF ONKAPARINGA",3,1,0,0,1,2014,"June","Monday","03:10 pm","050","Not Divided","Straight road","Level","Not Applicable","Sealed","Wet","Raining","Daylight","Rear End","01","Driver Rider","2: MI","No Control","","",1317062.41,1640879.05,"13170621640879"
"2014-8426-27/05/2021","2 Metropolitan","DARLINGTON","5042","CITY OF ONKAPARINGA",2,1,0,0,1,2014,"June","Monday","03:35 pm","070","Cross Road","Straight road","Slope","Not Applicable","Sealed","Dry","Not Raining","Daylight","Rear End","02","Driver Rider","2: MI","Traffic Signals","","",1324428.24,1659710.67,"13244281659711"
"2014-8427-27/05/2021","2 Metropolitan","CUMBERLAND PARK","5041","CC MITCHAM.                   ",2,0,0,0,0,2014,"June","Monday","02:10 pm","060","T-Junction","Straight road","Level","Not Applicable","Sealed","Dry","Not Raining","Daylight","Side Swipe","01","Driver Rider","1: PDO","No Control","","",1327536.09,1665237.74,"13275361665238"
"2014-8428-27/05/2021","2 Metropolitan","WALKERVILLE","5081","WALKERVILLE TOWN COUNCIL",3,0,0,0,0,2014,"June","Monday","08:15 am","060","Cross Road","Straight road","Level","Not Applicable","Sealed","Dry","Not Raining","Daylight","Rear End","02","Driver Rider","1: PDO","Traffic Signals","","",1329488.84,1674243.03,"13294891674243"
"2014-8429-27/05/2021","3 Country","WISANGER","5223","KANGAROO ISLAND COUNCIL",1,1,0,1,0,2014,"June","Monday","02:50 pm","100","Not Divided","CURVED, VIEW OPEN","Level","Not Applicable","Unsealed","Wet","Raining","Daylight","Roll Over","01","Driver Rider","3: SI","No Control","","",1224000.95,1596415.77,"12240011596416"
"2014-8430-27/05/2021","2 Metropolitan","PROSPECT","5082","CITY OF PROSPECT",2,1,0,0,1,2014,"June","Monday","03:10 pm","060","Cross Road","Straight road","Level","Not Applicable","Sealed","Dry","Not Raining","Daylight","Right Angle","01","Driver Rider","2: MI","Give Way Sign","","",1327276.77,1674740.65,"13272771674741"
"2014-8431-27/05/2021","2 Metropolitan","GLENELG EAST","5045","CITY OF HOLDFAST BAY",2,0,0,0,0,2014,"June","Monday","05:45 pm","060","Divided Road","Straight road","Level","Driveway or Entrance","Sealed","Wet","Raining","Night","Right Angle","01","Driver Rider","1: PDO","No Control","","",1321019.75,1664960.26,"13210201664960"
"2014-8432-27/05/2021","2 Metropolitan","WALKERVILLE","5081","WALKERVILLE TOWN COUNCIL",3,0,0,0,0,2014,"June","Monday","06:00 pm","060","Cross Road","Straight road","Level","Not Applicable","Sealed","Wet","Raining","Night","Rear End","01","Driver Rider","1: PDO","Traffic Signals","","",1329488.84,1674243.03,"13294891674243"
"2014-8433-27/05/2021","2 Metropolitan","PROSPECT","5082","CITY OF PROSPECT",2,0,0,0,0,2014,"June","Monday","03:20 pm","060","Divided Road","Straight road","Level","Not Applicable","Sealed","Dry","Not Raining","Daylight","Hit Fixed Object","01","Driver Rider","1: PDO","No Control","","",1327275.79,1674783.86,"13272761674784"
"2014-8434-27/05/2021","2 Metropolitan","SALISBURY DOWNS","5108","CITY OF SALISBURY",2,0,0,0,0,2014,"June","Monday","07:05 pm","050","Cross Road","Straight road","Level","Not Applicable","Sealed","Wet","Not Raining","Night","Right Angle","02","Driver Rider","1: PDO","Roundabout","","",1331466.66,1688289.85,"13314671688290"
"2014-8435-27/05/2021","2 Metropolitan","CHELTENHAM","5014","CITY OF CHARLES STURT",2,0,0,0,0,2014,"June","Monday","04:30 pm","060","Not Divided","Straight road","Level","Not Applicable","Sealed","Dry","Not Raining","Daylight","Hit Parked Vehicle","02","Driver Rider","1: PDO","No Control","","",1322219.16,1677255.9,"13222191677256"
"2014-8436-27/05/2021","2 Metropolitan","INGLE FARM","5098","CITY OF SALISBURY",2,0,0,0,0,2014,"June","Monday","06:45 pm","050","Not Divided","Straight road","Slope","Not Applicable","Sealed","Wet","Raining","Night","Hit Fixed Object","01","Driver Rider","1: PDO","No Control","","",1331914.52,1681306.11,"13319151681306"
"2014-8437-27/05/2021","2 Metropolitan","WARRADALE","5046","CC MARION.                    ",2,1,0,0,1,2014,"June","Monday","06:45 pm","060","Divided Road","Straight road","Level","Driveway or Entrance","Sealed","Wet","Not Raining","Night","Rear End","02","Driver Rider","2: MI","No Control","","",1322621.38,1661703.05,"13226211661703"
"2014-8438-27/05/2021","2 Metropolitan","ASHFORD","5035","CITY OF WEST TORRENS",2,0,0,0,0,2014,"June","Monday","03:15 pm","050","Not Divided","Straight road","Level","Not Applicable","Sealed","Wet","Not Raining","Daylight","Side Swipe","02","Driver Rider","1: PDO","No Control","","",1326327.58,1668310.26,"13263281668310"
"2014-8439-27/05/2021","2 Metropolitan","MITCHAM","5062","CC MITCHAM.                   ",2,1,0,0,1,2014,"June","Monday","05:23 pm","060","Not Divided","CURVED, VIEW OPEN","Slope","Not Applicable","Sealed","Wet","Not Raining","Night","Head On","01","Driver Rider","2: MI","No Control","","",1330233.16,1664351.17,"13302331664351"
"2014-8440-27/05/2021","2 Metropolitan","MAWSON LAKES","5095","CITY OF SALISBURY",1,1,0,0,1,2014,"June","Monday","11:41 pm","060","T-Junction","CURVED, VIEW OPEN","Level","Not Applicable","Sealed","Wet","Raining","Night","Left Road - Out of Control","01","Driver Rider","2: MI","Give Way Sign","","",1329087.33,1684735.01,"13290871684735"
"2014-8441-27/05/2021","2 Metropolitan","GLENSIDE","5065","CITY OF BURNSIDE",2,1,0,0,1,2014,"June","Monday","08:00 am","050","Cross Road","Straight road","Slope","Not Applicable","Sealed","Dry","Not Raining","Daylight","Right Angle","02","Driver Rider","2: MI","Roundabout","","",1331842.6,1668686.08,"13318431668686"
"2014-8442-27/05/2021","2 Metropolitan","ST MARYS","5042","CC MITCHAM.                   ",2,1,0,0,1,2014,"June","Monday","08:20 am","060","Divided Road","Straight road","Level","Not Applicable","Sealed","Wet","Not Raining","Daylight","Rear End","01","Driver Rider","2: MI","No Control","","",1325981.69,1662678.48,"13259821662678"
"2014-8443-27/05/2021","2 Metropolitan","ATHELSTONE","5076","CC CAMPBELLTOWN.              ",1,1,0,0,1,2014,"June","Monday","08:00 am","060","Cross Road","Straight road","Level","Not Applicable","Sealed","Wet","Not Raining","Daylight","Roll Over","01","Driver Rider","2: MI","Roundabout","","",1337007,1675741.88,"13370071675742"
"2014-8444-27/05/2021","1 City","ADELAIDE","5000","CITY OF ADELAIDE",2,0,0,0,0,2014,"June","Monday","12:35 pm","050","Cross Road","Straight road","Level","Not Applicable","Sealed","Wet","Not Raining","Daylight","Right Angle","01","Driver Rider","1: PDO","Traffic Signals","","",1327947.46,1669708.15,"13279471669708"