"REPORT_ID","Stats Area","Suburb","Postcode","LGA Name","Total Units","Total Cas","Total Fats","Total SI","Total MI","Year","Month","Day","Time","Area Speed","Position Type","Horizontal Align","Vertical Align","Other Feat","Road Surface","Moisture Cond","Weather Cond","DayNight","Crash Type","Unit Resp","Entity Code","CSEF Severity","Traffic Ctrls","DUI Involved","Drugs Involved","ACCLOC_X","ACCLOC_Y","UNIQUE_LOC"
"2014-9832-27/05/2021","2 Metropolitan","DRY CREEK","5094","CITY OF SALISBURY",3,0,0,0,0,2014,"August","Saturday","09:45 am","090","Divided Road","Straight road","Level","Not Applicable","Sealed","Dry","Not Raining","Daylight","Hit Fixed Object","09","Other","1: PDO","No Control","","",1328525.71,1683130.49,"13285261683130"
"2014-9833-27/05/2021","2 Metropolitan","WOODSIDE","5244","THE ADELAIDE HILLS COUNCIL",2,0,0,0,0,2014,"August","Saturday","10:35 am","080","Cross Road","Straight road","Slope","Not Applicable","Sealed","Dry","Not Raining","Daylight","Right Angle","01","Driver Rider","1: PDO","Stop Sign","","",1354970.26,1669407.68,"13549701669408"
"2014-9834-27/05/2021","3 Country","CUNGENA","5660","DC STREAKY BAY.               ",1,1,0,1,0,2014,"August","Saturday","04:30 am","110","Not Divided","Straight road","Level","Not Applicable","Sealed","Dry","Not Raining","Night","Roll Over","01","Driver Rider","3: SI","No Control","","",974548.64,1932060.31,"09745491932060"
"2014-9835-27/05/2021","2 Metropolitan","INGLE FARM","5098","CITY OF SALISBURY",2,0,0,0,0,2014,"August","Saturday","09:44 am","060","Cross Road","Straight road","Level","Not Applicable","Sealed","Dry","Not Raining","Daylight","Side Swipe","02","Driver Rider","1: PDO","Roundabout","","",1334499.5,1681135.42,"13345001681135"
"2014-9836-27/05/2021","3 Country","MOUNT PLEASANT","5235","THE BAROSSA COUNCIL.",2,0,0,0,0,2014,"August","Friday","05:24 pm","100","Not Divided","CURVED, VIEW OPEN","Level","Not Applicable","Sealed","Wet","Not Raining","Daylight","Hit Animal","02","Animal","1: PDO","No Control","","",1371177.69,1686354.35,"13711781686354"
"2014-9837-27/05/2021","2 Metropolitan","HINDMARSH","5007","CITY OF CHARLES STURT",2,0,0,0,0,2014,"August","Saturday","11:40 am","060","Cross Road","Straight road","Level","Not Applicable","Sealed","Dry","Not Raining","Daylight","Hit Fixed Object","01","Driver Rider","1: PDO","Traffic Signals","","",1326463.81,1672651.14,"13264641672651"
"2014-9838-27/05/2021","2 Metropolitan","KIDMAN PARK","5025","CITY OF CHARLES STURT",2,0,0,0,0,2014,"August","Saturday","12:30 pm","060","T-Junction","Straight road","Level","Not Applicable","Sealed","Dry","Not Raining","Daylight","Rear End","02","Driver Rider","1: PDO","No Control","","",1321268.88,1673086.77,"13212691673087"
"2014-9839-27/05/2021","2 Metropolitan","WARRADALE","5046","CC MARION.                    ",2,0,0,0,0,2014,"August","Saturday","12:50 pm","060","Divided Road","Straight road","Level","Not Applicable","Sealed","Dry","Not Raining","Daylight","Rear End","01","Driver Rider","1: PDO","No Control","","",1322758.89,1661273.51,"13227591661274"
"2014-9840-27/05/2021","2 Metropolitan","STURT","5047","CC MARION.                    ",3,0,0,0,0,2014,"August","Saturday","02:40 pm","060","Cross Road","Straight road","Level","Not Applicable","Sealed","Dry","Not Raining","Daylight","Rear End","01","Driver Rider","1: PDO","Traffic Signals","","",1324403.19,1660679.72,"13244031660680"
"2014-9841-27/05/2021","2 Metropolitan","PROSPECT","5082","CITY OF PROSPECT",2,0,0,0,0,2014,"August","Saturday","02:00 pm","060","T-Junction","Straight road","Level","Not Applicable","Sealed","Dry","Not Raining","Daylight","Right Angle","02","Driver Rider","1: PDO","No Control","","",1327273.4,1674889.16,"13272731674889"
"2014-9842-27/05/2021","2 Metropolitan","ROYSTON PARK","5070","CC OF NORWOOD,PAYNEHAM & ST PETERS",2,0,0,0,0,2014,"August","Saturday","11:30 am","060","Not Divided","Straight road","Level","Driveway or Entrance","Sealed","Dry","Not Raining","Daylight","Right Angle","02","Driver Rider","1: PDO","No Control","","",1331812.74,1673332.05,"13318131673332"
"2014-9843-27/05/2021","1 City","NORTH ADELAIDE","5006","CITY OF ADELAIDE",1,0,0,0,0,2014,"July","Saturday","06:30 pm","060","Not Divided","CURVED, VIEW OPEN","Level","Not Applicable","Sealed","Wet","Not Raining","Night","Other","01","Driver Rider","1: PDO","No Control","","",1327782.69,1671584.98,"13277831671585"
"2014-9844-27/05/2021","2 Metropolitan","TORRENSVILLE","5031","CITY OF WEST TORRENS",2,0,0,0,0,2014,"August","Saturday","02:30 pm","050","Not Divided","Straight road","Level","Not Applicable","Sealed","Dry","Not Raining","Daylight","Side Swipe","02","Driver Rider","1: PDO","No Control","","",1325025.52,1671824.7,"13250261671825"
"2014-9845-27/05/2021","2 Metropolitan","KILBURN","5084","CITY OF PORT ADELAIDE ENFIELD",2,0,0,0,0,2014,"August","Saturday","03:30 pm","060","T-Junction","Straight road","Level","Not Applicable","Sealed","Dry","Not Raining","Daylight","Right Angle","01","Driver Rider","1: PDO","No Control","","",1327202.05,1677885.94,"13272021677886"
"2014-9846-27/05/2021","2 Metropolitan","SALISBURY","5108","CITY OF SALISBURY",2,1,0,0,1,2014,"August","Friday","03:40 pm","060","Divided Road","Straight road","Level","Not Applicable","Sealed","Dry","Not Raining","Daylight","Rear End","01","Driver Rider","2: MI","No Control","","",1332502.9,1688859.16,"13325031688859"
"2014-9847-27/05/2021","1 City","ADELAIDE","5000","CITY OF ADELAIDE",2,0,0,0,0,2014,"August","Friday","09:15 pm","050","T-Junction","Straight road","Level","Not Applicable","Sealed","Dry","Not Raining","Night","Right Angle","02","Driver Rider","1: PDO","No Control","","",1327608.02,1669698.19,"13276081669698"
"2014-9848-27/05/2021","2 Metropolitan","GAWLER","5118","CT GAWLER.                    ",2,0,0,0,0,2014,"August","Saturday","12:45 pm","050","Cross Road","Straight road","Level","Not Applicable","Sealed","Dry","Not Raining","Daylight","Side Swipe","02","Driver Rider","1: PDO","Stop Sign","","",1343362.16,1706266.97,"13433621706267"
"2014-9849-27/05/2021","2 Metropolitan","MOUNT BARKER","5251","DC MT.BARKER.                 ",2,1,0,0,1,2014,"August","Saturday","04:35 pm","060","T-Junction","CURVED, VIEW OPEN","Slope","Not Applicable","Sealed","Dry","Not Raining","Daylight","Rear End","02","Driver Rider","2: MI","No Control","","",1351053.46,1654771.29,"13510531654771"
"2014-9850-27/05/2021","2 Metropolitan","SALISBURY DOWNS","5108","CITY OF SALISBURY",2,0,0,0,0,2014,"August","Saturday","05:45 pm","050","Divided Road","CURVED, VIEW OPEN","Level","Not Applicable","Sealed","Dry","Not Raining","Night","Hit Fixed Object","01","Driver Rider","1: PDO","No Control","","",1330957.87,1688034.77,"13309581688035"
"2014-9851-27/05/2021","2 Metropolitan","TUSMORE","5065","CITY OF BURNSIDE",2,0,0,0,0,2014,"August","Saturday","05:14 pm","060","Cross Road","Straight road","Level","Not Applicable","Sealed","Dry","Not Raining","Daylight","Right Angle","01","Driver Rider","1: PDO","Traffic Signals","","",1332311.5,1669056.54,"13323121669057"
"2014-9852-27/05/2021","2 Metropolitan","GLENELG NORTH","5045","CITY OF HOLDFAST BAY",3,0,0,0,0,2014,"August","Saturday","04:30 pm","060","Cross Road","Straight road","Level","Not Applicable","Sealed","Dry","Not Raining","Daylight","Rear End","01","Driver Rider","1: PDO","Traffic Signals","","",1321009.96,1665305.3,"13210101665305"
"2014-9853-27/05/2021","2 Metropolitan","BROOKLYN PARK","5032","CITY OF WEST TORRENS",3,1,0,0,1,2014,"August","Saturday","02:50 pm","050","Cross Road","Straight road","Level","Not Applicable","Sealed","Dry","Not Raining","Daylight","Hit Fixed Object","01","Driver Rider","2: MI","Traffic Signals","","",1323112.63,1670089.94,"13231131670090"
"2014-9854-27/05/2021","2 Metropolitan","NORTHFIELD","5085","CITY OF PORT ADELAIDE ENFIELD",1,0,0,0,0,2014,"August","Saturday","05:40 pm","050","T-Junction","Straight road","Level","Not Applicable","Sealed","Dry","Not Raining","Night","Roll Over","01","Driver Rider","1: PDO","No Control","","",1330482.68,1678864.45,"13304831678864"
"2014-9855-27/05/2021","2 Metropolitan","PROSPECT","5082","CITY OF PROSPECT",2,1,0,0,1,2014,"August","Saturday","06:15 pm","050","T-Junction","Straight road","Level","Not Applicable","Sealed","Dry","Not Raining","Night","Hit Parked Vehicle","01","Driver Rider","2: MI","Stop Sign","","",1328072.58,1676061.13,"13280731676061"
"2014-9856-27/05/2021","2 Metropolitan","FLAGSTAFF HILL","5159","CITY OF ONKAPARINGA",2,1,0,0,1,2014,"August","Saturday","05:55 pm","060","Divided Road","Straight road","Crest of Hill","Not Applicable","Sealed","Dry","Not Raining","Night","Rear End","02","Driver Rider","2: MI","No Control","","",1329494.09,1655922.89,"13294941655923"
"2014-9857-27/05/2021","3 Country","LUCINDALE","5272","DC NARACOORTE & LUCINDALE.",2,0,0,0,0,2014,"August","Friday","04:30 pm","110","Not Divided","Straight road","Level","Not Applicable","Sealed","Dry","Not Raining","Daylight","Hit Fixed Object","01","Passenger","1: PDO","No Control","","",1487237.46,1431779.63,"14872371431780"
"2014-9858-27/05/2021","2 Metropolitan","WALKERVILLE","5081","WALKERVILLE TOWN COUNCIL",2,0,0,0,0,2014,"August","Saturday","12:40 am","050","Not Divided","Straight road","Level","Not Applicable","Sealed","Dry","Not Raining","Night","Hit Fixed Object","01","Driver Rider","1: PDO","No Control","","",1330594.24,1674295.33,"13305941674295"
"2014-9859-27/05/2021","2 Metropolitan","DAVOREN PARK","5113","CITY OF PLAYFORD.",2,0,0,0,0,2014,"August","Sunday","01:15 am","050","Not Divided","Straight road","Level","Not Applicable","Sealed","Dry","Not Raining","Night","Rear End","02","Driver Rider","1: PDO","No Control","","",1335497.59,1696854.46,"13354981696854"
"2014-9860-27/05/2021","2 Metropolitan","EDEN HILLS","5050","CC MITCHAM.                   ",1,0,0,0,0,2014,"August","Saturday","04:45 am","050","Not Divided","CURVED, VIEW OBSCURED","Level","Not Applicable","Sealed","Dry","Not Raining","Night","Roll Over","01","Driver Rider","1: PDO","No Control","Y","",1327103.9,1659875.98,"13271041659876"
"2014-9861-27/05/2021","2 Metropolitan","EVANSTON SOUTH","5116","CT GAWLER.                    ",2,1,0,0,1,2014,"August","Sunday","04:50 am","090","Cross Road","Straight road","Level","Not Applicable","Sealed","Dry","Not Raining","Night","Hit Fixed Object","01","Driver Rider","2: MI","Traffic Signals","","",1340956.93,1701980.69,"13409571701981"
"2014-9862-27/05/2021","2 Metropolitan","STIRLING","5152","THE ADELAIDE HILLS COUNCIL",2,0,0,0,0,2014,"August","Saturday","06:40 am","100","Freeway","CURVED, VIEW OBSCURED","Slope","Not Applicable","Sealed","Wet","Not Raining","Night","Hit Fixed Object","01","Driver Rider","1: PDO","No Control","","",1338839.31,1661879.71,"13388391661880"
"2014-9863-27/05/2021","2 Metropolitan","WOODSIDE","5244","THE ADELAIDE HILLS COUNCIL",2,0,0,0,0,2014,"August","Saturday","01:25 pm","080","Not Divided","CURVED, VIEW OPEN","Slope","Not Applicable","Unsealed","Dry","Not Raining","Daylight","Hit Fixed Object","01","Driver Rider","1: PDO","No Control","","",1351605.49,1669590.38,"13516051669590"
"2014-9864-27/05/2021","2 Metropolitan","THEBARTON","5031","CITY OF WEST TORRENS",2,1,0,0,1,2014,"August","Saturday","12:30 pm","050","Cross Road","Straight road","Level","Not Applicable","Sealed","Dry","Not Raining","Daylight","Right Angle","01","Driver Rider","2: MI","Stop Sign","","",1326252.62,1671520.43,"13262531671520"
"2014-9865-27/05/2021","2 Metropolitan","MORPHETT VALE","5162","CITY OF ONKAPARINGA",2,0,0,0,0,2014,"August","Saturday","02:05 pm","060","Divided Road","Straight road","Level","Not Applicable","Sealed","Dry","Not Raining","Daylight","Hit Fixed Object","09","Other","1: PDO","No Control","","",1320778,1649297.05,"13207781649297"
"2014-9866-27/05/2021","2 Metropolitan","TEA TREE GULLY","5091","CITY OF TEA TREE GULLY",2,1,0,0,1,2014,"August","Saturday","02:00 pm","080","Not Divided","CURVED, VIEW OPEN","Slope","Not Applicable","Sealed","Dry","Not Raining","Daylight","Head On","02","Driver Rider","2: MI","No Control","","",1341678.97,1681483.6,"13416791681484"
"2014-9867-27/05/2021","2 Metropolitan","NORWOOD","5067","CC OF NORWOOD,PAYNEHAM & ST PETERS",2,1,0,0,1,2014,"August","Sunday","10:15 am","050","T-Junction","Straight road","Level","Not Applicable","Sealed","Dry","Not Raining","Daylight","Rear End","02","Driver Rider","2: MI","No Control","","",1332049.53,1671256.41,"13320501671256"
"2014-9868-27/05/2021","2 Metropolitan","POORAKA","5095","CITY OF SALISBURY",4,0,0,0,0,2014,"August","Sunday","10:50 am","070","T-Junction","Straight road","Level","Not Applicable","Sealed","Dry","Not Raining","Daylight","Rear End","01","Driver Rider","1: PDO","Traffic Signals","","",1329917.43,1680996.65,"13299171680997"
"2014-9869-27/05/2021","3 Country","APY","872",,1,0,0,0,0,2014,"August","Sunday","11:00 am","100","Not Divided","CURVED, VIEW OPEN","Level","Not Applicable","Unsealed","Dry","Not Raining","Daylight","Roll Over","01","Driver Rider","1: PDO","No Control","","",748944.5,2622661.61,"07489452622662"
"2014-9870-27/05/2021","2 Metropolitan","STURT","5047","CC MARION.                    ",2,0,0,0,0,2014,"August","Sunday","12:30 am","050","Not Divided","Straight road","Level","Not Applicable","Sealed","Dry","Not Raining","Night","Hit Parked Vehicle","02","Driver Rider","1: PDO","No Control","","",1323701.22,1659777.58,"13237011659778"
"2014-9871-27/05/2021","1 City","ADELAIDE","5000","CITY OF ADELAIDE",2,0,0,0,0,2014,"August","Sunday","12:45 pm","050","Not Divided","Straight road","Level","Not Applicable","Sealed","Dry","Not Raining","Daylight","Side Swipe","01","Driver Rider","1: PDO","No Control","","",1329803,1671020.75,"13298031671021"
"2014-9872-27/05/2021","2 Metropolitan","PARAFIELD GARDENS","5107","CITY OF SALISBURY",2,0,0,0,0,2014,"August","Sunday","11:40 am","060","Not Divided","Straight road","Level","Not Applicable","Sealed","Dry","Not Raining","Daylight","Rear End","02","Driver Rider","1: PDO","No Control","","",1329713.2,1686504.62,"13297131686505"
"2014-9873-27/05/2021","2 Metropolitan","KINGSWOOD","5062","CC MITCHAM.                   ",2,0,0,0,0,2014,"August","Sunday","10:40 am","060","Not Divided","Straight road","Level","Driveway or Entrance","Sealed","Dry","Not Raining","Daylight","Right Turn","01","Driver Rider","1: PDO","No Control","","",1329152.81,1665673.33,"13291531665673"
"2014-9874-27/05/2021","2 Metropolitan","PARKSIDE","5063","CITY OF UNLEY",2,0,0,0,0,2014,"August","Sunday","12:00 pm","060","Cross Road","Straight road","Level","Not Applicable","Sealed","Dry","Not Raining","Daylight","Right Turn","01","Driver Rider","1: PDO","Traffic Signals","","",1329057.06,1668981.6,"13290571668982"
"2014-9875-27/05/2021","2 Metropolitan","BRIDGEWATER","5155","THE ADELAIDE HILLS COUNCIL",2,0,0,0,0,2014,"August","Sunday","08:00 am","050","Not Divided","Straight road","Crest of Hill","Not Applicable","Sealed","Dry","Not Raining","Daylight","Head On","02","Driver Rider","1: PDO","No Control","","",1343096.2,1661191.17,"13430961661191"
"2014-9876-27/05/2021","3 Country","RENMARK WEST","5341","DC RENMARK PARINGA            ",1,0,0,0,0,2014,"August","Saturday","10:30 pm","050","T-Junction","CURVED, VIEW OPEN","Level","Not Applicable","Unsealed","Dry","Not Raining","Night","Roll Over","01","Driver Rider","1: PDO","No Control","","",1521592.57,1746205.08,"15215931746205"
"2014-9877-27/05/2021","2 Metropolitan","RIDLEYTON","5008","CITY OF CHARLES STURT",2,0,0,0,0,2014,"August","Sunday","06:20 pm","060","T-Junction","Straight road","Level","Not Applicable","Sealed","Dry","Not Raining","Night","Right Turn","01","Driver Rider","1: PDO","No Control","","",1325616.73,1673840.85,"13256171673841"
"2014-9878-27/05/2021","3 Country","TANUNDA","5352","THE BAROSSA COUNCIL.",2,0,0,0,0,2014,"August","Saturday","05:30 pm","050","Not Divided","Straight road","Level","Not Applicable","Sealed","Dry","Not Raining","Daylight","Hit Fixed Object","01","Driver Rider","1: PDO","No Control","","",1362887.83,1714537.07,"13628881714537"
"2014-9879-27/05/2021","3 Country","RISDON PARK SOUTH","5540","PT.PIRIE CITY & DIST. COUNCIL ",3,2,0,0,2,2014,"August","Sunday","05:20 pm","050","Cross Road","Straight road","Level","Not Applicable","Sealed","Dry","Not Raining","Daylight","Right Angle","02","Driver Rider","2: MI","Roundabout","","",1278246.39,1862942.92,"12782461862943"
"2014-9880-27/05/2021","2 Metropolitan","SALISBURY DOWNS","5108","CITY OF SALISBURY",2,0,0,0,0,2014,"August","Sunday","04:50 pm","060","Cross Road","Straight road","Level","Not Applicable","Sealed","Dry","Not Raining","Daylight","Side Swipe","01","Driver Rider","1: PDO","Roundabout","","",1330533.89,1687541.31,"13305341687541"
"2014-9881-27/05/2021","2 Metropolitan","MILLSWOOD","5034","CITY OF UNLEY",2,0,0,0,0,2014,"August","Saturday","06:50 pm","050","T-Junction","Straight road","Level","Not Applicable","Sealed","Dry","Not Raining","Night","Right Turn","01","Driver Rider","1: PDO","Stop Sign","","",1327473.12,1667380.9,"13274731667381"
"2014-9882-27/05/2021","2 Metropolitan","WARRADALE","5046","CC MARION.                    ",2,1,0,0,1,2014,"August","Monday","12:05 am","060","Divided Road","Straight road","Level","Not Applicable","Sealed","Dry","Not Raining","Night","Hit Fixed Object","01","Driver Rider","2: MI","No Control","","",1322533.46,1663045.06,"13225331663045"
"2014-9883-27/05/2021","2 Metropolitan","STURT","5047","CC MARION.                    ",3,2,0,0,2,2014,"August","Monday","05:30 am","060","Ramp Off","CURVED, VIEW OPEN","Slope","Not Applicable","Sealed","Dry","Not Raining","Night","Rear End","02","Driver Rider","2: MI","No Control","","",1324421.37,1659964.33,"13244211659964"
"2014-9884-27/05/2021","2 Metropolitan","HEATHFIELD","5153","THE ADELAIDE HILLS COUNCIL",2,1,0,1,0,2014,"August","Sunday","02:40 pm","050","Not Divided","CURVED, VIEW OBSCURED","Slope","Driveway or Entrance","Sealed","Dry","Not Raining","Daylight","Right Angle","01","Driver Rider","3: SI","No Control","","",1337710.36,1660060.17,"13377101660060"
"2014-9885-27/05/2021","2 Metropolitan","MUNNO PARA","5115","CITY OF PLAYFORD.",2,0,0,0,0,2014,"August","Sunday","02:40 pm","090","Divided Road","Straight road","Level","Not Applicable","Sealed","Dry","Not Raining","Daylight","Hit Fixed Object","01","Driver Rider","1: PDO","No Control","","",1338930.88,1699082.53,"13389311699083"
"2014-9886-27/05/2021","2 Metropolitan","ST MARYS","5042","CC MITCHAM.                   ",2,0,0,0,0,2014,"August","Saturday","03:00 pm","060","Cross Road","Straight road","Level","Not Applicable","Sealed","Dry","Not Raining","Daylight","Rear End","02","Driver Rider","1: PDO","Traffic Signals","","",1325962.44,1663322.78,"13259621663323"
"2014-9887-27/05/2021","2 Metropolitan","YATTALUNGA","5114","CITY OF PLAYFORD.",3,0,0,0,0,2014,"August","Monday","06:40 am","100","Cross Road","Straight road","Level","Not Applicable","Sealed","Dry","Not Raining","Night","Right Turn","01","Driver Rider","1: PDO","Stop Sign","","",1346115.89,1693407.63,"13461161693408"
"2014-9888-27/05/2021","2 Metropolitan","CHAIN OF PONDS","5231","THE ADELAIDE HILLS COUNCIL",2,1,0,0,1,2014,"August","Monday","07:15 am","080","Not Divided","CURVED, VIEW OPEN","Slope","Not Applicable","Sealed","Wet","Raining","Daylight","Hit Fixed Object","01","Driver Rider","2: MI","No Control","","Y",1351061.79,1681290.62,"13510621681291"
"2014-9889-27/05/2021","2 Metropolitan","GAWLER SOUTH","5118","CT GAWLER.                    ",2,0,0,0,0,2014,"August","Monday","09:25 am","050","Cross Road","Straight road","Level","Not Applicable","Sealed","Dry","Not Raining","Daylight","Right Angle","02","Driver Rider","1: PDO","Roundabout","","",1342775.47,1705385.97,"13427751705386"
"2014-9890-27/05/2021","2 Metropolitan","MEDINDIE","5081","WALKERVILLE TOWN COUNCIL",2,0,0,0,0,2014,"August","Sunday","09:30 pm","060","Cross Road","Straight road","Level","Not Applicable","Sealed","Dry","Not Raining","Night","Side Swipe","02","Driver Rider","1: PDO","Traffic Signals","","",1328359.11,1673680.45,"13283591673680"
"2014-9891-27/05/2021","3 Country","LANGHORNE CREEK","5255","ALEXANDRINA COUNCIL",1,0,0,0,0,2014,"August","Monday","07:30 am","100","Not Divided","Straight road","Level","Not Applicable","Sealed","Dry","Not Raining","Daylight","Roll Over","01","Driver Rider","1: PDO","No Control","","",1373401.69,1625860.39,"13734021625860"
"2014-9892-27/05/2021","3 Country","ROBE","5276","DC ROBE.                      ",2,0,0,0,0,2014,"August","Sunday","03:30 am","110","Not Divided","CURVED, VIEW OBSCURED","Level","Not Applicable","Sealed","Dry","Not Raining","Night","Hit Animal","02","Animal","1: PDO","No Control","","",1434626.57,1412122.65,"14346271412123"
"2014-9893-27/05/2021","2 Metropolitan","WINGFIELD","5013","CITY OF PORT ADELAIDE ENFIELD",3,1,0,0,1,2014,"August","Monday","08:30 am","050","Cross Road","Straight road","Level","Not Applicable","Sealed","Dry","Not Raining","Daylight","Right Angle","02","Driver Rider","2: MI","Give Way Sign","","",1325115.68,1679699.32,"13251161679699"
"2014-9894-27/05/2021","2 Metropolitan","CHELTENHAM","5014","CITY OF CHARLES STURT",3,1,0,0,1,2014,"August","Monday","07:45 am","060","Cross Road","Straight road","Level","Not Applicable","Sealed","Dry","Not Raining","Daylight","Rear End","01","Driver Rider","2: MI","Traffic Signals","","",1322125.85,1676413.1,"13221261676413"
"2014-9895-27/05/2021","2 Metropolitan","ADELAIDE AIRPORT","5950","CITY OF WEST TORRENS",2,1,0,0,1,2014,"August","Monday","09:30 am","050","Divided Road","Straight road","Level","Not Applicable","Sealed","Dry","Not Raining","Daylight","Side Swipe","02","Driver Rider","2: MI","No Control","","",1322518.49,1669577.74,"13225181669578"
"2014-9896-27/05/2021","2 Metropolitan","KENSINGTON PARK","5068","CITY OF BURNSIDE",2,1,0,0,1,2014,"August","Monday","09:15 am","060","Cross Road","Straight road","Level","Not Applicable","Sealed","Dry","Not Raining","Daylight","Right Turn","01","Driver Rider","2: MI","Traffic Signals","","",1333879.5,1671121.62,"13338801671122"
"2014-9897-27/05/2021","3 Country","PALLAMANA","5254","RC MURRAY BRIDGE.             ",2,1,0,0,1,2014,"August","Sunday","01:05 pm","100","Not Divided","CURVED, VIEW OPEN","Slope","Not Applicable","Unsealed","Dry","Not Raining","Daylight","Hit Fixed Object","01","Driver Rider","2: MI","No Control","","",1386044.64,1654532.14,"13860451654532"
"2014-9898-27/05/2021","2 Metropolitan","SEAVIEW DOWNS","5049","CC MARION.                    ",2,2,0,0,2,2014,"August","Saturday","12:25 pm","060","Divided Road","Straight road","Level","Driveway or Entrance","Sealed","Dry","Not Raining","Daylight","Right Angle","02","Driver Rider","2: MI","No Control","","",1322583.22,1659371.52,"13225831659372"
"2014-9899-27/05/2021","2 Metropolitan","CHAIN OF PONDS","5231","THE ADELAIDE HILLS COUNCIL",1,1,0,0,1,2014,"August","Sunday","02:30 pm","080","Not Divided","CURVED, VIEW OBSCURED","Slope","Not Applicable","Sealed","Wet","Not Raining","Daylight","Left Road - Out of Control","01","Driver Rider","2: MI","No Control","","",1352235.29,1681548.54,"13522351681549"
"2014-9900-27/05/2021","2 Metropolitan","BROOKLYN PARK","5032","CITY OF WEST TORRENS",2,0,0,0,0,2014,"August","Monday","12:30 pm","060","Divided Road","Straight road","Level","Not Applicable","Sealed","Dry","Not Raining","Daylight","Rear End","01","Driver Rider","1: PDO","No Control","","",1323844.02,1670110.35,"13238441670110"
"2014-9901-27/05/2021","2 Metropolitan","KLEMZIG","5087","CITY OF PORT ADELAIDE ENFIELD",3,0,0,0,0,2014,"August","Monday","09:17 am","060","T-Junction","Straight road","Level","Not Applicable","Sealed","Dry","Not Raining","Daylight","Rear End","01","Driver Rider","1: PDO","No Control","","",1332275.38,1676755.51,"13322751676756"
"2014-9902-27/05/2021","2 Metropolitan","BOWDEN","5007","CITY OF CHARLES STURT",2,1,0,0,1,2014,"August","Monday","09:15 am","060","Divided Road","Straight road","Level","Unknown","Sealed","Dry","Not Raining","Daylight","Rear End","02","Driver Rider","2: MI","No Control","","",1326675.17,1672823.41,"13266751672823"
"2014-9903-27/05/2021","2 Metropolitan","STURT","5047","CC MARION.                    ",1,1,0,0,1,2014,"August","Monday","12:35 pm","060","Multiple","Straight road","Level","Not Applicable","Sealed","Dry","Not Raining","Daylight","Roll Over","01","Driver Rider","2: MI","Traffic Signals","","",1323558.89,1660650.4,"13235591660650"
"2014-9904-27/05/2021","2 Metropolitan","GREEN FIELDS","5107","CITY OF SALISBURY",2,0,0,0,0,2014,"August","Friday","02:15 pm","050","Not Divided","Straight road","Level","Not Applicable","Sealed","Dry","Not Raining","Daylight","Hit Parked Vehicle","02","Driver Rider","1: PDO","No Control","","",1329472.22,1685133.43,"13294721685133"
"2014-9905-27/05/2021","2 Metropolitan","VERDUN","5245","THE ADELAIDE HILLS COUNCIL",2,0,0,0,0,2014,"July","Thursday","06:15 pm","110","Freeway","CURVED, VIEW OPEN","Bottom of Hill","Not Applicable","Sealed","Wet","Raining","Night","Hit Fixed Object","01","Driver Rider","1: PDO","No Control","","",1345136.17,1659194.31,"13451361659194"
"2014-9906-27/05/2021","2 Metropolitan","MORPHETT VALE","5162","CITY OF ONKAPARINGA",2,0,0,0,0,2014,"August","Monday","01:10 pm","060","T-Junction","Straight road","Level","Not Applicable","Sealed","Dry","Not Raining","Daylight","Side Swipe","02","Driver Rider","1: PDO","No Control","","",1320956.45,1647534.65,"13209561647535"
"2014-9907-27/05/2021","2 Metropolitan","HEATHPOOL","5068","CC OF NORWOOD,PAYNEHAM & ST PETERS",3,0,0,0,0,2014,"August","Monday","01:45 pm","060","Cross Road","Straight road","Level","Not Applicable","Sealed","Dry","Not Raining","Daylight","Rear End","02","Driver Rider","1: PDO","No Control","","",1332289.16,1669738.79,"13322891669739"
"2014-9908-27/05/2021","2 Metropolitan","NAILSWORTH","5083","CITY OF PROSPECT",2,1,0,0,1,2014,"August","Monday","08:03 am","060","T-Junction","Straight road","Level","Not Applicable","Sealed","Dry","Not Raining","Daylight","Rear End","01","Driver Rider","2: MI","Stop Sign","","",1328905.03,1675265.24,"13289051675265"
"2014-9909-27/05/2021","2 Metropolitan","PARADISE","5075","CC CAMPBELLTOWN.              ",2,0,0,0,0,2014,"August","Monday","01:00 pm","060","Divided Road","Straight road","Level","Driveway or Entrance","Sealed","Dry","Not Raining","Daylight","Right Angle","02","Driver Rider","1: PDO","No Control","","",1334671.99,1675992.83,"13346721675993"
"2014-9910-27/05/2021","3 Country","HAMMOND","5431","DC MT.REMARKABLE.             ",1,0,0,0,0,2014,"July","Monday","10:30 am","100","Not Divided","CURVED, VIEW OPEN","Slope","Not Applicable","Unsealed","Dry","Not Raining","Daylight","Roll Over","09","Other","1: PDO","No Control","","",1313075.52,1938782.3,"13130761938782"
"2014-9911-27/05/2021","3 Country","WANDILO","5291","DISTRICT COUNCIL OF GRANT",2,0,0,0,0,2014,"August","Monday","01:20 pm","100","Not Divided","Straight road","Level","Not Applicable","Sealed","Dry","Not Raining","Daylight","Hit Object on Road","01","Driver Rider","1: PDO","No Control","","",1506395.08,1347014.41,"15063951347014"
"2014-9912-27/05/2021","2 Metropolitan","DEVON PARK","5008","CITY OF CHARLES STURT",2,1,0,0,1,2014,"August","Monday","01:10 pm","050","Not Divided","Straight road","Level","Not Applicable","Sealed","Dry","Not Raining","Daylight","Hit Parked Vehicle","01","Driver Rider","2: MI","No Control","","",1326455.11,1674923.27,"13264551674923"