"REPORT_ID","Stats Area","Suburb","Postcode","LGA Name","Total Units","Total Cas","Total Fats","Total SI","Total MI","Year","Month","Day","Time","Area Speed","Position Type","Horizontal Align","Vertical Align","Other Feat","Road Surface","Moisture Cond","Weather Cond","DayNight","Crash Type","Unit Resp","Entity Code","CSEF Severity","Traffic Ctrls","DUI Involved","Drugs Involved","ACCLOC_X","ACCLOC_Y","UNIQUE_LOC"
"2014-9994-27/05/2021","1 City","ADELAIDE","5000","CITY OF ADELAIDE",2,0,0,0,0,2014,"August","Wednesday","07:40 am","060","Cross Road","Straight road","Level","Not Applicable","Sealed","Dry","Not Raining","Daylight","Rear End","01","Driver Rider","1: PDO","Give Way Sign","","",1327374.44,1670000.73,"13273741670001"
"2014-9995-27/05/2021","2 Metropolitan","PARA HILLS WEST","5096","CITY OF SALISBURY",2,0,0,0,0,2014,"August","Wednesday","07:00 am","050","T-Junction","Straight road","Level","Not Applicable","Sealed","Dry","Not Raining","Night","Right Angle","01","Driver Rider","1: PDO","No Control","","",1332609.88,1684350.15,"13326101684350"
"2014-9996-27/05/2021","2 Metropolitan","SALISBURY PLAIN","5109","CITY OF SALISBURY",4,0,0,0,0,2014,"August","Wednesday","08:30 am","080","Divided Road","Straight road","Level","Not Applicable","Sealed","Dry","Not Raining","Daylight","Rear End","02","Driver Rider","1: PDO","No Control","","",1334992.41,1687543.36,"13349921687543"
"2014-9997-27/05/2021","3 Country","TAILEM BEND","5259","COORONG DISTRICT COUNCIL",2,0,0,0,0,2014,"August","Wednesday","09:35 am","110","Not Divided","Straight road","Level","Not Applicable","Sealed","Dry","Not Raining","Daylight","Side Swipe","01","Driver Rider","1: PDO","No Control","","",1405787.43,1628895.52,"14057871628896"
"2014-9998-27/05/2021","2 Metropolitan","HAPPY VALLEY","5159","CITY OF ONKAPARINGA",2,0,0,0,0,2014,"August","Wednesday","11:00 am","060","T-Junction","Straight road","Level","Not Applicable","Sealed","Dry","Not Raining","Daylight","Rear End","01","Driver Rider","1: PDO","No Control","","",1323576.21,1653411.46,"13235761653411"
"2014-9999-27/05/2021","2 Metropolitan","TORRENSVILLE","5031","CITY OF WEST TORRENS",2,1,0,0,1,2014,"August","Tuesday","05:00 pm","060","Divided Road","Straight road","Level","Not Applicable","Sealed","Dry","Not Raining","Daylight","Rear End","02","Driver Rider","2: MI","Traffic Signals","","",1325017.96,1670962.04,"13250181670962"
"2014-10000-27/05/2021","2 Metropolitan","BLACKWOOD","5051","CC MITCHAM.                   ",2,1,0,0,1,2014,"August","Wednesday","08:00 am","050","Divided Road","Straight road","Level","Driveway or Entrance","Sealed","Dry","Not Raining","Daylight","Hit Pedestrian","01","Driver Rider","2: MI","No Control","","",1329622.16,1660293.58,"13296221660294"
"2014-10001-27/05/2021","3 Country","WYNARKA","5306","DC KAROONDA EAST MURRAY.      ",1,0,0,0,0,2014,"August","Tuesday","04:00 pm","110","Not Divided","Straight road","Level","Not Applicable","Sealed","Dry","Not Raining","Daylight","Left Road - Out of Control","01","Driver Rider","1: PDO","No Control","","",1429458.79,1644212.27,"14294591644212"
"2014-10002-27/05/2021","2 Metropolitan","MODBURY","5092","CITY OF TEA TREE GULLY",4,1,0,0,1,2014,"August","Wednesday","11:42 am","060","Not Divided","Straight road","Slope","Not Applicable","Sealed","Dry","Not Raining","Daylight","Hit Fixed Object","01","Driver Rider","2: MI","No Control","","",1335694.43,1680898.15,"13356941680898"
"2014-10003-27/05/2021","2 Metropolitan","WELLAND","5007","CITY OF CHARLES STURT",2,1,0,0,1,2014,"August","Tuesday","04:25 pm","060","Cross Road","Straight road","Level","Not Applicable","Sealed","Dry","Not Raining","Daylight","Right Turn","02","Driver Rider","2: MI","Stop Sign","","",1324722.47,1673184.53,"13247221673185"
"2014-10004-27/05/2021","2 Metropolitan","DAVOREN PARK","5113","CITY OF PLAYFORD.",3,0,0,0,0,2014,"August","Wednesday","01:30 pm","050","Not Divided","Straight road","Level","Not Applicable","Sealed","Dry","Not Raining","Daylight","Hit Parked Vehicle","01","Driver Rider","1: PDO","No Control","Y","",1335804.01,1697589.18,"13358041697589"
"2014-10005-27/05/2021","2 Metropolitan","CROYDON PARK","5008","CITY OF PORT ADELAIDE ENFIELD",2,0,0,0,0,2014,"August","Wednesday","01:45 pm","050","Divided Road","Straight road","Level","Not Applicable","Sealed","Dry","Not Raining","Daylight","Rear End","02","Driver Rider","1: PDO","No Control","","",1325609.96,1676225.2,"13256101676225"
"2014-10006-27/05/2021","2 Metropolitan","CHRISTIES BEACH","5165","CITY OF ONKAPARINGA",2,1,0,0,1,2014,"August","Wednesday","12:10 pm","060","Divided Road","Straight road","Level","Not Applicable","Sealed","Dry","Not Raining","Daylight","Hit Pedestrian","01","Pedestrian","2: MI","No Control","","",1316903.53,1647412.43,"13169041647412"
"2014-10007-27/05/2021","2 Metropolitan","RENOWN PARK","5008","CITY OF CHARLES STURT",2,0,0,0,0,2014,"August","Wednesday","08:30 am","060","Divided Road","Straight road","Level","Not Applicable","Sealed","Dry","Not Raining","Daylight","Rear End","01","Driver Rider","1: PDO","No Control","","",1325953.89,1674965.8,"13259541674966"
"2014-10008-27/05/2021","2 Metropolitan","PARK HOLME","5043","CC MARION.                    ",2,0,0,0,0,2014,"August","Wednesday","03:00 pm","050","T-Junction","Straight road","Level","Not Applicable","Sealed","Dry","Not Raining","Daylight","Right Angle","02","Driver Rider","1: PDO","No Control","","",1323477.51,1663515.25,"13234781663515"
"2014-10009-27/05/2021","3 Country","VICTOR HARBOR","5211","DC VICTOR HARBOR.             ",2,0,0,0,0,2014,"August","Wednesday","04:15 pm","060","Not Divided","Straight road","Level","Driveway or Entrance","Sealed","Dry","Not Raining","Daylight","Rear End","01","Driver Rider","1: PDO","No Control","","",1327538.47,1600603.58,"13275381600604"
"2014-10010-27/05/2021","2 Metropolitan","PARALOWIE","5108","CITY OF SALISBURY",3,0,0,0,0,2014,"August","Wednesday","03:55 pm","060","T-Junction","Straight road","Level","Not Applicable","Sealed","Dry","Not Raining","Daylight","Right Angle","01","Driver Rider","1: PDO","No Control","","",1332028.44,1689340.85,"13320281689341"
"2014-10011-27/05/2021","1 City","ADELAIDE","5000","CITY OF ADELAIDE",2,0,0,0,0,2014,"August","Wednesday","03:00 pm","050","T-Junction","Straight road","Level","Not Applicable","Sealed","Dry","Not Raining","Daylight","Right Angle","01","Driver Rider","1: PDO","No Control","","",1329187.32,1670053.18,"13291871670053"
"2014-10012-27/05/2021","2 Metropolitan","ROYAL PARK","5014","CITY OF CHARLES STURT",3,0,0,0,0,2014,"August","Wednesday","03:30 pm","060","Divided Road","Straight road","Level","Not Applicable","Sealed","Dry","Not Raining","Daylight","Rear End","01","Driver Rider","1: PDO","No Control","","",1320694,1676902.51,"13206941676903"
"2014-10013-27/05/2021","2 Metropolitan","WAYVILLE","5034","CITY OF UNLEY",2,1,0,0,1,2014,"August","Wednesday","02:45 pm","060","Divided Road","Straight road","Level","Not Applicable","Sealed","Dry","Not Raining","Daylight","Hit Pedestrian","02","Driver Rider","2: MI","No Control","","",1327115.73,1668904.17,"13271161668904"
"2014-10014-27/05/2021","2 Metropolitan","EDWARDSTOWN","5039","CC MARION.                    ",2,0,0,0,0,2014,"August","Wednesday","08:15 am","060","Not Divided","Straight road","Level","Driveway or Entrance","Sealed","Dry","Not Raining","Daylight","Right Angle","01","Driver Rider","1: PDO","Traffic Signals","","",1325077.81,1665373.14,"13250781665373"
"2014-10015-27/05/2021","2 Metropolitan","THEBARTON","5031","CITY OF WEST TORRENS",3,0,0,0,0,2014,"August","Wednesday","05:21 pm","060","Cross Road","Straight road","Level","Not Applicable","Sealed","Dry","Not Raining","Daylight","Rear End","01","Driver Rider","1: PDO","Traffic Signals","","",1326585.27,1671527.51,"13265851671528"
"2014-10016-27/05/2021","2 Metropolitan","MOUNT BARKER","5251","DC MT.BARKER.                 ",2,0,0,0,0,2014,"August","Wednesday","04:10 pm","080","Not Divided","Straight road","Level","Not Applicable","Sealed","Dry","Not Raining","Daylight","Hit Fixed Object","01","Driver Rider","1: PDO","No Control","","",1354604.84,1655180.4,"13546051655180"
"2014-10017-27/05/2021","2 Metropolitan","SURREY DOWNS","5126","CITY OF TEA TREE GULLY",2,0,0,0,0,2014,"August","Tuesday","10:20 pm","050","Not Divided","Straight road","Level","Not Applicable","Sealed","Dry","Not Raining","Night","Hit Parked Vehicle","01","Driver Rider","1: PDO","No Control","","",1339493.33,1683982.04,"13394931683982"
"2014-10018-27/05/2021","2 Metropolitan","FERRYDEN PARK","5010","CITY OF PORT ADELAIDE ENFIELD",3,0,0,0,0,2014,"August","Wednesday","07:10 pm","060","Divided Road","Straight road","Level","Not Applicable","Sealed","Dry","Not Raining","Night","Hit Parked Vehicle","02","Driver Rider","1: PDO","No Control","","",1324981.59,1676339.94,"13249821676340"
"2014-10019-27/05/2021","3 Country","KADINA","5554","COPPER COAST DISTRICT COUNCIL",2,0,0,0,0,2014,"August","Wednesday","03:20 pm","050","Not Divided","Straight road","Level","Not Applicable","Sealed","Dry","Not Raining","Daylight","Side Swipe","01","Driver Rider","1: PDO","No Control","","",1250544.98,1779486.91,"12505451779487"
"2014-10020-27/05/2021","2 Metropolitan","WEST HINDMARSH","5007","CITY OF CHARLES STURT",2,0,0,0,0,2014,"August","Wednesday","06:00 pm","060","Cross Road","Straight road","Level","Not Applicable","Sealed","Dry","Not Raining","Night","Right Turn","02","Driver Rider","1: PDO","Traffic Signals","","",1325421.27,1673141.18,"13254211673141"
"2014-10021-27/05/2021","2 Metropolitan","GILLES PLAINS","5086","CITY OF TEA TREE GULLY",2,1,0,0,1,2014,"August","Wednesday","03:30 pm","050","Not Divided","Straight road","Level","Not Applicable","Sealed","Dry","Not Raining","Daylight","Hit Fixed Object","01","Driver Rider","2: MI","No Control","","",1334640.32,1679077.94,"13346401679078"
"2014-10022-27/05/2021","2 Metropolitan","URAIDLA","5142","THE ADELAIDE HILLS COUNCIL",2,2,0,0,2,2014,"August","Wednesday","04:05 pm","080","Cross Road","Straight road","Slope","Not Applicable","Sealed","Dry","Not Raining","Daylight","Right Angle","02","Driver Rider","2: MI","Give Way Sign","","",1342502.04,1666887.93,"13425021666888"
"2014-10023-27/05/2021","2 Metropolitan","GAWLER EAST","5118","CT GAWLER.                    ",2,1,0,0,1,2014,"August","Wednesday","05:50 pm","050","T-Junction","Straight road","Slope","Not Applicable","Sealed","Dry","Not Raining","Night","Right Angle","01","Driver Rider","2: MI","No Control","","",1344203.39,1706828.11,"13442031706828"
"2014-10024-27/05/2021","2 Metropolitan","PARK HOLME","5043","CC MARION.                    ",2,1,0,1,0,2014,"August","Wednesday","04:48 pm","060","Divided Road","Straight road","Level","Not Applicable","Sealed","Dry","Not Raining","Daylight","Hit Pedestrian","02","Pedestrian","3: SI","No Control","","",1324330.2,1663178.82,"13243301663179"
"2014-10025-27/05/2021","2 Metropolitan","TWO WELLS","5501","DC MALLALA.                   ",2,0,0,0,0,2014,"August","Wednesday","07:40 pm","080","Cross Road","Straight road","Level","Not Applicable","Sealed","Dry","Not Raining","Night","Right Turn","01","Driver Rider","1: PDO","Give Way Sign","","",1323569.14,1705342.84,"13235691705343"
"2014-10026-27/05/2021","2 Metropolitan","MORPHETT VALE","5162","CITY OF ONKAPARINGA",2,1,0,0,1,2014,"August","Wednesday","10:00 pm","050","Not Divided","CURVED, VIEW OPEN","Slope","Not Applicable","Sealed","Dry","Not Raining","Night","Hit Fixed Object","01","Driver Rider","2: MI","No Control","Y","",1320295.45,1648019.26,"13202951648019"
"2014-10027-27/05/2021","2 Metropolitan","MORPHETT VALE","5162","CITY OF ONKAPARINGA",2,1,0,0,1,2014,"August","Wednesday","09:10 pm","060","Divided Road","Straight road","Slope","Not Applicable","Sealed","Dry","Not Raining","Night","Hit Fixed Object","01","Driver Rider","2: MI","No Control","","",1320295.45,1648019.26,"13202951648019"
"2014-10028-27/05/2021","3 Country","YALATA","5690",,2,2,1,1,0,2014,"August","Wednesday","04:25 pm","110","Not Divided","Straight road","Level","Driveway or Entrance","Sealed","Dry","Not Raining","Daylight","Side Swipe","02","Driver Rider","4: Fatal","No Control","","",645815.1,2064142.26,"06458152064142"
"2014-10029-27/05/2021","2 Metropolitan","PORT ADELAIDE","5015","CITY OF PORT ADELAIDE ENFIELD",2,1,0,0,1,2014,"August","Thursday","07:20 am","060","T-Junction","Straight road","Level","Driveway or Entrance","Sealed","Dry","Not Raining","Daylight","Right Angle","02","Driver Rider","2: MI","No Control","","",1320505.18,1679177.44,"13205051679177"
"2014-10030-27/05/2021","2 Metropolitan","UNLEY PARK","5061","CITY OF UNLEY",2,0,0,0,0,2014,"August","Wednesday","08:40 am","060","T-Junction","Straight road","Level","Not Applicable","Sealed","Dry","Not Raining","Daylight","Right Turn","01","Driver Rider","1: PDO","Traffic Signals","","",1328249.57,1666224.47,"13282501666224"
"2014-10031-27/05/2021","2 Metropolitan","URRBRAE","5064","CC MITCHAM.                   ",2,1,0,0,1,2014,"August","Wednesday","03:15 pm","060","T-Junction","Straight road","Level","Not Applicable","Sealed","Dry","Not Raining","Daylight","Right Angle","01","Driver Rider","2: MI","Stop Sign","","",1331592.03,1666315.48,"13315921666315"
"2014-10032-27/05/2021","2 Metropolitan","MEADOWS","5201","DC MT.BARKER.                 ",3,0,0,0,0,2014,"August","Thursday","06:50 am","080","T-Junction","CURVED, VIEW OBSCURED","Slope","Not Applicable","Sealed","Dry","Not Raining","Night","Other","02","Driver Rider","1: PDO","Stop Sign","","",1343089.69,1640060.74,"13430901640061"
"2014-10033-27/05/2021","2 Metropolitan","CHRISTIE DOWNS","5164","CITY OF ONKAPARINGA",2,0,0,0,0,2014,"August","Wednesday","03:25 pm","050","T-Junction","Straight road","Level","Not Applicable","Sealed","Dry","Not Raining","Daylight","Rear End","02","Driver Rider","1: PDO","No Control","","",1318691.69,1647876.55,"13186921647877"
"2014-10034-27/05/2021","2 Metropolitan","FIRLE","5070","CC OF NORWOOD,PAYNEHAM & ST PETERS",2,0,0,0,0,2014,"August","Thursday","08:40 am","060","T-Junction","Straight road","Level","Not Applicable","Sealed","Dry","Not Raining","Daylight","Rear End","01","Driver Rider","1: PDO","No Control","","",1333823.27,1672919.41,"13338231672919"
"2014-10035-27/05/2021","2 Metropolitan","MILE END","5031","CITY OF WEST TORRENS",2,0,0,0,0,2014,"August","Wednesday","04:15 pm","050","Not Divided","Straight road","Level","Not Applicable","Sealed","Dry","Not Raining","Daylight","Hit Parked Vehicle","02","Driver Rider","1: PDO","No Control","","",1325967.13,1670707.69,"13259671670708"
"2014-10036-27/05/2021","2 Metropolitan","MOUNT BARKER","5251","DC MT.BARKER.                 ",3,0,0,0,0,2014,"August","Wednesday","01:30 pm","080","Not Divided","Straight road","Slope","Not Applicable","Sealed","Dry","Not Raining","Daylight","Rear End","01","Driver Rider","1: PDO","No Control","","",1354334.07,1653703.36,"13543341653703"
"2014-10037-27/05/2021","3 Country","MURRAY BRIDGE","5253","RC MURRAY BRIDGE.             ",2,0,0,0,0,2014,"August","Thursday","09:49 am","060","Cross Road","Straight road","Level","Not Applicable","Sealed","Dry","Not Raining","Daylight","Side Swipe","01","Driver Rider","1: PDO","Traffic Signals","","",1387585.6,1646250.66,"13875861646251"
"2014-10038-27/05/2021","2 Metropolitan","ATHOL PARK","5012","CITY OF CHARLES STURT",2,0,0,0,0,2014,"August","Thursday","08:10 am","050","Not Divided","Straight road","Level","Not Applicable","Sealed","Dry","Not Raining","Daylight","Side Swipe","01","Driver Rider","1: PDO","No Control","","",1323378.74,1678940.09,"13233791678940"
"2014-10039-27/05/2021","1 City","ADELAIDE","5000","CITY OF ADELAIDE",2,0,0,0,0,2014,"August","Wednesday","01:40 pm","050","Divided Road","Straight road","Level","Not Applicable","Sealed","Dry","Not Raining","Daylight","Hit Parked Vehicle","01","Driver Rider","1: PDO","No Control","","",1329594.65,1670259.22,"13295951670259"
"2014-10040-27/05/2021","3 Country","ELLISTON","5670","DC ELLISTON.                  ",2,1,0,0,1,2014,"August","Sunday","01:00 pm","100","Divided Road","CURVED, VIEW OPEN","Crest of Hill","Not Applicable","Unsealed","Dry","Not Raining","Daylight","Roll Over","01","Driver Rider","2: MI","No Control","","",989480.93,1816761.91,"09894811816762"
"2014-10041-27/05/2021","2 Metropolitan","OAKBANK","5243","THE ADELAIDE HILLS COUNCIL",1,0,0,0,0,2014,"August","Thursday","09:15 am","080","Not Divided","Straight road","Level","Not Applicable","Sealed","Dry","Not Raining","Daylight","Roll Over","01","Driver Rider","1: PDO","No Control","","",1347760.48,1666409.33,"13477601666409"
"2014-10042-27/05/2021","3 Country","RISDON PARK SOUTH","5540","PT.PIRIE CITY & DIST. COUNCIL ",2,0,0,0,0,2014,"August","Thursday","12:40 pm","050","Cross Road","Straight road","Level","Not Applicable","Sealed","Dry","Not Raining","Daylight","Right Angle","02","Driver Rider","1: PDO","Roundabout","","",1279421.87,1862910.82,"12794221862911"
"2014-10043-27/05/2021","2 Metropolitan","EVANSTON SOUTH","5116","CT GAWLER.                    ",2,2,0,0,2,2014,"August","Thursday","11:00 am","090","Cross Road","Straight road","Level","Not Applicable","Sealed","Dry","Not Raining","Daylight","Right Angle","02","Driver Rider","2: MI","Stop Sign","","",1339551.26,1700125.05,"13395511700125"
"2014-10044-27/05/2021","2 Metropolitan","PROSPECT","5082","CITY OF PROSPECT",3,2,0,1,1,2014,"August","Wednesday","08:05 am","050","Not Divided","Straight road","Level","Driveway or Entrance","Sealed","Dry","Not Raining","Daylight","Right Angle","01","Driver Rider","3: SI","No Control","","",1328733.73,1675769.61,"13287341675770"
"2014-10045-27/05/2021","2 Metropolitan","INGLE FARM","5098","CITY OF SALISBURY",2,0,0,0,0,2014,"August","Wednesday","12:12 pm","070","Cross Road","Straight road","Level","Not Applicable","Sealed","Dry","Not Raining","Daylight","Rear End","02","Driver Rider","1: PDO","Traffic Signals","","",1332126.96,1681789.14,"13321271681789"
"2014-10046-27/05/2021","2 Metropolitan","MEDINDIE","5081","WALKERVILLE TOWN COUNCIL",2,0,0,0,0,2014,"August","Wednesday","12:35 pm","060","Divided Road","Straight road","Level","Not Applicable","Sealed","Dry","Not Raining","Daylight","Hit Parked Vehicle","02","Driver Rider","1: PDO","No Control","","",1328871.05,1674173.78,"13288711674174"
"2014-10047-27/05/2021","2 Metropolitan","INGLE FARM","5098","CITY OF SALISBURY",2,0,0,0,0,2014,"August","Thursday","11:45 am","060","T-Junction","Straight road","Level","Not Applicable","Sealed","Dry","Not Raining","Daylight","Right Angle","01","Driver Rider","1: PDO","Give Way Sign","","",1333268.54,1681353.79,"13332691681354"
"2014-10048-27/05/2021","2 Metropolitan","CAVAN","5094","CITY OF SALISBURY",2,1,0,0,1,2014,"August","Thursday","07:30 am","070","Cross Road","Straight road","Level","Not Applicable","Sealed","Dry","Not Raining","Daylight","Rear End","02","Driver Rider","2: MI","Traffic Signals","","",1328738.31,1681559.52,"13287381681560"
"2014-10049-27/05/2021","2 Metropolitan","POORAKA","5095","CITY OF SALISBURY",2,0,0,0,0,2014,"August","Thursday","02:50 pm","050","Not Divided","Straight road","Level","Not Applicable","Sealed","Dry","Not Raining","Daylight","Side Swipe","01","Driver Rider","1: PDO","No Control","","",1332411.65,1682325.98,"13324121682326"
"2014-10050-27/05/2021","2 Metropolitan","BEVERLEY","5009","CITY OF CHARLES STURT",2,0,0,0,0,2014,"August","Thursday","08:15 am","040","Cross Road","Straight road","Level","Unknown","Sealed","Dry","Not Raining","Daylight","Right Angle","01","Driver Rider","1: PDO","Stop Sign","","",1323981.08,1674020.85,"13239811674021"
"2014-10051-27/05/2021","2 Metropolitan","PARALOWIE","5108","CITY OF SALISBURY",2,1,0,0,1,2014,"August","Thursday","02:17 pm","050","T-Junction","Straight road","Level","Not Applicable","Sealed","Dry","Not Raining","Daylight","Head On","02","Driver Rider","2: MI","No Control","","",1330512.28,1689391.62,"13305121689392"
"2014-10052-27/05/2021","2 Metropolitan","GEPPS CROSS","5094","CITY OF PORT ADELAIDE ENFIELD",2,0,0,0,0,2014,"August","Thursday","02:05 pm","060","Cross Road","Straight road","Level","Not Applicable","Sealed","Dry","Not Raining","Daylight","Side Swipe","02","Driver Rider","1: PDO","Traffic Signals","","",1327168.52,1679219.26,"13271691679219"
"2014-10053-27/05/2021","2 Metropolitan","YATALA VALE","5126","CITY OF TEA TREE GULLY",2,1,0,0,1,2014,"August","Thursday","02:25 pm","060","Cross Road","Straight road","Slope","Not Applicable","Sealed","Dry","Not Raining","Daylight","Right Angle","01","Driver Rider","2: MI","Roundabout","","",1339647.25,1684786.35,"13396471684786"
"2014-10054-27/05/2021","3 Country","BARMERA","5345","THE BERRI BARMERA COUNCIL",2,2,1,0,1,2014,"August","Thursday","09:10 am","090","T-Junction","Straight road","Level","Not Applicable","Sealed","Dry","Not Raining","Daylight","Right Angle","01","Driver Rider","4: Fatal","Give Way Sign","","",1503843.09,1736748.42,"15038431736748"
"2014-10055-27/05/2021","2 Metropolitan","MODBURY","5092","CITY OF TEA TREE GULLY",2,0,0,0,0,2014,"August","Thursday","12:30 pm","060","Divided Road","Straight road","Level","Not Applicable","Sealed","Dry","Not Raining","Daylight","Rear End","02","Driver Rider","1: PDO","No Control","","",1336023.12,1680224.51,"13360231680225"
"2014-10056-27/05/2021","2 Metropolitan","SALISBURY DOWNS","5108","CITY OF SALISBURY",3,0,0,0,0,2014,"August","Thursday","03:00 pm","060","Cross Road","CURVED, VIEW OPEN","Level","Not Applicable","Sealed","Dry","Not Raining","Daylight","Right Angle","01","Driver Rider","1: PDO","Traffic Signals","","",1331452.34,1686817.44,"13314521686817"
"2014-10057-27/05/2021","3 Country","WAMI KATA","5700","CC PT.AUGUSTA.                ",1,0,0,0,0,2014,"August","Thursday","02:50 pm","060","Not Divided","CURVED, VIEW OPEN","Bottom of Hill","Not Applicable","Unsealed","Dry","Not Raining","Daylight","Roll Over","01","Driver Rider","1: PDO","No Control","","",1261693.93,1947634.74,"12616941947635"
"2014-10058-27/05/2021","2 Metropolitan","NORTH PLYMPTON","5037","CITY OF WEST TORRENS",2,0,0,0,0,2014,"August","Wednesday","05:00 pm","060","Not Divided","Straight road","Level","Not Applicable","Sealed","Dry","Not Raining","Daylight","Hit Fixed Object","01","Driver Rider","1: PDO","No Control","","",1324146.23,1667393.46,"13241461667393"
"2014-10059-27/05/2021","2 Metropolitan","UNLEY PARK","5061","CITY OF UNLEY",4,0,0,0,0,2014,"August","Wednesday","05:00 pm","060","Not Divided","Straight road","Level","Not Applicable","Sealed","Dry","Not Raining","Daylight","Side Swipe","01","Driver Rider","1: PDO","No Control","","",1329130.98,1666511.11,"13291311666511"
"2014-10060-27/05/2021","2 Metropolitan","PARK HOLME","5043","CC MARION.                    ",2,1,0,0,1,2014,"August","Wednesday","06:30 pm","060","T-Junction","Straight road","Level","Not Applicable","Sealed","Dry","Not Raining","Night","Right Angle","02","Driver Rider","2: MI","Traffic Signals","","",1323515.98,1663112.23,"13235161663112"
"2014-10061-27/05/2021","3 Country","TAILEM BEND","5259","COORONG DISTRICT COUNCIL",2,0,0,0,0,2014,"August","Thursday","04:30 pm","060","T-Junction","Straight road","Level","Not Applicable","Sealed","Dry","Not Raining","Daylight","Right Turn","02","Driver Rider","1: PDO","No Control","","",1404736.05,1631469.02,"14047361631469"
"2014-10062-27/05/2021","1 City","NORTH ADELAIDE","5006","CITY OF ADELAIDE",2,2,0,0,2,2014,"August","Thursday","04:00 pm","050","Pedestrian Crossing","Straight road","Level","Not Applicable","Sealed","Dry","Not Raining","Daylight","Rear End","02","Driver Rider","2: MI","No Control","","",1328231.64,1671585.56,"13282321671586"
"2014-10063-27/05/2021","2 Metropolitan","GULFVIEW HEIGHTS","5096","CITY OF SALISBURY",2,0,0,0,0,2014,"August","Thursday","06:10 am","050","Not Divided","Straight road","Slope","Not Applicable","Sealed","Dry","Not Raining","Night","Hit Parked Vehicle","01","Driver Rider","1: PDO","No Control","","",1335495.46,1685748.8,"13354951685749"
"2014-10064-27/05/2021","2 Metropolitan","HUNTFIELD HEIGHTS","5163","CITY OF ONKAPARINGA",2,0,0,0,0,2014,"August","Thursday","04:00 pm","050","Not Divided","Straight road","Bottom of Hill","Not Applicable","Sealed","Dry","Not Raining","Daylight","Hit Parked Vehicle","02","Driver Rider","1: PDO","No Control","","",1320386.58,1645664.65,"13203871645665"
"2014-10065-27/05/2021","2 Metropolitan","UNDERDALE","5032","CITY OF WEST TORRENS",3,2,0,1,1,2014,"August","Thursday","03:09 pm","060","Divided Road","CURVED, VIEW OPEN","Level","Bridge, Culvert, Causeway","Sealed","Dry","Not Raining","Daylight","Head On","01","Driver Rider","3: SI","No Control","","",1323806.6,1672159.09,"13238071672159"
"2014-10066-27/05/2021","2 Metropolitan","SEATON","5023","CITY OF CHARLES STURT",2,0,0,0,0,2014,"August","Thursday","01:45 pm","060","Cross Road","Straight road","Level","Not Applicable","Sealed","Dry","Not Raining","Daylight","Right Turn","01","Driver Rider","1: PDO","Traffic Signals","","",1320702.94,1676060.67,"13207031676061"
"2014-10067-27/05/2021","2 Metropolitan","MODBURY NORTH","5092","CITY OF TEA TREE GULLY",2,1,0,0,1,2014,"August","Thursday","03:35 pm","080","Cross Road","Straight road","Level","Not Applicable","Sealed","Dry","Not Raining","Daylight","Right Turn","01","Driver Rider","2: MI","Traffic Signals","","",1336150.87,1681195.09,"13361511681195"
"2014-10068-27/05/2021","2 Metropolitan","TROTT PARK","5158","CC MARION.                    ",2,0,0,0,0,2014,"August","Thursday","07:30 pm","080","Not Divided","CURVED, VIEW OPEN","Slope","Not Applicable","Sealed","Dry","Not Raining","Night","Side Swipe","02","Driver Rider","1: PDO","No Control","","",1322098.47,1655927.34,"13220981655927"
"2014-10069-27/05/2021","3 Country","CARRIETON","5432","DC OF ORROROO/CARRIETON",2,1,0,1,0,2014,"August","Thursday","04:15 pm","110","Not Divided","CURVED, VIEW OPEN","Level","Not Applicable","Sealed","Dry","Not Raining","Daylight","Hit Fixed Object","01","Driver Rider","3: SI","No Control","","",1328821.38,1951876.86,"13288211951877"
"2014-10070-27/05/2021","2 Metropolitan","HECTORVILLE","5073","CC CAMPBELLTOWN.              ",2,0,0,0,0,2014,"August","Thursday","09:25 pm","060","T-Junction","Straight road","Level","Not Applicable","Sealed","Dry","Not Raining","Night","Rear End","02","Driver Rider","1: PDO","No Control","","",1335415.63,1674347.26,"13354161674347"
"2014-10071-27/05/2021","2 Metropolitan","PORT ADELAIDE","5015","CITY OF PORT ADELAIDE ENFIELD",2,1,0,0,1,2014,"August","Thursday","09:15 pm","050","Multiple","Straight road","Level","Not Applicable","Sealed","Dry","Not Raining","Night","Right Angle","01","Driver Rider","2: MI","Traffic Signals","","",1319866.72,1679909.05,"13198671679909"
"2014-10072-27/05/2021","3 Country","KINGSTON ON MURRAY","5331","LOXTON WAIKERIE DISTRICT COUNCIL",2,0,0,0,0,2014,"August","Thursday","05:45 pm","110","Not Divided","Straight road","Level","Not Applicable","Sealed","Dry","Not Raining","Night","Hit Animal","02","Animal","1: PDO","No Control","","",1489228.64,1741974.08,"14892291741974"
"2014-10073-27/05/2021","2 Metropolitan","ST IVES","5252","DC MT.BARKER.                 ",2,0,0,0,0,2014,"August","Thursday","11:30 pm","110","Freeway","CURVED, VIEW OPEN","Slope","Not Applicable","Sealed","Dry","Not Raining","Night","Rear End","01","Driver Rider","1: PDO","No Control","","",1362344.07,1648950.23,"13623441648950"