"REPORT_ID","Stats Area","Suburb","Postcode","LGA Name","Total Units","Total Cas","Total Fats","Total SI","Total MI","Year","Month","Day","Time","Area Speed","Position Type","Horizontal Align","Vertical Align","Other Feat","Road Surface","Moisture Cond","Weather Cond","DayNight","Crash Type","Unit Resp","Entity Code","CSEF Severity","Traffic Ctrls","DUI Involved","Drugs Involved","ACCLOC_X","ACCLOC_Y","UNIQUE_LOC"
"2014-10396-27/05/2021","3 Country","RENMARK","5341","DC RENMARK PARINGA            ",2,0,0,0,0,2014,"August","Friday","05:20 pm","050","T-Junction","Straight road","Level","Not Applicable","Sealed","Wet","Raining","Daylight","Right Angle","01","Driver Rider","1: PDO","Give Way Sign","","",1528314.95,1745000.34,"15283151745000"
"2014-10397-27/05/2021","1 City","NORTH ADELAIDE","5006","CITY OF ADELAIDE",2,0,0,0,0,2014,"August","Friday","06:45 pm","050","Not Divided","Straight road","Level","Not Applicable","Sealed","Dry","Not Raining","Night","Rear End","02","Driver Rider","1: PDO","No Control","","",1328325.44,1672590.54,"13283251672591"
"2014-10398-27/05/2021","2 Metropolitan","MAWSON LAKES","5095","CITY OF SALISBURY",2,0,0,0,0,2014,"August","Friday","06:30 pm","060","T-Junction","Straight road","Level","Not Applicable","Sealed","Dry","Not Raining","Night","Right Angle","01","Driver Rider","1: PDO","Give Way Sign","","",1329352,1684537.3,"13293521684537"
"2014-10399-27/05/2021","2 Metropolitan","MEDINDIE","5081","WALKERVILLE TOWN COUNCIL",2,0,0,0,0,2014,"August","Wednesday","06:35 pm","060","Not Divided","Straight road","Slope","Not Applicable","Sealed","Dry","Not Raining","Night","Side Swipe","01","Driver Rider","1: PDO","No Control","","",1329460.83,1673983.95,"13294611673984"
"2014-10400-27/05/2021","2 Metropolitan","ENFIELD","5085","CITY OF PORT ADELAIDE ENFIELD",3,1,0,0,1,2014,"August","Thursday","03:45 pm","060","Divided Road","Straight road","Level","Not Applicable","Sealed","Dry","Not Raining","Daylight","Rear End","01","Driver Rider","2: MI","No Control","","",1328818.77,1678704.71,"13288191678705"
"2014-10401-27/05/2021","2 Metropolitan","BRUKUNGA","5252","DC MT.BARKER.                 ",2,1,0,1,0,2014,"August","Friday","06:35 pm","080","Not Divided","CURVED, VIEW OBSCURED","Level","Not Applicable","Sealed","Dry","Not Raining","Night","Hit Fixed Object","01","Driver Rider","3: SI","No Control","","",1359890.39,1662260.31,"13598901662260"
"2014-10402-27/05/2021","2 Metropolitan","KLEMZIG","5087","CITY OF PORT ADELAIDE ENFIELD",2,1,0,0,1,2014,"August","Thursday","08:30 pm","060","Cross Road","Straight road","Level","Not Applicable","Sealed","Dry","Not Raining","Night","Right Turn","01","Driver Rider","2: MI","Traffic Signals","","",1332072.8,1676595.28,"13320731676595"
"2014-10403-27/05/2021","2 Metropolitan","VALE PARK","5081","WALKERVILLE TOWN COUNCIL",2,0,0,0,0,2014,"August","Friday","01:30 pm","060","Cross Road","CURVED, VIEW OPEN","Level","Not Applicable","Sealed","Dry","Not Raining","Daylight","Rear End","02","Driver Rider","1: PDO","Traffic Signals","","",1330645.93,1675348.15,"13306461675348"
"2014-10404-27/05/2021","3 Country","WHYALLA STUART","5608","CC WHYALLA.                   ",2,1,0,1,0,2014,"August","Friday","08:54 pm","060","Divided Road","Straight road","Level","Not Applicable","Sealed","Wet","Raining","Night","Hit Pedestrian","02","Pedestrian","3: SI","No Control","Y","",1235434.6,1883861.63,"12354351883862"
"2014-10405-27/05/2021","3 Country","PORT AUGUSTA WEST","5700","CC PT.AUGUSTA.                ",2,0,0,0,0,2014,"August","Saturday","01:24 am","060","Divided Road","CURVED, VIEW OPEN","Slope","Not Applicable","Sealed","Wet","Not Raining","Night","Hit Fixed Object","01","Driver Rider","1: PDO","No Control","","",1258528.84,1943357.82,"12585291943358"
"2014-10406-27/05/2021","2 Metropolitan","INGLE FARM","5098","CITY OF SALISBURY",3,0,0,0,0,2014,"August","Saturday","02:30 am","050","Not Divided","Straight road","Level","Not Applicable","Sealed","Dry","Not Raining","Night","Hit Fixed Object","01","Driver Rider","1: PDO","No Control","","",1332883.44,1681060.95,"13328831681061"
"2014-10407-27/05/2021","2 Metropolitan","DULWICH","5065","CITY OF BURNSIDE",2,0,0,0,0,2014,"August","Friday","05:15 pm","060","Divided Road","Straight road","Level","Not Applicable","Sealed","Dry","Not Raining","Daylight","Rear End","02","Driver Rider","1: PDO","No Control","","",1330654,1669621.1,"13306541669621"
"2014-10408-27/05/2021","2 Metropolitan","GLENALTA","5052","CC MITCHAM.                   ",2,1,0,0,1,2014,"August","Friday","08:40 am","060","T-Junction","Straight road","Level","Not Applicable","Sealed","Dry","Not Raining","Daylight","Rear End","02","Driver Rider","2: MI","Give Way Sign","","",1331210.11,1661692.56,"13312101661693"
"2014-10409-27/05/2021","2 Metropolitan","GAWLER SOUTH","5118","CT GAWLER.                    ",2,0,0,0,0,2014,"August","Saturday","09:15 am","050","T-Junction","Straight road","Level","Not Applicable","Sealed","Wet","Raining","Daylight","Right Angle","01","Driver Rider","1: PDO","No Control","","",1343088.4,1705805.71,"13430881705806"
"2014-10410-27/05/2021","2 Metropolitan","BOWDEN","5007","CITY OF CHARLES STURT",2,0,0,0,0,2014,"August","Thursday","09:00 pm","040","Cross Road","Straight road","Level","Not Applicable","Sealed","Dry","Not Raining","Night","Hit Fixed Object","01","Driver Rider","1: PDO","Give Way Sign","","",1326933.88,1673243.94,"13269341673244"
"2014-10411-27/05/2021","2 Metropolitan","PORT ADELAIDE","5015","CITY OF PORT ADELAIDE ENFIELD",2,0,0,0,0,2014,"August","Friday","11:00 am","060","Divided Road","CURVED, VIEW OPEN","Bottom of Hill","Bridge, Culvert, Causeway","Sealed","Dry","Not Raining","Daylight","Hit Fixed Object","01","Driver Rider","1: PDO","No Control","","",1320388.45,1680619.18,"13203881680619"
"2014-10412-27/05/2021","2 Metropolitan","MALVERN","5061","CITY OF UNLEY",2,2,0,0,2,2014,"August","Friday","03:00 pm","050","Cross Road","Straight road","Level","Not Applicable","Sealed","Dry","Not Raining","Daylight","Rear End","02","Driver Rider","2: MI","Traffic Signals","","",1329723.45,1667454.24,"13297231667454"
"2014-10413-27/05/2021","2 Metropolitan","MAWSON LAKES","5095","CITY OF SALISBURY",2,0,0,0,0,2014,"August","Friday","06:15 pm","080","Divided Road","Straight road","Level","Not Applicable","Sealed","Dry","Not Raining","Night","Side Swipe","02","Driver Rider","1: PDO","No Control","","",1328699.93,1683341.76,"13287001683342"
"2014-10414-27/05/2021","2 Metropolitan","HENLEY BEACH","5022","CITY OF CHARLES STURT",3,1,0,0,1,2014,"August","Saturday","10:55 am","050","Divided Road","Straight road","Level","Not Applicable","Sealed","Dry","Not Raining","Daylight","Hit Parked Vehicle","01","Driver Rider","2: MI","No Control","","",1318873.8,1671707.69,"13188741671708"
"2014-10415-27/05/2021","1 City","ADELAIDE","5000","CITY OF ADELAIDE",3,0,0,0,0,2014,"August","Friday","03:45 pm","050","Not Divided","Straight road","Level","Not Applicable","Sealed","Dry","Not Raining","Daylight","Rear End","01","Driver Rider","1: PDO","No Control","","",1328717.3,1671589.5,"13287171671590"
"2014-10416-27/05/2021","2 Metropolitan","WOODVILLE NORTH","5012","CITY OF CHARLES STURT",2,1,0,0,1,2014,"August","Saturday","11:50 am","050","Not Divided","Straight road","Level","Not Applicable","Sealed","Dry","Not Raining","Daylight","Hit Parked Vehicle","01","Driver Rider","2: MI","No Control","","",1323426.5,1677828.41,"13234271677828"
"2014-10417-27/05/2021","2 Metropolitan","PARAFIELD","5106","CITY OF SALISBURY",2,0,0,0,0,2014,"August","Saturday","12:30 pm","050","Not Divided","Straight road","Level","Driveway or Entrance","Sealed","Dry","Not Raining","Daylight","Side Swipe","01","Driver Rider","1: PDO","No Control","","",1332999.77,1685314.75,"13330001685315"
"2014-10418-27/05/2021","2 Metropolitan","URRBRAE","5064","CC MITCHAM.                   ",2,0,0,0,0,2014,"August","Friday","05:45 pm","060","Divided Road","Straight road","Level","Not Applicable","Sealed","Dry","Not Raining","Night","Rear End","02","Driver Rider","1: PDO","No Control","","",1331501.4,1666312.71,"13315011666313"
"2014-10419-27/05/2021","2 Metropolitan","MANSFIELD PARK","5012","CITY OF PORT ADELAIDE ENFIELD",2,1,0,0,1,2014,"August","Saturday","12:00 pm","050","Not Divided","Straight road","Level","Driveway or Entrance","Sealed","Dry","Not Raining","Daylight","Hit Fixed Object","01","Driver Rider","2: MI","No Control","","",1324090.61,1678350.65,"13240911678351"
"2014-10420-27/05/2021","2 Metropolitan","HAMPSTEAD GARDENS","5086","CITY OF PORT ADELAIDE ENFIELD",2,0,0,0,0,2014,"August","Saturday","02:00 pm","060","Cross Road","Straight road","Level","Not Applicable","Sealed","Dry","Not Raining","Daylight","Right Angle","02","Driver Rider","1: PDO","Give Way Sign","","",1331810.03,1676603.26,"13318101676603"
"2014-10421-27/05/2021","2 Metropolitan","MILLBROOK","5231","THE ADELAIDE HILLS COUNCIL",2,0,0,0,0,2014,"August","Saturday","11:40 am","080","Not Divided","CURVED, VIEW OBSCURED","Level","Not Applicable","Sealed","Dry","Not Raining","Daylight","Head On","02","Driver Rider","1: PDO","No Control","","",1348412.01,1682072.24,"13484121682072"
"2014-10422-27/05/2021","2 Metropolitan","BRAHMA LODGE","5109","CITY OF SALISBURY",2,1,0,0,1,2014,"August","Saturday","01:50 pm","060","T-Junction","Straight road","Level","Not Applicable","Sealed","Dry","Not Raining","Daylight","Rear End","02","Driver Rider","2: MI","No Control","","",1334452.37,1687405.05,"13344521687405"
"2014-10423-27/05/2021","2 Metropolitan","DERNANCOURT","5075","CITY OF TEA TREE GULLY",4,1,0,0,1,2014,"August","Friday","09:19 pm","060","Divided Road","CURVED, VIEW OPEN","Slope","Not Applicable","Sealed","Dry","Not Raining","Night","Hit Fixed Object","01","Driver Rider","2: MI","No Control","","",1335744.7,1676879.29,"13357451676879"
"2014-10424-27/05/2021","2 Metropolitan","PARADISE","5075","CC CAMPBELLTOWN.              ",2,1,0,0,1,2014,"August","Saturday","01:00 pm","060","Cross Road","Straight road","Level","Not Applicable","Sealed","Dry","Not Raining","Daylight","Rear End","02","Driver Rider","2: MI","Stop Sign","","",1335499.58,1676611.29,"13355001676611"
"2014-10425-27/05/2021","2 Metropolitan","GEPPS CROSS","5094","CITY OF PORT ADELAIDE ENFIELD",2,0,0,0,0,2014,"August","Saturday","02:00 pm","060","Cross Road","Straight road","Level","Not Applicable","Sealed","Dry","Not Raining","Daylight","Rear End","02","Driver Rider","1: PDO","Traffic Signals","","",1330372.74,1679303.24,"13303731679303"
"2014-10426-27/05/2021","2 Metropolitan","KENSINGTON GARDENS","5068","CITY OF BURNSIDE",2,0,0,0,0,2014,"August","Saturday","03:30 pm","060","T-Junction","Straight road","Level","Not Applicable","Sealed","Dry","Not Raining","Daylight","Right Angle","02","Driver Rider","1: PDO","No Control","","",1333871.12,1671401.92,"13338711671402"
"2014-10427-27/05/2021","2 Metropolitan","MYRTLE BANK","5064","CITY OF UNLEY",2,0,0,0,0,2014,"August","Saturday","03:05 pm","060","Not Divided","Straight road","Level","Not Applicable","Sealed","Dry","Not Raining","Daylight","Side Swipe","02","Driver Rider","1: PDO","No Control","","",1330752.06,1666764.85,"13307521666765"
"2014-10428-27/05/2021","2 Metropolitan","NOVAR GARDENS","5040","CITY OF WEST TORRENS",2,0,0,0,0,2014,"August","Friday","06:15 pm","060","T-Junction","Straight road","Level","Not Applicable","Sealed","Dry","Not Raining","Night","Right Angle","02","Driver Rider","1: PDO","No Control","","",1322628.48,1665624.62,"13226281665625"
"2014-10429-27/05/2021","2 Metropolitan","COWANDILLA","5033","CITY OF WEST TORRENS",2,1,0,0,1,2014,"August","Friday","09:15 pm","060","Cross Road","Straight road","Level","Not Applicable","Sealed","Dry","Not Raining","Night","Right Turn","02","Driver Rider","2: MI","Traffic Signals","","",1324135.56,1670033.53,"13241361670034"
"2014-10430-27/05/2021","2 Metropolitan","GLENALTA","5052","CC MITCHAM.                   ",1,1,0,0,1,2014,"August","Saturday","04:10 pm","050","Not Divided","CURVED, VIEW OBSCURED","Slope","Not Applicable","Sealed","Dry","Not Raining","Daylight","Roll Over","01","Driver Rider","2: MI","No Control","Y","",1330832.81,1661009.78,"13308331661010"
"2014-10431-27/05/2021","3 Country","MOSELEY","5641","DC KIMBA.                     ",1,1,0,0,1,2014,"August","Saturday","02:15 pm","110","Not Divided","Straight road","Level","Not Applicable","Sealed","Dry","Not Raining","Daylight","Roll Over","01","Driver Rider","2: MI","No Control","","",1148139.05,1874756.16,"11481391874756"
"2014-10432-27/05/2021","2 Metropolitan","KANMANTOO","5252","DC MT.BARKER.                 ",2,0,0,0,0,2014,"August","Saturday","03:30 pm","100","Not Divided","CURVED, VIEW OPEN","Slope","Not Applicable","Sealed","Dry","Not Raining","Daylight","Hit Fixed Object","01","Driver Rider","1: PDO","No Control","","",1363356.11,1656660,"13633561656660"
"2014-10433-27/05/2021","2 Metropolitan","CRAFERS","5152","THE ADELAIDE HILLS COUNCIL",2,0,0,0,0,2014,"August","Friday","11:30 pm","080","Not Divided","Straight road","Slope","Not Applicable","Sealed","Dry","Not Raining","Night","Hit Fixed Object","01","Driver Rider","1: PDO","No Control","","",1338012.95,1662689.41,"13380131662689"
"2014-10434-27/05/2021","2 Metropolitan","RIDLEYTON","5008","CITY OF CHARLES STURT",2,1,0,0,1,2014,"August","Saturday","05:15 pm","060","T-Junction","Straight road","Level","Not Applicable","Sealed","Wet","Raining","Daylight","Hit Fixed Object","01","Driver Rider","2: MI","Traffic Signals","","",1325785.24,1674458.14,"13257851674458"
"2014-10435-27/05/2021","2 Metropolitan","FINDON","5023","CITY OF CHARLES STURT",2,0,0,0,0,2014,"August","Saturday","05:35 pm","060","Cross Road","Straight road","Level","Not Applicable","Sealed","Wet","Raining","Daylight","Right Angle","01","Driver Rider","1: PDO","Traffic Signals","","",1322391.64,1674259.27,"13223921674259"
"2014-10436-27/05/2021","2 Metropolitan","MEADOWS","5201","DC MT.BARKER.                 ",2,0,0,0,0,2014,"August","Tuesday","08:15 am","100","Cross Road","Straight road","Level","Not Applicable","Sealed","Dry","Not Raining","Daylight","Right Turn","01","Driver Rider","1: PDO","Give Way Sign","","",1338375.82,1642607.55,"13383761642608"
"2014-10437-27/05/2021","1 City","ADELAIDE","5000","CITY OF ADELAIDE",3,0,0,0,0,2014,"August","Saturday","06:45 pm","050","Divided Road","Straight road","Level","Not Applicable","Sealed","Wet","Raining","Night","Hit Parked Vehicle","01","Driver Rider","1: PDO","No Control","","",1328748.39,1670524.46,"13287481670524"
"2014-10438-27/05/2021","2 Metropolitan","BLAKEVIEW","5114","CITY OF PLAYFORD.",2,0,0,0,0,2014,"August","Saturday","04:50 pm","060","T-Junction","Straight road","Level","Not Applicable","Sealed","Dry","Not Raining","Daylight","Rear End","02","Driver Rider","1: PDO","Roundabout","","",1338426.96,1696209.37,"13384271696209"
"2014-10439-27/05/2021","2 Metropolitan","STEPNEY","5069","CC OF NORWOOD,PAYNEHAM & ST PETERS",2,0,0,0,0,2014,"August","Saturday","06:50 pm","060","T-Junction","Straight road","Level","Not Applicable","Sealed","Wet","Raining","Night","Right Turn","02","Driver Rider","1: PDO","No Control","","",1331520.67,1671742.02,"13315211671742"
"2014-10440-27/05/2021","2 Metropolitan","NORWOOD","5067","CC OF NORWOOD,PAYNEHAM & ST PETERS",2,0,0,0,0,2014,"August","Saturday","07:11 pm","060","Cross Road","Straight road","Level","Not Applicable","Sealed","Wet","Raining","Night","Right Angle","02","Driver Rider","1: PDO","Roundabout","","",1330623.32,1670361.88,"13306231670362"
"2014-10441-27/05/2021","2 Metropolitan","NORWOOD","5067","CC OF NORWOOD,PAYNEHAM & ST PETERS",2,0,0,0,0,2014,"August","Saturday","07:55 pm","060","Cross Road","Straight road","Level","Not Applicable","Sealed","Wet","Raining","Night","Right Angle","02","Driver Rider","1: PDO","Roundabout","","",1330623.32,1670361.88,"13306231670362"
"2014-10442-27/05/2021","3 Country","RISDON PARK","5540","PT.PIRIE CITY & DIST. COUNCIL ",2,0,0,0,0,2014,"August","Saturday","08:10 pm","050","Cross Road","Straight road","Level","Not Applicable","Sealed","Wet","Raining","Night","Right Turn","01","Driver Rider","1: PDO","Give Way Sign","","",1278276.86,1864116.28,"12782771864116"
"2014-10443-27/05/2021","2 Metropolitan","WALKLEY HEIGHTS","5098","CITY OF SALISBURY",2,0,0,0,0,2014,"August","Saturday","09:00 pm","070","Cross Road","Straight road","Level","Not Applicable","Sealed","Wet","Raining","Night","Right Turn","02","Driver Rider","1: PDO","Traffic Signals","","",1332959.7,1680497.31,"13329601680497"
"2014-10444-27/05/2021","2 Metropolitan","MORPHETT VALE","5162","CITY OF ONKAPARINGA",2,2,0,0,2,2014,"August","Saturday","08:09 pm","060","T-Junction","Straight road","Level","Not Applicable","Sealed","Dry","Not Raining","Night","Rear End","01","Driver Rider","2: MI","No Control","","",1321914.18,1648726.86,"13219141648727"
"2014-10445-27/05/2021","2 Metropolitan","MARDEN","5070","CC OF NORWOOD,PAYNEHAM & ST PETERS",2,0,0,0,0,2014,"August","Saturday","11:30 pm","060","T-Junction","Straight road","Level","Not Applicable","Sealed","Wet","Raining","Night","Right Turn","02","Driver Rider","1: PDO","Traffic Signals","","",1332497.88,1673947.45,"13324981673947"
"2014-10446-27/05/2021","3 Country","RENMARK","5341","DC RENMARK PARINGA            ",2,0,0,0,0,2014,"August","Saturday","11:35 pm","060","Divided Road","Straight road","Level","Not Applicable","Sealed","Wet","Raining","Night","Side Swipe","02","Driver Rider","1: PDO","No Control","","",1527689.93,1744556.13,"15276901744556"
"2014-10447-27/05/2021","2 Metropolitan","BLACK FOREST","5035","CITY OF UNLEY",2,0,0,0,0,2014,"August","Saturday","10:30 pm","050","Cross Road","Straight road","Level","Not Applicable","Sealed","Wet","Not Raining","Night","Hit Fixed Object","01","Driver Rider","1: PDO","Give Way Sign","","",1326168.39,1666540.39,"13261681666540"
"2014-10448-27/05/2021","2 Metropolitan","COROMANDEL VALLEY","5051","CITY OF ONKAPARINGA",2,1,0,1,0,2014,"August","Sunday","01:30 am","060","Not Divided","CURVED, VIEW OPEN","Slope","Not Applicable","Sealed","Dry","Not Raining","Night","Hit Fixed Object","01","Driver Rider","3: SI","No Control","Y","Y",1329801.59,1655995.66,"13298021655996"
"2014-10449-27/05/2021","2 Metropolitan","BURTON","5110","CITY OF SALISBURY",2,1,0,0,1,2014,"August","Saturday","08:00 pm","050","Not Divided","Straight road","Level","Not Applicable","Sealed","Wet","Raining","Night","Hit Pedestrian","02","Pedestrian","2: MI","No Control","","",1330497.29,1691519.8,"13304971691520"
"2014-10450-27/05/2021","3 Country","WEETULTA","5573","YORKE PENINSULA COUNCIL",2,0,0,0,0,2014,"August","Sunday","02:30 am","100","Not Divided","CURVED, VIEW OPEN","Slope","Not Applicable","Unsealed","Dry","Not Raining","Night","Hit Fixed Object","01","Driver Rider","1: PDO","No Control","","",1235368.93,1752448.62,"12353691752449"
"2014-10451-27/05/2021","1 City","NORTH ADELAIDE","5006","CITY OF ADELAIDE",2,0,0,0,0,2014,"August","Sunday","03:50 am","050","Not Divided","Straight road","Level","Not Applicable","Sealed","Dry","Not Raining","Night","Hit Fixed Object","01","Driver Rider","1: PDO","No Control","","",1327941.09,1671602.97,"13279411671603"
"2014-10452-27/05/2021","2 Metropolitan","PARA HILLS WEST","5096","CITY OF SALISBURY",2,0,0,0,0,2014,"August","Saturday","11:30 pm","050","T-Junction","Straight road","Level","Not Applicable","Sealed","Dry","Not Raining","Night","Right Angle","02","Driver Rider","1: PDO","No Control","","",1333314.2,1684945.33,"13333141684945"
"2014-10453-27/05/2021","2 Metropolitan","PLYMPTON","5038","CITY OF WEST TORRENS",2,0,0,0,0,2014,"August","Saturday","05:45 pm","060","Cross Road","Straight road","Level","Not Applicable","Sealed","Wet","Raining","Night","Rear End","01","Driver Rider","1: PDO","Traffic Signals","","",1324236.71,1666587.41,"13242371666587"
"2014-10454-27/05/2021","2 Metropolitan","ELIZABETH","5112","CITY OF PLAYFORD.",2,0,0,0,0,2014,"August","Sunday","08:58 am","060","T-Junction","Straight road","Level","Not Applicable","Sealed","Dry","Not Raining","Daylight","Right Turn","02","Driver Rider","1: PDO","Traffic Signals","","",1335570.41,1693051.39,"13355701693051"
"2014-10455-27/05/2021","3 Country","EUDUNDA","5374","REGIONAL COUNCIL OF GOYDER",1,1,0,0,1,2014,"August","Sunday","07:00 am","100","Not Divided","CURVED, VIEW OPEN","Crest of Hill","Not Applicable","Sealed","Dry","Not Raining","Daylight","Roll Over","01","Driver Rider","2: MI","No Control","","",1381120.36,1744380.73,"13811201744381"
"2014-10456-27/05/2021","1 City","NORTH ADELAIDE","5006","CITY OF ADELAIDE",3,1,0,0,1,2014,"August","Saturday","10:10 pm","050","Cross Road","Straight road","Level","Not Applicable","Sealed","Dry","Not Raining","Night","Rear End","02","Driver Rider","2: MI","Traffic Signals","","",1329105.87,1672639.31,"13291061672639"
"2014-10457-27/05/2021","2 Metropolitan","BROOKLYN PARK","5032","CITY OF WEST TORRENS",2,0,0,0,0,2014,"August","Sunday","07:10 am","060","Cross Road","Straight road","Level","Not Applicable","Sealed","Dry","Not Raining","Daylight","Right Angle","02","Driver Rider","1: PDO","Give Way Sign","","",1323219.23,1670303.58,"13232191670304"
"2014-10458-27/05/2021","3 Country","AUBURN","5451","CLARE AND GILBERT VALLEYS DISTRICT COUNCIL",2,0,0,0,0,2014,"August","Saturday","08:00 pm","080","Not Divided","CURVED, VIEW OPEN","Level","Not Applicable","Sealed","Wet","Raining","Night","Hit Fixed Object","01","Driver Rider","1: PDO","No Control","","",1339790.53,1769352.06,"13397911769352"
"2014-10459-27/05/2021","3 Country","WHYALLA","5600","CC WHYALLA.                   ",2,0,0,0,0,2014,"August","Sunday","08:20 am","110","Not Divided","Straight road","Level","Not Applicable","Sealed","Dry","Not Raining","Daylight","Hit Fixed Object","01","Driver Rider","1: PDO","No Control","","",,,
"2014-10460-27/05/2021","2 Metropolitan","STURT","5047","CC MARION.                    ",3,0,0,0,0,2014,"August","Sunday","12:30 pm","060","Divided Road","Straight road","Level","Not Applicable","Sealed","Dry","Not Raining","Daylight","Rear End","02","Driver Rider","1: PDO","No Control","","",1323645.6,1660652.02,"13236461660652"
"2014-10461-27/05/2021","2 Metropolitan","EDWARDSTOWN","5039","CC MARION.                    ",2,0,0,0,0,2014,"August","Saturday","01:25 pm","060","T-Junction","Straight road","Level","Not Applicable","Sealed","Wet","Raining","Daylight","Right Angle","01","Driver Rider","1: PDO","No Control","","",1325201.33,1663301.96,"13252011663302"
"2014-10462-27/05/2021","2 Metropolitan","PARALOWIE","5108","CITY OF SALISBURY",2,0,0,0,0,2014,"August","Sunday","08:00 am","050","Not Divided","Straight road","Level","Not Applicable","Sealed","Dry","Not Raining","Daylight","Hit Parked Vehicle","02","Driver Rider","1: PDO","No Control","","",1328457.36,1689885.33,"13284571689885"
"2014-10463-27/05/2021","2 Metropolitan","KILBURN","5084","CITY OF PORT ADELAIDE ENFIELD",2,1,0,0,1,2014,"August","Sunday","11:45 am","050","Cross Road","Straight road","Level","Not Applicable","Sealed","Dry","Not Raining","Daylight","Right Angle","01","Driver Rider","2: MI","Stop Sign","","",1328037.47,1677627.71,"13280371677628"
"2014-10464-27/05/2021","3 Country","PORT LINCOLN","5606","CC PT.LINCOLN.                ",2,1,0,1,0,2014,"August","Sunday","01:30 pm","050","Not Divided","Straight road","Level","Not Applicable","Sealed","Dry","Not Raining","Daylight","Hit Pedestrian","02","Pedestrian","3: SI","No Control","","",1078899.99,1698221.2,"10789001698221"
"2014-10465-27/05/2021","2 Metropolitan","BROMPTON","5007","CITY OF CHARLES STURT",2,0,0,0,0,2014,"August","Saturday","07:30 pm","050","Not Divided","Straight road","Level","Unknown","Sealed","Wet","Raining","Night","Hit Fixed Object","01","Driver Rider","1: PDO","No Control","","",1326359.25,1673663.71,"13263591673664"
"2014-10466-27/05/2021","2 Metropolitan","MORPHETT VALE","5162","CITY OF ONKAPARINGA",2,2,0,0,2,2014,"August","Sunday","02:30 pm","060","Cross Road","Straight road","Slope","Not Applicable","Sealed","Dry","Not Raining","Daylight","Rear End","01","Driver Rider","2: MI","Traffic Signals","","",1320791.25,1649412.04,"13207911649412"
"2014-10467-27/05/2021","2 Metropolitan","GLENELG NORTH","5045","CITY OF HOLDFAST BAY",2,0,0,0,0,2014,"August","Sunday","03:55 pm","050","Cross Road","Straight road","Level","Not Applicable","Sealed","Dry","Not Raining","Daylight","Right Angle","01","Driver Rider","1: PDO","Roundabout","","",1320786.94,1665298.76,"13207871665299"
"2014-10468-27/05/2021","2 Metropolitan","SALISBURY EAST","5109","CITY OF TEA TREE GULLY",2,0,0,0,0,2014,"August","Saturday","11:40 am","080","Divided Road","CURVED, VIEW OPEN","Slope","Median Opening (not at I/S)","Sealed","Wet","Raining","Daylight","Side Swipe","02","Driver Rider","1: PDO","No Control","","",1337492.43,1686104.67,"13374921686105"
"2014-10469-27/05/2021","2 Metropolitan","BELAIR","5052","CC MITCHAM.                   ",2,0,0,0,0,2014,"August","Saturday","09:55 pm","060","Not Divided","CURVED, VIEW OPEN","Level","Not Applicable","Sealed","Wet","Raining","Night","Hit Fixed Object","01","Driver Rider","1: PDO","No Control","","",1329221.12,1662314.05,"13292211662314"
"2014-10470-27/05/2021","2 Metropolitan","PLYMPTON","5038","CITY OF WEST TORRENS",2,0,0,0,0,2014,"August","Sunday","07:35 pm","060","Cross Road","Straight road","Level","Not Applicable","Sealed","Dry","Not Raining","Night","Right Turn","01","Driver Rider","1: PDO","Traffic Signals","","",1324227.3,1666580.54,"13242271666581"
"2014-10471-27/05/2021","2 Metropolitan","SALISBURY","5108","CITY OF SALISBURY",2,0,0,0,0,2014,"August","Sunday","04:40 pm","060","Cross Road","Straight road","Level","Not Applicable","Sealed","Dry","Not Raining","Daylight","Rear End","01","Driver Rider","1: PDO","Traffic Signals","","",1332782.42,1688511.32,"13327821688511"
"2014-10472-27/05/2021","2 Metropolitan","ULEYBURY","5114","CITY OF PLAYFORD.",2,2,0,0,2,2014,"August","Sunday","06:20 pm","100","Not Divided","CURVED, VIEW OPEN","Slope","Not Applicable","Sealed","Dry","Not Raining","Night","Hit Parked Vehicle","02","Driver Rider","2: MI","No Control","","",1342126.73,1697856.76,"13421271697857"
"2014-10473-27/05/2021","2 Metropolitan","MAWSON LAKES","5095","CITY OF SALISBURY",1,0,0,0,0,2014,"August","Sunday","01:40 pm","080","Interchange","CURVED, VIEW OPEN","Level","Not Applicable","Sealed","Dry","Not Raining","Daylight","Left Road - Out of Control","01","Driver Rider","1: PDO","No Control","","",1328666.89,1683469.13,"13286671683469"
"2014-10474-27/05/2021","2 Metropolitan","HIGHBURY","5089","CITY OF TEA TREE GULLY",2,1,0,0,1,2014,"August","Monday","04:20 am","060","Not Divided","CURVED, VIEW OPEN","Slope","Not Applicable","Sealed","Dry","Not Raining","Night","Hit Pedestrian","01","Pedestrian","2: MI","No Control","Y","",1339660.65,1679437.97,"13396611679438"
"2014-10475-27/05/2021","2 Metropolitan","TORRENS PARK","5062","CC MITCHAM.                   ",2,2,0,2,0,2014,"August","Monday","12:47 am","060","Not Divided","CURVED, VIEW OBSCURED","Slope","Not Applicable","Sealed","Dry","Not Raining","Night","Hit Fixed Object","01","Driver Rider","3: SI","No Control","","",1329326.17,1663177.89,"13293261663178"
"2014-10476-27/05/2021","2 Metropolitan","KILBURN","5084","CITY OF PORT ADELAIDE ENFIELD",2,0,0,0,0,2014,"August","Friday","04:45 pm","050","Cross Road","Straight road","Level","Not Applicable","Sealed","Dry","Not Raining","Daylight","Right Angle","02","Driver Rider","1: PDO","Stop Sign","","",1328034.09,1677780.54,"13280341677781"