"REPORT_ID","Stats Area","Suburb","Postcode","LGA Name","Total Units","Total Cas","Total Fats","Total SI","Total MI","Year","Month","Day","Time","Area Speed","Position Type","Horizontal Align","Vertical Align","Other Feat","Road Surface","Moisture Cond","Weather Cond","DayNight","Crash Type","Unit Resp","Entity Code","CSEF Severity","Traffic Ctrls","DUI Involved","Drugs Involved","ACCLOC_X","ACCLOC_Y","UNIQUE_LOC"
"2014-10477-27/05/2021","2 Metropolitan","GREENACRES","5086","CITY OF PORT ADELAIDE ENFIELD",4,2,0,0,2,2014,"August","Saturday","06:30 pm","060","T-Junction","Straight road","Level","Not Applicable","Sealed","Wet","Raining","Night","Rear End","01","Driver Rider","2: MI","No Control","","",1332130.02,1676628.5,"13321301676629"
"2014-10478-27/05/2021","3 Country","TEMPLERS","5371","LIGHT REGIONAL COUNCIL",2,0,0,0,0,2014,"August","Monday","08:00 am","100","Not Divided","Straight road","Level","Not Applicable","Sealed","Dry","Not Raining","Daylight","Hit Animal","02","Animal","1: PDO","No Control","","",1343526.77,1722922.54,"13435271722923"
"2014-10479-27/05/2021","2 Metropolitan","INGLE FARM","5098","CITY OF SALISBURY",2,1,0,0,1,2014,"August","Monday","08:36 am","060","Divided Road","Straight road","Level","Not Applicable","Sealed","Dry","Not Raining","Daylight","Side Swipe","01","Driver Rider","2: MI","No Control","","",1332183.19,1681868.25,"13321831681868"
"2014-10480-27/05/2021","3 Country","PORT ELLIOT","5212","ALEXANDRINA COUNCIL",2,1,0,0,1,2014,"August","Friday","09:00 am","050","Cross Road","Straight road","Level","Not Applicable","Sealed","Dry","Not Raining","Daylight","Right Angle","01","Driver Rider","2: MI","Stop Sign","","",1333700.62,1603464.58,"13337011603465"
"2014-10481-27/05/2021","2 Metropolitan","PROSPECT","5082","CITY OF PROSPECT",3,1,0,0,1,2014,"August","Monday","08:15 am","060","T-Junction","Straight road","Level","Not Applicable","Sealed","Dry","Not Raining","Daylight","Rear End","01","Driver Rider","2: MI","Give Way Sign","","",1327263.72,1675316.35,"13272641675316"
"2014-10482-27/05/2021","2 Metropolitan","POORAKA","5095","CITY OF SALISBURY",2,0,0,0,0,2014,"August","Sunday","09:30 pm","070","Cross Road","Straight road","Level","Not Applicable","Sealed","Dry","Not Raining","Night","Rear End","02","Driver Rider","1: PDO","Traffic Signals","","",1330465.1,1681818.42,"13304651681818"
"2014-10483-27/05/2021","2 Metropolitan","MAWSON LAKES","5095","CITY OF SALISBURY",2,1,0,0,1,2014,"August","Monday","08:55 am","050","Cross Road","Straight road","Level","Not Applicable","Sealed","Dry","Not Raining","Daylight","Hit Pedestrian","01","Driver Rider","2: MI","Traffic Signals","","",1330496.32,1683916.41,"13304961683916"
"2014-10484-27/05/2021","3 Country","STRATHALBYN","5255","ALEXANDRINA COUNCIL",2,0,0,0,0,2014,"August","Monday","09:15 am","060","T-Junction","Straight road","Level","Not Applicable","Sealed","Wet","Not Raining","Daylight","Rear End","02","Driver Rider","1: PDO","No Control","","",1354061.02,1634751.02,"13540611634751"
"2014-10485-27/05/2021","2 Metropolitan","WYNN VALE","5127","CITY OF TEA TREE GULLY",2,0,0,0,0,2014,"August","Monday","08:35 am","060","Divided Road","Straight road","Slope","Driveway or Entrance","Sealed","Dry","Not Raining","Daylight","Right Angle","01","Driver Rider","1: PDO","No Control","","",1338189.37,1683678.53,"13381891683679"
"2014-10486-27/05/2021","2 Metropolitan","EDWARDSTOWN","5039","CC MARION.                    ",2,1,0,0,1,2014,"August","Monday","08:30 am","060","T-Junction","Straight road","Level","Not Applicable","Sealed","Dry","Not Raining","Daylight","Right Turn","02","Driver Rider","2: MI","Traffic Signals","","",1325930.82,1664392.35,"13259311664392"
"2014-10487-27/05/2021","3 Country","MURRAY BRIDGE","5253","RC MURRAY BRIDGE.             ",2,0,0,0,0,2014,"August","Monday","10:00 am","050","Not Divided","Straight road","Slope","Driveway or Entrance","Sealed","Dry","Not Raining","Daylight","Right Angle","02","Driver Rider","1: PDO","No Control","","",1388050.02,1646104.35,"13880501646104"
"2014-10488-27/05/2021","2 Metropolitan","MOANA","5169","CITY OF ONKAPARINGA",2,0,0,0,0,2014,"August","Friday","11:00 am","070","T-Junction","Straight road","Crest of Hill","Unknown","Sealed","Dry","Not Raining","Daylight","Right Angle","02","Driver Rider","1: PDO","No Control","","",1316449.21,1639296.46,"13164491639296"
"2014-10489-27/05/2021","2 Metropolitan","TORRENSVILLE","5031","CITY OF WEST TORRENS",2,0,0,0,0,2014,"August","Monday","01:10 pm","060","T-Junction","Straight road","Level","Not Applicable","Sealed","Dry","Not Raining","Daylight","Right Angle","01","Driver Rider","1: PDO","No Control","","",1325405.96,1670982.44,"13254061670982"
"2014-10490-27/05/2021","2 Metropolitan","PARAFIELD GARDENS","5107","CITY OF SALISBURY",2,0,0,0,0,2014,"August","Monday","12:35 pm","050","T-Junction","Straight road","Level","Not Applicable","Sealed","Dry","Not Raining","Daylight","Right Turn","02","Driver Rider","1: PDO","No Control","","",1330415.58,1685051.12,"13304161685051"
"2014-10491-27/05/2021","3 Country","WILGENA","5719",,2,0,0,0,0,2014,"August","Sunday","07:30 am","110","Not Divided","Straight road","Level","Unknown","Sealed","Dry","Not Raining","Daylight","Hit Animal","02","Animal","1: PDO","No Control","","",1033205.26,2176451.49,"10332052176451"
"2014-10492-27/05/2021","2 Metropolitan","WALKLEY HEIGHTS","5098","CITY OF SALISBURY",3,1,0,1,0,2014,"August","Monday","07:25 am","070","Cross Road","Straight road","Level","Control Not Operational","Sealed","Dry","Not Raining","Daylight","Right Angle","02","Driver Rider","3: SI","Traffic Signals","","Y",1332971.13,1680497.42,"13329711680497"
"2014-10493-27/05/2021","2 Metropolitan","TWO WELLS","5501","DC MALLALA.                   ",2,0,0,0,0,2014,"August","Sunday","04:05 pm","100","Not Divided","Straight road","Level","Not Applicable","Sealed","Dry","Not Raining","Daylight","Side Swipe","02","Driver Rider","1: PDO","No Control","","",1321973.97,1704101.93,"13219741704102"
"2014-10494-27/05/2021","2 Metropolitan","HAWTHORNDENE","5051","CC MITCHAM.                   ",2,0,0,0,0,2014,"August","Monday","08:30 am","050","Not Divided","Straight road","Slope","Driveway or Entrance","Sealed","Dry","Not Raining","Daylight","Right Angle","02","Driver Rider","1: PDO","No Control","","",1331379.99,1659227.33,"13313801659227"
"2014-10495-27/05/2021","3 Country","MENINGIE","5264","COORONG DISTRICT COUNCIL",2,0,0,0,0,2014,"August","Monday","06:00 pm","100","Not Divided","Straight road","Level","Not Applicable","Sealed","Dry","Not Raining","Night","Hit Animal","02","Animal","1: PDO","No Control","","",1392777.37,1580704.5,"13927771580705"
"2014-10496-27/05/2021","2 Metropolitan","CRAIGMORE","5114","CITY OF PLAYFORD.",2,1,0,0,1,2014,"August","Monday","02:55 pm","060","T-Junction","Straight road","Level","Not Applicable","Sealed","Dry","Not Raining","Daylight","Right Angle","02","Driver Rider","2: MI","Give Way Sign","","",1339119.6,1694449.6,"13391201694450"
"2014-10497-27/05/2021","3 Country","STONE WELL","5352","LIGHT REGIONAL COUNCIL",2,0,0,0,0,2014,"August","Friday","04:10 pm","080","Not Divided","CURVED, VIEW OBSCURED","Slope","Not Applicable","Unsealed","Dry","Not Raining","Daylight","Hit Fixed Object","01","Driver Rider","1: PDO","No Control","","",1363266.91,1715946.74,"13632671715947"
"2014-10498-27/05/2021","2 Metropolitan","LONSDALE","5160","CITY OF ONKAPARINGA",2,1,0,0,1,2014,"August","Monday","03:00 pm","080","T-Junction","Straight road","Slope","Not Applicable","Sealed","Dry","Not Raining","Daylight","Rear End","01","Driver Rider","2: MI","Traffic Signals","","",1318716.44,1651448.02,"13187161651448"
"2014-10499-27/05/2021","2 Metropolitan","STURT","5047","CC MARION.                    ",2,1,0,0,1,2014,"August","Monday","03:20 pm","060","Cross Road","Straight road","Level","Not Applicable","Sealed","Dry","Not Raining","Daylight","Right Angle","01","Driver Rider","2: MI","Traffic Signals","","",1324418.54,1660680,"13244191660680"
"2014-10500-27/05/2021","2 Metropolitan","PETWOOD","5254","DC MT.BARKER.                 ",2,1,0,0,1,2014,"August","Sunday","01:00 pm","080","Not Divided","Straight road","Slope","Not Applicable","Unsealed","Dry","Not Raining","Daylight","Hit Fixed Object","01","Driver Rider","2: MI","No Control","","",1359485.36,1653393.83,"13594851653394"
"2014-10501-27/05/2021","2 Metropolitan","MODBURY NORTH","5092","CITY OF TEA TREE GULLY",2,1,0,0,1,2014,"August","Monday","04:25 pm","060","Cross Road","Straight road","Level","Not Applicable","Sealed","Dry","Not Raining","Daylight","Right Turn","02","Driver Rider","2: MI","Traffic Signals","","",1336848.16,1681212.44,"13368481681212"
"2014-10502-27/05/2021","1 City","NORTH ADELAIDE","5006","CITY OF ADELAIDE",3,0,0,0,0,2014,"August","Monday","02:30 pm","060","Not Divided","Straight road","Level","Not Applicable","Sealed","Dry","Not Raining","Daylight","Rear End","01","Driver Rider","1: PDO","No Control","","",1327573.46,1673554.01,"13275731673554"
"2014-10503-27/05/2021","3 Country","SHEA-OAK LOG","5371","LIGHT REGIONAL COUNCIL",2,1,0,0,1,2014,"August","Friday","02:15 pm","110","Divided Road","Straight road","Level","Not Applicable","Sealed","Dry","Not Raining","Daylight","Hit Parked Vehicle","01","Driver Rider","2: MI","No Control","","",1351670.07,1717196.12,"13516701717196"
"2014-10504-27/05/2021","2 Metropolitan","WINGFIELD","5013","CITY OF PORT ADELAIDE ENFIELD",3,2,0,0,2,2014,"August","Monday","08:15 am","060","Divided Road","Straight road","Level","Not Applicable","Sealed","Dry","Not Raining","Daylight","Rear End","01","Driver Rider","2: MI","No Control","","",1324336.04,1679163.43,"13243361679163"
"2014-10505-27/05/2021","2 Metropolitan","URRBRAE","5064","CC MITCHAM.                   ",4,4,2,2,0,2014,"August","Monday","01:15 pm","060","Cross Road","Straight road","Bottom of Hill","Not Applicable","Sealed","Dry","Not Raining","Daylight","Rear End","01","Driver Rider","4: Fatal","Traffic Signals","","",1332373.16,1666370.92,"13323731666371"
"2014-10506-27/05/2021","2 Metropolitan","GILLES PLAINS","5086","CITY OF TEA TREE GULLY",2,0,0,0,0,2014,"August","Monday","01:50 pm","050","Not Divided","Straight road","Slope","Not Applicable","Sealed","Dry","Not Raining","Daylight","Hit Parked Vehicle","01","Driver Rider","1: PDO","No Control","","",1334303.19,1679261.27,"13343031679261"
"2014-10507-27/05/2021","2 Metropolitan","MAWSON LAKES","5095","CITY OF SALISBURY",2,0,0,0,0,2014,"August","Monday","03:50 pm","070","Divided Road","Straight road","Level","Not Applicable","Sealed","Dry","Not Raining","Daylight","Rear End","02","Driver Rider","1: PDO","No Control","","",1329065.06,1683816.73,"13290651683817"
"2014-10508-27/05/2021","2 Metropolitan","DRY CREEK","5094","CITY OF SALISBURY",3,0,0,0,0,2014,"August","Monday","04:00 pm","090","Divided Road","Straight road","Level","Not Applicable","Sealed","Dry","Not Raining","Daylight","Rear End","01","Driver Rider","1: PDO","No Control","","",1328473.12,1683063.49,"13284731683063"
"2014-10509-27/05/2021","3 Country","OB FLAT","5291","DISTRICT COUNCIL OF GRANT",1,1,0,0,1,2014,"August","Monday","05:36 pm","110","Not Divided","CURVED, VIEW OPEN","Level","Not Applicable","Sealed","Wet","Not Raining","Daylight","Left Road - Out of Control","01","Driver Rider","2: MI","No Control","","",1506334.86,1332899.84,"15063351332900"
"2014-10510-27/05/2021","2 Metropolitan","RENOWN PARK","5008","CITY OF CHARLES STURT",3,0,0,0,0,2014,"August","Monday","06:20 pm","060","Cross Road","Straight road","Level","Not Applicable","Sealed","Dry","Not Raining","Night","Hit Fixed Object","01","Driver Rider","1: PDO","Give Way Sign","Y","",1326081.4,1675134.06,"13260811675134"
"2014-10511-27/05/2021","2 Metropolitan","URRBRAE","5064","CC MITCHAM.                   ",3,2,0,0,2,2014,"August","Monday","03:15 pm","060","Cross Road","Straight road","Level","Not Applicable","Sealed","Dry","Not Raining","Daylight","Right Turn","01","Driver Rider","2: MI","Traffic Signals","","Y",1330786.88,1665600.37,"13307871665600"
"2014-10512-27/05/2021","2 Metropolitan","UNLEY PARK","5061","CITY OF UNLEY",2,0,0,0,0,2014,"August","Monday","03:45 pm","060","Not Divided","Straight road","Level","Not Applicable","Sealed","Dry","Not Raining","Daylight","Side Swipe","02","Driver Rider","1: PDO","No Control","","",1329122.7,1666900.69,"13291231666901"
"2014-10513-27/05/2021","2 Metropolitan","HOUGHTON","5131","CITY OF TEA TREE GULLY",2,1,0,0,1,2014,"August","Monday","12:45 pm","080","Not Divided","CURVED, VIEW OBSCURED","Slope","Not Applicable","Sealed","Dry","Not Raining","Daylight","Hit Fixed Object","01","Driver Rider","2: MI","No Control","","",1342712.58,1681465.23,"13427131681465"
"2014-10514-27/05/2021","3 Country","MOUNT GAMBIER","5290","CC MT.GAMBIER.                ",2,1,0,0,1,2014,"August","Monday","04:00 pm","050","Cross Road","Straight road","Level","Not Applicable","Sealed","Dry","Not Raining","Daylight","Hit Fixed Object","01","Driver Rider","2: MI","Traffic Signals","","",1510094.23,1340202.19,"15100941340202"
"2014-10515-27/05/2021","2 Metropolitan","MAGILL","5072","CITY OF BURNSIDE",2,0,0,0,0,2014,"August","Tuesday","02:00 am","050","Not Divided","Straight road","Level","Not Applicable","Sealed","Dry","Not Raining","Night","Hit Parked Vehicle","01","Driver Rider","1: PDO","No Control","","",1334735.33,1671741.54,"13347351671742"
"2014-10516-27/05/2021","2 Metropolitan","STEPNEY","5069","CC OF NORWOOD,PAYNEHAM & ST PETERS",2,0,0,0,0,2014,"August","Tuesday","08:15 am","060","T-Junction","Straight road","Level","Not Applicable","Sealed","Dry","Not Raining","Daylight","Side Swipe","02","Driver Rider","1: PDO","No Control","","",1330755.84,1671719.28,"13307561671719"
"2014-10517-27/05/2021","2 Metropolitan","STURT","5047","CC MARION.                    ",2,1,0,0,1,2014,"August","Monday","12:00 pm","060","Multiple","Straight road","Level","Not Applicable","Sealed","Dry","Not Raining","Daylight","Right Turn","01","Driver Rider","2: MI","Traffic Signals","","",1323558.89,1660650.4,"13235591660650"
"2014-10518-27/05/2021","2 Metropolitan","KILBURN","5084","CITY OF PORT ADELAIDE ENFIELD",3,1,0,0,1,2014,"August","Tuesday","08:40 am","060","Not Divided","Straight road","Level","Not Applicable","Sealed","Dry","Not Raining","Daylight","Rear End","01","Driver Rider","2: MI","No Control","","",1327225.8,1677017.54,"13272261677018"
"2014-10519-27/05/2021","2 Metropolitan","EDINBURGH","5111","CITY OF SALISBURY",2,0,0,0,0,2014,"August","Tuesday","07:15 am","060","Not Divided","Straight road","Level","Not Applicable","Sealed","Dry","Not Raining","Daylight","Rear End","02","Driver Rider","1: PDO","No Control","","",1332556.01,1692031.26,"13325561692031"
"2014-10520-27/05/2021","2 Metropolitan","UNLEY","5061","CITY OF UNLEY",3,0,0,0,0,2014,"August","Monday","02:15 pm","060","T-Junction","Straight road","Level","Not Applicable","Sealed","Dry","Not Raining","Daylight","Right Angle","02","Driver Rider","1: PDO","Traffic Signals","","",1329086.84,1667942.21,"13290871667942"
"2014-10521-27/05/2021","2 Metropolitan","WAYVILLE","5034","CITY OF UNLEY",2,0,0,0,0,2014,"August","Tuesday","07:45 am","050","Cross Road","CURVED, VIEW OPEN","Level","Not Applicable","Unsealed","Dry","Not Raining","Daylight","Right Angle","02","Driver Rider","1: PDO","Roundabout","","",1327772.96,1668382.7,"13277731668383"
"2014-10522-27/05/2021","2 Metropolitan","HOPE VALLEY","5090","CITY OF TEA TREE GULLY",2,3,0,0,3,2014,"August","Tuesday","08:10 am","060","T-Junction","Straight road","Level","Not Applicable","Sealed","Dry","Not Raining","Daylight","Right Turn","01","Driver Rider","2: MI","Traffic Signals","","",1337377.5,1679470.92,"13373781679471"
"2014-10523-27/05/2021","3 Country","MURRAY BRIDGE SOUTH","5253","RC MURRAY BRIDGE.             ",2,1,0,0,1,2014,"August","Saturday","12:15 pm","110","Interchange","Straight road","Slope","Not Applicable","Sealed","Dry","Not Raining","Daylight","Hit Fixed Object","01","Driver Rider","2: MI","No Control","","Y",1389618.57,1643420.89,"13896191643421"
"2014-10524-27/05/2021","2 Metropolitan","FULHAM GARDENS","5024","CITY OF CHARLES STURT",2,1,0,0,1,2014,"August","Tuesday","11:30 am","060","Cross Road","Straight road","Level","Not Applicable","Sealed","Dry","Not Raining","Daylight","Rear End","02","Driver Rider","2: MI","Traffic Signals","","",1320790.05,1673070.27,"13207901673070"
"2014-10525-27/05/2021","2 Metropolitan","CRAIGMORE","5114","CITY OF PLAYFORD.",2,0,0,0,0,2014,"August","Monday","07:15 am","050","T-Junction","CURVED, VIEW OPEN","Level","Not Applicable","Sealed","Dry","Not Raining","Daylight","Right Angle","02","Driver Rider","1: PDO","No Control","","",1339722.23,1695626.6,"13397221695627"
"2014-10526-27/05/2021","3 Country","STRATHALBYN","5255","ALEXANDRINA COUNCIL",2,1,0,0,1,2014,"August","Monday","06:00 pm","080","Not Divided","Straight road","Level","Not Applicable","Sealed","Dry","Not Raining","Night","Rear End","02","Driver Rider","2: MI","No Control","","",1355340.59,1632378.09,"13553411632378"
"2014-10527-27/05/2021","1 City","ADELAIDE","5000","CITY OF ADELAIDE",2,0,0,0,0,2014,"August","Monday","03:00 pm","050","Cross Road","Straight road","Level","Not Applicable","Sealed","Dry","Not Raining","Daylight","Rear End","01","Driver Rider","1: PDO","Traffic Signals","","",1329043.2,1670049.08,"13290431670049"
"2014-10528-27/05/2021","2 Metropolitan","GLEN OSMOND","5064","CITY OF BURNSIDE",2,0,0,0,0,2014,"August","Tuesday","08:30 am","060","Divided Road","Straight road","Level","Not Applicable","Sealed","Dry","Not Raining","Daylight","Rear End","01","Driver Rider","1: PDO","No Control","","",1332385.58,1666702.68,"13323861666703"
"2014-10529-27/05/2021","3 Country","PORT LINCOLN","5606","CC PT.LINCOLN.                ",2,0,0,0,0,2014,"August","Tuesday","11:50 am","060","T-Junction","Straight road","Crest of Hill","Not Applicable","Sealed","Dry","Not Raining","Daylight","Right Angle","02","Driver Rider","1: PDO","Give Way Sign","","",1078001.17,1699475.1,"10780011699475"
"2014-10530-27/05/2021","2 Metropolitan","MANSFIELD PARK","5012","CITY OF PORT ADELAIDE ENFIELD",3,0,0,0,0,2014,"August","Tuesday","12:00 pm","050","Not Divided","Straight road","Level","Not Applicable","Sealed","Dry","Not Raining","Daylight","Right Angle","01","Driver Rider","1: PDO","No Control","","",1324134.64,1678450.53,"13241351678451"
"2014-10531-27/05/2021","2 Metropolitan","ST MARYS","5042","CC MITCHAM.                   ",2,0,0,0,0,2014,"August","Tuesday","12:05 pm","060","Divided Road","Straight road","Level","Not Applicable","Sealed","Dry","Not Raining","Daylight","Rear End","02","Driver Rider","1: PDO","No Control","","",1325990.22,1662013.49,"13259901662013"
"2014-10532-27/05/2021","2 Metropolitan","MOUNT BARKER","5251","DC MT.BARKER.                 ",2,0,0,0,0,2014,"August","Tuesday","11:50 am","060","Cross Road","Straight road","Level","Not Applicable","Sealed","Dry","Not Raining","Daylight","Rear End","01","Driver Rider","1: PDO","Roundabout","","",1351409.02,1653530.17,"13514091653530"
"2014-10533-27/05/2021","2 Metropolitan","PARK HOLME","5043","CC MARION.                    ",2,1,0,0,1,2014,"August","Tuesday","01:10 pm","060","Cross Road","Straight road","Level","Roadworks","Sealed","Dry","Not Raining","Daylight","Rear End","01","Driver Rider","2: MI","Traffic Signals","","",1324332.9,1663286.92,"13243331663287"
"2014-10534-27/05/2021","2 Metropolitan","GLANVILLE","5015","CITY OF PORT ADELAIDE ENFIELD",2,0,0,0,0,2014,"August","Tuesday","02:00 pm","060","Cross Road","Straight road","Level","Not Applicable","Sealed","Dry","Not Raining","Daylight","Right Angle","02","Driver Rider","1: PDO","Stop Sign","","",1318878.1,1679819.83,"13188781679820"
"2014-10535-27/05/2021","2 Metropolitan","MITCHELL PARK","5043","CC MARION.                    ",2,0,0,0,0,2014,"August","Monday","04:00 pm","050","Not Divided","Straight road","Level","Not Applicable","Sealed","Dry","Not Raining","Daylight","Rear End","02","Driver Rider","1: PDO","No Control","","",1324937.75,1663179.53,"13249381663180"
"2014-10536-27/05/2021","2 Metropolitan","NOARLUNGA CENTRE","5168","CITY OF ONKAPARINGA",2,0,0,0,0,2014,"August","Tuesday","06:10 am","040","T-Junction","Straight road","Level","Roadworks","Sealed","Wet","Not Raining","Night","Hit Fixed Object","01","Driver Rider","1: PDO","Traffic Signals","","",1318788.81,1647471.6,"13187891647472"
"2014-10537-27/05/2021","2 Metropolitan","WOODVILLE WEST","5011","CITY OF CHARLES STURT",2,0,0,0,0,2014,"August","Tuesday","02:35 pm","060","Multiple","Straight road","Level","Not Applicable","Sealed","Dry","Not Raining","Daylight","Right Angle","02","Driver Rider","1: PDO","Traffic Signals","","",1322387.2,1676199.15,"13223871676199"
"2014-10538-27/05/2021","2 Metropolitan","BEDFORD PARK","5042","CC MITCHAM.                   ",2,0,0,0,0,2014,"August","Tuesday","02:35 pm","060","Cross Road","Straight road","Level","Not Applicable","Sealed","Dry","Not Raining","Daylight","Rear End","01","Driver Rider","1: PDO","Traffic Signals","","",1325386.13,1660697.91,"13253861660698"
"2014-10539-27/05/2021","2 Metropolitan","ELIZABETH VALE","5112","CITY OF PLAYFORD.",2,0,0,0,0,2014,"August","Tuesday","02:45 pm","060","T-Junction","CURVED, VIEW OPEN","Slope","Not Applicable","Sealed","Dry","Not Raining","Daylight","Rear End","01","Driver Rider","1: PDO","Traffic Signals","","",1336141.79,1690279.18,"13361421690279"
"2014-10540-27/05/2021","2 Metropolitan","MAWSON LAKES","5095","CITY OF SALISBURY",2,0,0,0,0,2014,"August","Tuesday","03:15 pm","050","Cross Road","Straight road","Level","Not Applicable","Sealed","Dry","Not Raining","Daylight","Right Angle","01","Driver Rider","1: PDO","Give Way Sign","","",1330475.76,1683532.38,"13304761683532"
"2014-10541-27/05/2021","2 Metropolitan","BOLIVAR","5110","CITY OF SALISBURY",2,0,0,0,0,2014,"August","Tuesday","04:00 pm","090","Divided Road","Straight road","Level","Not Applicable","Sealed","Dry","Not Raining","Daylight","Rear End","01","Driver Rider","1: PDO","No Control","","",1328479.93,1688518.63,"13284801688519"
"2014-10542-27/05/2021","2 Metropolitan","HAMPSTEAD GARDENS","5086","CITY OF PORT ADELAIDE ENFIELD",2,1,0,0,1,2014,"August","Tuesday","03:11 pm","060","Divided Road","Straight road","Level","Driveway or Entrance","Sealed","Dry","Not Raining","Daylight","Hit Pedestrian","01","Driver Rider","2: MI","No Control","","",1331555.63,1676588.41,"13315561676588"
"2014-10543-27/05/2021","2 Metropolitan","GEPPS CROSS","5094","CITY OF PORT ADELAIDE ENFIELD",2,0,0,0,0,2014,"August","Tuesday","03:45 pm","060","Cross Road","Straight road","Level","Not Applicable","Sealed","Dry","Not Raining","Daylight","Rear End","02","Driver Rider","1: PDO","Traffic Signals","","",1330377.17,1679315.41,"13303771679315"
"2014-10544-27/05/2021","2 Metropolitan","ROYSTON PARK","5070","CC OF NORWOOD,PAYNEHAM & ST PETERS",2,1,0,0,1,2014,"August","Tuesday","03:30 pm","060","Not Divided","Straight road","Level","Not Applicable","Sealed","Dry","Not Raining","Daylight","Hit Fixed Object","01","Driver Rider","2: MI","No Control","Y","Y",1331983.42,1673560.52,"13319831673561"
"2014-10545-27/05/2021","2 Metropolitan","CHELTENHAM","5014","CITY OF CHARLES STURT",2,0,0,0,0,2014,"August","Monday","06:00 am","060","Divided Road","Straight road","Level","Not Applicable","Sealed","Dry","Not Raining","Night","Rear End","01","Driver Rider","1: PDO","No Control","","",1322229.23,1677342.21,"13222291677342"
"2014-10546-27/05/2021","2 Metropolitan","SALISBURY PLAIN","5109","CITY OF SALISBURY",3,1,0,0,1,2014,"August","Tuesday","02:50 pm","080","Cross Road","Straight road","Level","Not Applicable","Sealed","Dry","Not Raining","Daylight","Rear End","01","Driver Rider","2: MI","Traffic Signals","","",1335452.41,1688124.93,"13354521688125"
"2014-10547-27/05/2021","3 Country","MONARTO SOUTH","5254","RC MURRAY BRIDGE.             ",2,1,0,0,1,2014,"August","Monday","07:10 pm","100","T-Junction","Straight road","Level","Not Applicable","Sealed","Dry","Not Raining","Night","Right Angle","01","Driver Rider","2: MI","Give Way Sign","","",1380788.37,1646815.36,"13807881646815"
"2014-10548-27/05/2021","2 Metropolitan","MORPHETT VALE","5162","CITY OF ONKAPARINGA",3,0,0,0,0,2014,"August","Tuesday","06:45 pm","060","Cross Road","Straight road","Level","Not Applicable","Sealed","Dry","Not Raining","Night","Right Angle","02","Driver Rider","1: PDO","Roundabout","","",1321966.86,1648723.81,"13219671648724"
"2014-10549-27/05/2021","2 Metropolitan","PLYMPTON","5038","CITY OF WEST TORRENS",2,0,0,0,0,2014,"August","Tuesday","06:40 pm","060","Divided Road","Straight road","Level","Not Applicable","Sealed","Dry","Not Raining","Night","Hit Parked Vehicle","02","Driver Rider","1: PDO","No Control","","",1324087.27,1666477.26,"13240871666477"
"2014-10550-27/05/2021","2 Metropolitan","ROYAL PARK","5014","CITY OF CHARLES STURT",2,3,0,0,3,2014,"August","Tuesday","03:40 pm","060","T-Junction","Straight road","Level","Not Applicable","Sealed","Dry","Not Raining","Daylight","Right Angle","01","Driver Rider","2: MI","Give Way Sign","","",1319825.48,1677853.8,"13198251677854"
"2014-10551-27/05/2021","2 Metropolitan","WARRADALE","5046","CC MARION.                    ",2,0,0,0,0,2014,"August","Tuesday","06:25 pm","060","Cross Road","Straight road","Level","Not Applicable","Sealed","Dry","Not Raining","Night","Right Angle","02","Driver Rider","1: PDO","Traffic Signals","","",1321897.76,1663024.08,"13218981663024"
"2014-10552-27/05/2021","2 Metropolitan","FREWVILLE","5063","CITY OF BURNSIDE",2,0,0,0,0,2014,"August","Tuesday","06:20 pm","060","T-Junction","Straight road","Level","Not Applicable","Sealed","Dry","Not Raining","Night","Right Angle","02","Driver Rider","1: PDO","Give Way Sign","","",1330849.96,1668208.61,"13308501668209"
"2014-10553-27/05/2021","3 Country","NURIOOTPA","5355","LIGHT REGIONAL COUNCIL",2,2,1,1,0,2014,"August","Tuesday","03:20 pm","110","Not Divided","CURVED, VIEW OPEN","Level","Not Applicable","Sealed","Dry","Not Raining","Daylight","Head On","01","Driver Rider","4: Fatal","No Control","","",1363683.66,1721223.1,"13636841721223"
"2014-10554-27/05/2021","2 Metropolitan","BROOKLYN PARK","5032","CITY OF WEST TORRENS",3,1,0,0,1,2014,"August","Tuesday","04:55 pm","060","Divided Road","Straight road","Level","Not Applicable","Sealed","Dry","Not Raining","Daylight","Rear End","01","Driver Rider","2: MI","No Control","","",1323235.01,1670092.53,"13232351670093"
"2014-10555-27/05/2021","2 Metropolitan","WEST LAKES","5021","CITY OF CHARLES STURT",2,1,0,0,1,2014,"August","Tuesday","08:20 pm","060","Divided Road","Straight road","Level","Not Applicable","Sealed","Dry","Not Raining","Night","Hit Fixed Object","01","Driver Rider","2: MI","No Control","","",1318689.08,1676648.61,"13186891676649"
"2014-10556-27/05/2021","2 Metropolitan","WAYVILLE","5034","CITY OF UNLEY",3,1,0,0,1,2014,"August","Tuesday","06:20 pm","060","Divided Road","Straight road","Level","Not Applicable","Sealed","Dry","Not Raining","Night","Rear End","01","Driver Rider","2: MI","No Control","","",1327734.51,1668923.84,"13277351668924"
"2014-10557-27/05/2021","2 Metropolitan","PAYNEHAM","5070","CC OF NORWOOD,PAYNEHAM & ST PETERS",2,1,0,0,1,2014,"August","Tuesday","09:40 pm","060","Divided Road","Straight road","Level","Not Applicable","Sealed","Dry","Not Raining","Night","Hit Fixed Object","01","Driver Rider","2: MI","No Control","","",1332189.2,1673484.5,"13321891673485"