"REPORT_ID","Stats Area","Suburb","Postcode","LGA Name","Total Units","Total Cas","Total Fats","Total SI","Total MI","Year","Month","Day","Time","Area Speed","Position Type","Horizontal Align","Vertical Align","Other Feat","Road Surface","Moisture Cond","Weather Cond","DayNight","Crash Type","Unit Resp","Entity Code","CSEF Severity","Traffic Ctrls","DUI Involved","Drugs Involved","ACCLOC_X","ACCLOC_Y","UNIQUE_LOC"
"2014-10719-27/05/2021","2 Metropolitan","BELAIR","5052","CC MITCHAM.                   ",2,2,0,0,2,2014,"August","Sunday","07:25 am","060","Not Divided","CURVED, VIEW OPEN","Slope","Not Applicable","Sealed","Dry","Not Raining","Daylight","Head On","01","Driver Rider","2: MI","No Control","","",1330495.31,1661931.42,"13304951661931"
"2014-10720-27/05/2021","3 Country","AVON","5501","WAKEFIELD REGIONAL COUNCIL",2,1,0,0,1,2014,"August","Saturday","01:00 pm","100","T-Junction","CURVED, VIEW OBSCURED","Crest of Hill","Not Applicable","Unsealed","Dry","Not Raining","Daylight","Hit Fixed Object","01","Driver Rider","2: MI","Give Way Sign","","",1306486.98,1746039.64,"13064871746040"
"2014-10721-27/05/2021","2 Metropolitan","GOULD CREEK","5114","CITY OF TEA TREE GULLY",2,1,0,0,1,2014,"August","Sunday","01:10 pm","080","Not Divided","CURVED, VIEW OPEN","Slope","Not Applicable","Sealed","Dry","Not Raining","Daylight","Hit Fixed Object","01","Driver Rider","2: MI","No Control","","",1344540.68,1688755.92,"13445411688756"
"2014-10722-27/05/2021","2 Metropolitan","SEACOMBE GARDENS","5047","CC MARION.                    ",3,2,0,0,2,2014,"August","Sunday","12:30 pm","060","Divided Road","Straight road","Level","Not Applicable","Sealed","Dry","Not Raining","Daylight","Rear End","01","Driver Rider","2: MI","No Control","","",1323257.26,1660643.21,"13232571660643"
"2014-10723-27/05/2021","3 Country","BARMERA","5345","THE BERRI BARMERA COUNCIL",3,0,0,0,0,2014,"August","Sunday","01:00 am","100","Not Divided","Straight road","Level","Not Applicable","Sealed","Dry","Not Raining","Night","Hit Animal","02","Animal","1: PDO","No Control","","",1498529.44,1737782.25,"14985291737782"
"2014-10724-27/05/2021","2 Metropolitan","BRAHMA LODGE","5109","CITY OF SALISBURY",3,0,0,0,0,2014,"August","Sunday","01:35 pm","050","Not Divided","CURVED, VIEW OPEN","Level","Not Applicable","Sealed","Dry","Not Raining","Daylight","Hit Fixed Object","01","Driver Rider","1: PDO","No Control","","",1333803.97,1687195.07,"13338041687195"
"2014-10725-27/05/2021","3 Country","HINDMARSH VALLEY","5211","DC VICTOR HARBOR.             ",2,2,0,0,2,2014,"August","Sunday","10:37 am","100","Cross Road","Straight road","Level","Not Applicable","Sealed","Dry","Not Raining","Daylight","Right Angle","02","Driver Rider","2: MI","Give Way Sign","","",1328998.21,1607115.69,"13289981607116"
"2014-10726-27/05/2021","2 Metropolitan","KILBURN","5084","CITY OF PORT ADELAIDE ENFIELD",2,1,0,0,1,2014,"August","Sunday","01:30 pm","060","Divided Road","Straight road","Level","Driveway or Entrance","Sealed","Dry","Not Raining","Daylight","Right Turn","01","Driver Rider","2: MI","No Control","","",1327206.16,1677436.66,"13272061677437"
"2014-10727-27/05/2021","2 Metropolitan","DUDLEY PARK","5008","CITY OF PORT ADELAIDE ENFIELD",2,0,0,0,0,2014,"August","Saturday","07:05 pm","050","Not Divided","Straight road","Level","Driveway or Entrance","Sealed","Dry","Not Raining","Night","Hit Fixed Object","01","Driver Rider","1: PDO","No Control","","",1326522.01,1676332.57,"13265221676333"
"2014-10728-27/05/2021","2 Metropolitan","KLEMZIG","5087","CITY OF PORT ADELAIDE ENFIELD",2,1,0,0,1,2014,"August","Sunday","03:35 pm","060","Cross Road","Straight road","Level","Not Applicable","Sealed","Dry","Not Raining","Daylight","Right Angle","02","Driver Rider","2: MI","Give Way Sign","","",1332094.94,1675154.75,"13320951675155"
"2014-10729-27/05/2021","3 Country","MOUNT GAMBIER","5290","CC MT.GAMBIER.                ",2,0,0,0,0,2014,"August","Sunday","03:50 pm","050","Not Divided","Straight road","Level","Driveway or Entrance","Sealed","Dry","Not Raining","Daylight","Right Angle","02","Driver Rider","1: PDO","No Control","","",1509856.48,1340425.38,"15098561340425"
"2014-10730-27/05/2021","2 Metropolitan","PLYMPTON","5038","CITY OF WEST TORRENS",2,0,0,0,0,2014,"August","Sunday","04:00 pm","060","T-Junction","Straight road","Level","Not Applicable","Sealed","Dry","Not Raining","Daylight","Right Angle","02","Driver Rider","1: PDO","No Control","","",1324041.07,1666442.7,"13240411666443"
"2014-10731-27/05/2021","2 Metropolitan","SALISBURY NORTH","5108","CITY OF SALISBURY",3,0,0,0,0,2014,"August","Saturday","11:15 pm","060","Not Divided","Straight road","Level","Road hump or Slow point","Sealed","Dry","Not Raining","Night","Side Swipe","02","Driver Rider","1: PDO","No Control","","",1332483.48,1690377.48,"13324831690377"
"2014-10732-27/05/2021","2 Metropolitan","PLYMPTON","5038","CITY OF WEST TORRENS",3,1,0,0,1,2014,"August","Sunday","03:50 pm","060","Divided Road","Straight road","Level","Not Applicable","Sealed","Dry","Not Raining","Daylight","Rear End","01","Driver Rider","2: MI","No Control","","",1324636.69,1666858.69,"13246371666859"
"2014-10733-27/05/2021","2 Metropolitan","GILLES PLAINS","5086","CITY OF PORT ADELAIDE ENFIELD",3,0,0,0,0,2014,"August","Sunday","04:00 pm","060","T-Junction","Straight road","Level","Not Applicable","Sealed","Dry","Not Raining","Daylight","Rear End","01","Driver Rider","1: PDO","No Control","","",1334150.21,1678269.42,"13341501678269"
"2014-10734-27/05/2021","2 Metropolitan","BLACK FOREST","5035","CITY OF UNLEY",2,0,0,0,0,2014,"August","Friday","06:35 pm","040","Not Divided","Straight road","Level","Not Applicable","Sealed","Dry","Not Raining","Night","Hit Parked Vehicle","02","Driver Rider","1: PDO","No Control","","",1325964.48,1666779.69,"13259641666780"
"2014-10735-27/05/2021","3 Country","SNOWTOWN","5520","WAKEFIELD REGIONAL COUNCIL",2,0,0,0,0,2014,"August","Tuesday","05:10 pm","110","Not Divided","Straight road","Level","Not Applicable","Sealed","Dry","Not Raining","Daylight","Side Swipe","01","Driver Rider","1: PDO","No Control","","",1296781.12,1801599.82,"12967811801600"
"2014-10736-27/05/2021","3 Country","LOCHIEL","5510","WAKEFIELD REGIONAL COUNCIL",3,0,0,0,0,2014,"August","Friday","01:35 pm","110","Not Divided","CURVED, VIEW OPEN","Crest of Hill","Not Applicable","Sealed","Dry","Not Raining","Daylight","Roll Over","09","Other","1: PDO","No Control","","",1292182.59,1780000.05,"12921831780000"
"2014-10737-27/05/2021","2 Metropolitan","ALBERT PARK","5014","CITY OF CHARLES STURT",2,1,0,0,1,2014,"August","Sunday","05:30 pm","060","Cross Road","Straight road","Level","Not Applicable","Sealed","Dry","Not Raining","Daylight","Right Angle","01","Driver Rider","2: MI","Traffic Signals","","",1321444.17,1675569.1,"13214441675569"
"2014-10738-27/05/2021","2 Metropolitan","UNLEY","5063","CITY OF UNLEY",2,0,0,0,0,2014,"August","Sunday","08:45 pm","060","Cross Road","Straight road","Level","Not Applicable","Sealed","Dry","Not Raining","Night","Right Turn","02","Driver Rider","1: PDO","Stop Sign","","",1329069.58,1668563.26,"13290701668563"
"2014-10739-27/05/2021","3 Country","MURRAY BRIDGE","5253","RC MURRAY BRIDGE.             ",2,1,0,0,1,2014,"August","Sunday","07:55 pm","110","Freeway","Straight road","Slope","Not Applicable","Sealed","Dry","Not Raining","Night","Rear End","02","Driver Rider","2: MI","No Control","","Y",1386524.58,1644391.99,"13865251644392"
"2014-10740-27/05/2021","2 Metropolitan","MARDEN","5070","CC OF NORWOOD,PAYNEHAM & ST PETERS",2,0,0,0,0,2014,"August","Sunday","10:30 pm","060","Divided Road","Straight road","Slope","Not Applicable","Sealed","Dry","Not Raining","Night","Rear End","01","Driver Rider","1: PDO","No Control","","",1331792.04,1674193.51,"13317921674194"
"2014-10741-27/05/2021","2 Metropolitan","KIDMAN PARK","5025","CITY OF CHARLES STURT",2,3,0,0,3,2014,"August","Sunday","10:04 am","060","Cross Road","Straight road","Level","Not Applicable","Sealed","Dry","Not Raining","Daylight","Right Angle","01","Driver Rider","2: MI","Traffic Signals","","",1322419.52,1673125.07,"13224201673125"
"2014-10742-27/05/2021","2 Metropolitan","WEST HINDMARSH","5007","CITY OF CHARLES STURT",2,0,0,0,0,2014,"August","Sunday","10:30 pm","060","Cross Road","Straight road","Level","Not Applicable","Sealed","Dry","Not Raining","Night","Right Turn","01","Driver Rider","1: PDO","Traffic Signals","","",1325421.27,1673141.18,"13254211673141"
"2014-10743-27/05/2021","2 Metropolitan","WALKLEY HEIGHTS","5098","CITY OF SALISBURY",3,2,0,0,2,2014,"August","Sunday","10:50 pm","060","Divided Road","Straight road","Level","Not Applicable","Sealed","Dry","Not Raining","Night","Rear End","01","Driver Rider","2: MI","No Control","","",1331187.11,1680583.34,"13311871680583"
"2014-10744-27/05/2021","2 Metropolitan","HENLEY BEACH SOUTH","5022","CITY OF CHARLES STURT",4,1,0,1,0,2014,"August","Monday","01:55 am","050","Divided Road","Straight road","Level","Not Applicable","Sealed","Dry","Not Raining","Night","Hit Parked Vehicle","01","Driver Rider","3: SI","Traffic Signals","Y","",1319610.93,1671007.51,"13196111671008"
"2014-10745-27/05/2021","2 Metropolitan","WOODVILLE WEST","5011","CITY OF CHARLES STURT",2,0,0,0,0,2014,"August","Monday","12:30 am","050","Not Divided","Straight road","Level","Not Applicable","Sealed","Dry","Not Raining","Night","Hit Fixed Object","01","Driver Rider","1: PDO","No Control","Y","",1321887.05,1675076.43,"13218871675076"
"2014-10746-27/05/2021","2 Metropolitan","PARAFIELD GARDENS","5107","CITY OF SALISBURY",2,1,0,0,1,2014,"August","Sunday","03:10 pm","060","T-Junction","Straight road","Level","Not Applicable","Sealed","Dry","Not Raining","Daylight","Right Angle","01","Driver Rider","2: MI","No Control","","",1329981.36,1684973.48,"13299811684973"
"2014-10747-27/05/2021","2 Metropolitan","HACKNEY","5069","CC OF NORWOOD,PAYNEHAM & ST PETERS",2,0,0,0,0,2014,"August","Monday","06:40 am","060","Cross Road","Straight road","Level","Not Applicable","Sealed","Dry","Not Raining","Night","Right Angle","02","Driver Rider","1: PDO","Traffic Signals","","",1329902.14,1671311.39,"13299021671311"
"2014-10748-27/05/2021","3 Country","SADDLEWORTH","5413","CLARE AND GILBERT VALLEYS DISTRICT COUNCIL",2,0,0,0,0,2014,"August","Thursday","10:15 pm","100","Not Divided","Straight road","Level","Not Applicable","Unsealed","Dry","Not Raining","Night","Hit Fixed Object","01","Driver Rider","1: PDO","No Control","","",1350975.76,1765902.91,"13509761765903"
"2014-10749-27/05/2021","2 Metropolitan","ABERFOYLE PARK","5159","CITY OF ONKAPARINGA",2,1,0,0,1,2014,"August","Monday","08:30 am","050","T-Junction","Straight road","Bottom of Hill","Not Applicable","Sealed","Dry","Not Raining","Daylight","Right Angle","02","Driver Rider","2: MI","No Control","","",1328468.6,1654399.52,"13284691654400"
"2014-10750-27/05/2021","2 Metropolitan","MARDEN","5070","CC OF NORWOOD,PAYNEHAM & ST PETERS",2,0,0,0,0,2014,"August","Friday","05:00 pm","060","Divided Road","Straight road","Slope","Driveway or Entrance","Sealed","Dry","Not Raining","Daylight","Right Angle","02","Driver Rider","1: PDO","No Control","","",1332030.08,1673941.11,"13320301673941"
"2014-10751-27/05/2021","2 Metropolitan","GOLDEN GROVE","5125","CITY OF TEA TREE GULLY",2,0,0,0,0,2014,"August","Monday","11:30 am","050","Not Divided","Straight road","Slope","Driveway or Entrance","Sealed","Dry","Not Raining","Daylight","Right Turn","01","Driver Rider","1: PDO","No Control","","",1340655.03,1687389.79,"13406551687390"
"2014-10752-27/05/2021","2 Metropolitan","ROSSLYN PARK","5072","CITY OF BURNSIDE",2,0,0,0,0,2014,"August","Monday","11:45 am","060","Not Divided","Straight road","Level","Not Applicable","Sealed","Dry","Not Raining","Daylight","Hit Parked Vehicle","02","Driver Rider","1: PDO","No Control","","",1335506.07,1670933.79,"13355061670934"
"2014-10753-27/05/2021","2 Metropolitan","LOCKLEYS","5032","CITY OF WEST TORRENS",2,0,0,0,0,2014,"August","Saturday","11:55 pm","050","Not Divided","Straight road","Level","Not Applicable","Sealed","Dry","Not Raining","Night","Hit Fixed Object","01","Driver Rider","1: PDO","No Control","","",1321504.89,1671376.1,"13215051671376"
"2014-10754-27/05/2021","2 Metropolitan","BRIDGEWATER","5155","THE ADELAIDE HILLS COUNCIL",2,2,0,0,2,2014,"August","Monday","10:10 am","110","Freeway","Straight road","Slope","Not Applicable","Sealed","Dry","Not Raining","Daylight","Side Swipe","09","Other","2: MI","No Control","","",1344859.55,1660266.84,"13448601660267"
"2014-10755-27/05/2021","2 Metropolitan","HOPE VALLEY","5090","CITY OF TEA TREE GULLY",2,0,0,0,0,2014,"August","Monday","07:20 am","050","Not Divided","Straight road","Level","Driveway or Entrance","Sealed","Dry","Not Raining","Daylight","Right Angle","01","Driver Rider","1: PDO","No Control","","",1339702.61,1680055.09,"13397031680055"
"2014-10756-27/05/2021","2 Metropolitan","HAPPY VALLEY","5159","CITY OF ONKAPARINGA",2,0,0,0,0,2014,"August","Monday","11:00 am","070","T-Junction","Straight road","Level","Not Applicable","Sealed","Dry","Not Raining","Daylight","Hit Fixed Object","01","Driver Rider","1: PDO","Give Way Sign","","",1324619.29,1653790.6,"13246191653791"
"2014-10757-27/05/2021","2 Metropolitan","DRY CREEK","5094","CITY OF SALISBURY",2,0,0,0,0,2014,"August","Monday","11:45 am","080","T-Junction","Straight road","Level","Not Applicable","Sealed","Dry","Not Raining","Daylight","Rear End","02","Driver Rider","1: PDO","Traffic Signals","","",1328672.58,1683237.82,"13286731683238"
"2014-10758-27/05/2021","2 Metropolitan","SPRINGFIELD","5062","CC MITCHAM.                   ",2,0,0,0,0,2014,"August","Monday","11:35 am","050","T-Junction","Straight road","Slope","Not Applicable","Sealed","Dry","Not Raining","Daylight","Other","01","Driver Rider","1: PDO","No Control","","",1331375.72,1665212.69,"13313761665213"
"2014-10759-27/05/2021","3 Country","PORT LINCOLN","5606","CC PT.LINCOLN.                ",2,1,0,0,1,2014,"July","Monday","10:30 am","050","Divided Road","Straight road","Level","Not Applicable","Sealed","Dry","Not Raining","Daylight","Hit Pedestrian","02","Driver Rider","2: MI","No Control","","",1078584.35,1698370.98,"10785841698371"
"2014-10760-27/05/2021","2 Metropolitan","CAMPBELLTOWN","5074","CC CAMPBELLTOWN.              ",2,0,0,0,0,2014,"August","Monday","01:20 pm","060","Divided Road","Straight road","Level","Driveway or Entrance","Sealed","Dry","Not Raining","Daylight","Right Angle","02","Driver Rider","1: PDO","No Control","","",1334164.02,1675198.1,"13341641675198"
"2014-10761-27/05/2021","2 Metropolitan","WOODSIDE","5244","THE ADELAIDE HILLS COUNCIL",2,1,0,1,0,2014,"August","Sunday","11:30 am","100","Not Divided","CURVED, VIEW OPEN","Crest of Hill","Not Applicable","Sealed","Dry","Not Raining","Daylight","Head On","01","Driver Rider","3: SI","No Control","","",1360852.86,1667039.55,"13608531667040"
"2014-10762-27/05/2021","2 Metropolitan","SALISBURY EAST","5109","CITY OF SALISBURY",2,0,0,0,0,2014,"August","Monday","11:50 am","080","Divided Road","Straight road","Level","Not Applicable","Sealed","Dry","Not Raining","Daylight","Hit Fixed Object","01","Driver Rider","1: PDO","No Control","","",1333531.93,1685664.56,"13335321685665"
"2014-10763-27/05/2021","2 Metropolitan","VISTA","5091","CITY OF TEA TREE GULLY",3,1,0,1,0,2014,"August","Monday","01:40 pm","060","Not Divided","CURVED, VIEW OPEN","Slope","Not Applicable","Sealed","Dry","Not Raining","Daylight","Hit Fixed Object","01","Driver Rider","3: SI","No Control","","",1340218.02,1679763.74,"13402181679764"
"2014-10764-27/05/2021","2 Metropolitan","DARLINGTON","5047","CITY OF ONKAPARINGA",2,1,0,0,1,2014,"August","Monday","03:00 pm","070","T-Junction","Straight road","Level","Not Applicable","Sealed","Dry","Not Raining","Daylight","Rear End","02","Driver Rider","2: MI","No Control","","",1324685.2,1659905.51,"13246851659906"
"2014-10765-27/05/2021","3 Country","LONG PLAINS","5501","DC MALLALA.                   ",2,3,1,2,0,2014,"August","Monday","10:20 am","100","Cross Road","Straight road","Level","Not Applicable","Unsealed","Dry","Not Raining","Daylight","Right Angle","01","Driver Rider","4: Fatal","Give Way Sign","","",1307621.69,1733872.09,"13076221733872"
"2014-10766-27/05/2021","2 Metropolitan","BEDFORD PARK","5042","CC MITCHAM.                   ",2,0,0,0,0,2014,"August","Monday","02:00 pm","050","T-Junction","Straight road","Level","Not Applicable","Sealed","Dry","Not Raining","Daylight","Right Angle","01","Driver Rider","1: PDO","Stop Sign","","",1325289.83,1659603.03,"13252901659603"
"2014-10767-27/05/2021","2 Metropolitan","ELIZABETH VALE","5112","CITY OF PLAYFORD.",2,0,0,0,0,2014,"August","Monday","04:20 pm","080","Divided Road","Straight road","Level","Not Applicable","Sealed","Dry","Not Raining","Daylight","Rear End","02","Driver Rider","1: PDO","No Control","","",1336128.87,1690741.97,"13361291690742"
"2014-10768-27/05/2021","2 Metropolitan","SOUTH PLYMPTON","5038","CC MARION.                    ",2,0,0,0,0,2014,"August","Monday","04:15 pm","050","Not Divided","Straight road","Level","Not Applicable","Sealed","Dry","Not Raining","Daylight","Rear End","01","Driver Rider","1: PDO","No Control","","",1325049.89,1666263.52,"13250501666264"
"2014-10769-27/05/2021","2 Metropolitan","SEAFORD MEADOWS","5169","CITY OF ONKAPARINGA",2,2,0,0,2,2014,"August","Monday","04:45 pm","060","Not Divided","Straight road","Level","Driveway or Entrance","Sealed","Dry","Not Raining","Daylight","Rear End","02","Driver Rider","2: MI","No Control","","",1317995.58,1642814.8,"13179961642815"
"2014-10770-27/05/2021","2 Metropolitan","BEDFORD PARK","5042","CC MITCHAM.                   ",3,0,0,0,0,2014,"August","Sunday","01:00 pm","050","Divided Road","Straight road","Level","Not Applicable","Sealed","Dry","Not Raining","Daylight","Rear End","01","Driver Rider","1: PDO","No Control","","",1325455.13,1659971.34,"13254551659971"
"2014-10771-27/05/2021","2 Metropolitan","LEABROOK","5068","CITY OF BURNSIDE",3,2,0,0,2,2014,"August","Monday","05:50 pm","060","Cross Road","Straight road","Level","Not Applicable","Sealed","Dry","Not Raining","Daylight","Right Angle","01","Driver Rider","2: MI","Traffic Signals","","",1333899.19,1670462.72,"13338991670463"
"2014-10772-27/05/2021","1 City","ADELAIDE","5000","CITY OF ADELAIDE",2,0,0,0,0,2014,"August","Monday","03:55 pm","050","Cross Road","Straight road","Level","Not Applicable","Sealed","Dry","Not Raining","Daylight","Right Turn","02","Driver Rider","1: PDO","Traffic Signals","","",1328463.96,1670516.22,"13284641670516"
"2014-10773-27/05/2021","3 Country","MURTHO","5340","DC RENMARK PARINGA            ",2,0,0,0,0,2014,"August","Monday","07:47 pm","100","Not Divided","Straight road","Level","Not Applicable","Sealed","Dry","Not Raining","Night","Rear End","02","Driver Rider","1: PDO","No Control","","",1535314.05,1752342.23,"15353141752342"
"2014-10774-27/05/2021","3 Country","TRURO","5356","MID MURRAY DISTRICT COUNCIL",2,0,0,0,0,2014,"August","Monday","03:18 pm","050","Not Divided","CURVED, VIEW OPEN","Slope","Not Applicable","Sealed","Dry","Not Raining","Daylight","Hit Fixed Object","01","Driver Rider","1: PDO","No Control","","",1379076.36,1726060.84,"13790761726061"
"2014-10775-27/05/2021","2 Metropolitan","BRIGHTON","5048","CITY OF HOLDFAST BAY",2,0,0,0,0,2014,"August","Monday","05:30 pm","050","Cross Road","Straight road","Level","Road hump or Slow point","Sealed","Dry","Not Raining","Daylight","Right Angle","02","Driver Rider","1: PDO","Stop Sign","","",1320752.68,1660795.69,"13207531660796"
"2014-10776-27/05/2021","2 Metropolitan","ATHELSTONE","5076","CC CAMPBELLTOWN.              ",2,1,0,0,1,2014,"August","Monday","07:40 pm","050","Not Divided","Straight road","Slope","Not Applicable","Sealed","Dry","Not Raining","Night","Hit Pedestrian","01","Driver Rider","2: MI","No Control","","",1337206.57,1675317.51,"13372071675318"
"2014-10777-27/05/2021","2 Metropolitan","MOANA","5169","CITY OF ONKAPARINGA",2,1,0,0,1,2014,"August","Monday","10:00 pm","050","T-Junction","Straight road","Bottom of Hill","Not Applicable","Sealed","Dry","Not Raining","Night","Hit Fixed Object","01","Driver Rider","2: MI","Roundabout","","",1315956.32,1640914.66,"13159561640915"
"2014-10778-27/05/2021","2 Metropolitan","CLEARVIEW","5085","CITY OF PORT ADELAIDE ENFIELD",2,0,0,0,0,2014,"August","Monday","09:30 pm","050","Not Divided","CURVED, VIEW OPEN","Level","Not Applicable","Sealed","Dry","Not Raining","Night","Hit Fixed Object","01","Driver Rider","1: PDO","No Control","Y","",1330281.82,1678494.77,"13302821678495"
"2014-10779-27/05/2021","2 Metropolitan","PARA HILLS WEST","5096","CITY OF SALISBURY",2,0,0,0,0,2014,"August","Monday","09:55 pm","060","Cross Road","Straight road","Level","Not Applicable","Sealed","Dry","Not Raining","Night","Right Turn","01","Driver Rider","1: PDO","Traffic Signals","","",1333434.52,1683702.92,"13334351683703"
"2014-10780-27/05/2021","2 Metropolitan","MORPHETT VALE","5162","CITY OF ONKAPARINGA",2,2,0,0,2,2014,"August","Monday","06:30 am","060","Cross Road","Straight road","Level","Not Applicable","Sealed","Dry","Not Raining","Night","Rear End","01","Driver Rider","2: MI","Traffic Signals","","Y",1320810.01,1648695.32,"13208101648695"
"2014-10781-27/05/2021","2 Metropolitan","POORAKA","5095","CITY OF SALISBURY",2,0,0,0,0,2014,"August","Monday","05:15 pm","080","T-Junction","Straight road","Level","Not Applicable","Sealed","Dry","Not Raining","Daylight","Right Angle","02","Driver Rider","1: PDO","Stop Sign","","",1331536.65,1683142.51,"13315371683143"
"2014-10782-27/05/2021","2 Metropolitan","ECHUNGA","5153","DC MT.BARKER.                 ",2,0,0,0,0,2014,"August","Tuesday","05:00 am","100","Not Divided","Straight road","Level","Not Applicable","Unsealed","Dry","Not Raining","Night","Hit Fixed Object","01","Driver Rider","1: PDO","No Control","","",1348234.28,1652834.07,"13482341652834"
"2014-10783-27/05/2021","2 Metropolitan","GREENWITH","5125","CITY OF TEA TREE GULLY",2,1,0,0,1,2014,"August","Tuesday","06:55 am","060","Cross Road","Straight road","Level","Not Applicable","Sealed","Dry","Not Raining","Daylight","Right Angle","01","Driver Rider","2: MI","Roundabout","","",1339701.4,1687043.21,"13397011687043"
"2014-10784-27/05/2021","2 Metropolitan","INGLE FARM","5098","CITY OF SALISBURY",2,0,0,0,0,2014,"August","Tuesday","08:30 am","060","Divided Road","Straight road","Slope","Not Applicable","Sealed","Dry","Not Raining","Daylight","Side Swipe","01","Driver Rider","1: PDO","No Control","","",1333047.46,1681436.68,"13330471681437"
"2014-10785-27/05/2021","2 Metropolitan","PARALOWIE","5108","CITY OF SALISBURY",2,0,0,0,0,2014,"August","Tuesday","08:05 am","060","Divided Road","Straight road","Level","Driveway or Entrance","Sealed","Dry","Not Raining","Daylight","Right Angle","02","Driver Rider","1: PDO","No Control","","",1328823.93,1689147.52,"13288241689148"
"2014-10786-27/05/2021","2 Metropolitan","PAYNEHAM","5070","CC OF NORWOOD,PAYNEHAM & ST PETERS",3,1,0,0,1,2014,"August","Tuesday","07:35 am","060","Cross Road","Straight road","Level","Not Applicable","Sealed","Dry","Not Raining","Daylight","Right Turn","02","Driver Rider","2: MI","Traffic Signals","","",1332162.99,1673774.81,"13321631673775"
"2014-10787-27/05/2021","2 Metropolitan","CHANDLERS HILL","5159","CITY OF ONKAPARINGA",2,1,0,0,1,2014,"August","Monday","01:30 pm","070","T-Junction","Straight road","Level","Not Applicable","Sealed","Dry","Not Raining","Daylight","Hit Fixed Object","01","Driver Rider","2: MI","Give Way Sign","","",1330463.74,1654360.82,"13304641654361"
"2014-10788-27/05/2021","2 Metropolitan","KLEMZIG","5087","CITY OF PORT ADELAIDE ENFIELD",2,1,0,0,1,2014,"August","Tuesday","08:00 am","050","Not Divided","Straight road","Level","Driveway or Entrance","Sealed","Dry","Not Raining","Daylight","Hit Fixed Object","01","Driver Rider","2: MI","No Control","Y","",1332474.5,1676509,"13324751676509"
"2014-10789-27/05/2021","2 Metropolitan","MITCHAM","5062","CC MITCHAM.                   ",4,0,0,0,0,2014,"August","Tuesday","08:30 am","060","Divided Road","Straight road","Slope","Not Applicable","Sealed","Dry","Not Raining","Daylight","Rear End","01","Driver Rider","1: PDO","No Control","","",1330400.37,1664639.63,"13304001664640"
"2014-10790-27/05/2021","3 Country","TANUNDA","5352","THE BAROSSA COUNCIL.",2,1,0,0,1,2014,"August","Monday","05:30 pm","050","Not Divided","Straight road","Level","Driveway or Entrance","Sealed","Dry","Not Raining","Daylight","Rear End","01","Driver Rider","2: MI","No Control","","",1362441.64,1713607.2,"13624421713607"
"2014-10791-27/05/2021","2 Metropolitan","PARADISE","5075","CC CAMPBELLTOWN.              ",2,0,0,0,0,2014,"August","Tuesday","09:00 am","060","T-Junction","Straight road","Level","Not Applicable","Sealed","Dry","Not Raining","Daylight","Right Turn","01","Driver Rider","1: PDO","No Control","","",1334812.09,1676500.53,"13348121676501"
"2014-10792-27/05/2021","1 City","ADELAIDE","5000","CITY OF ADELAIDE",2,0,0,0,0,2014,"August","Tuesday","10:55 am","050","Cross Road","Straight road","Level","Not Applicable","Sealed","Dry","Not Raining","Daylight","Side Swipe","02","Driver Rider","1: PDO","Traffic Signals","","",1328466.7,1671134.19,"13284671671134"
"2014-10793-27/05/2021","2 Metropolitan","EVANSTON PARK","5116","CT GAWLER.                    ",2,1,0,0,1,2014,"August","Tuesday","11:45 am","060","Cross Road","Straight road","Level","Not Applicable","Sealed","Dry","Not Raining","Daylight","Right Angle","01","Driver Rider","2: MI","No Control","","Y",1342467.26,1704020.67,"13424671704021"
"2014-10794-27/05/2021","2 Metropolitan","GRANGE","5022","CITY OF CHARLES STURT",2,2,0,0,2,2014,"August","Tuesday","10:40 am","060","T-Junction","Straight road","Level","Not Applicable","Sealed","Dry","Not Raining","Daylight","Side Swipe","01","Driver Rider","2: MI","No Control","","",1319954.37,1673150.65,"13199541673151"
"2014-10795-27/05/2021","3 Country","POLDA","5670","DC ELLISTON.                  ",2,1,0,1,0,2014,"August","Monday","05:30 pm","100","Not Divided","CURVED, VIEW OPEN","Slope","Not Applicable","Sealed","Dry","Not Raining","Daylight","Roll Over","01","Driver Rider","3: SI","No Control","Y","",1046462.32,1830253.19,"10464621830253"
"2014-10796-27/05/2021","2 Metropolitan","SOUTH PLYMPTON","5038","CC MARION.                    ",2,1,0,0,1,2014,"August","Tuesday","03:00 pm","060","Divided Road","Straight road","Level","Not Applicable","Sealed","Dry","Not Raining","Daylight","Side Swipe","01","Driver Rider","2: MI","No Control","","",1324254.93,1665536.87,"13242551665537"
"2014-10797-27/05/2021","2 Metropolitan","ELIZABETH","5112","CITY OF PLAYFORD.",2,1,0,0,1,2014,"August","Tuesday","03:20 pm","050","Divided Road","Straight road","Level","Not Applicable","Sealed","Dry","Not Raining","Daylight","Rear End","02","Driver Rider","2: MI","No Control","","",1335308.79,1693231.35,"13353091693231"
"2014-10798-27/05/2021","3 Country","APPILA","5480","DC MT.REMARKABLE.             ",2,0,0,0,0,2014,"August","Tuesday","10:25 am","100","Cross Road","CURVED, VIEW OPEN","Level","Not Applicable","Sealed","Dry","Not Raining","Daylight","Hit Fixed Object","01","Driver Rider","1: PDO","No Control","","",1319277.61,1879062.26,"13192781879062"
"2014-10799-27/05/2021","3 Country","BEACHPORT","5280","WATTLE RANGE COUNCIL",1,1,0,0,1,2014,"August","Sunday","11:00 am","060","Not Divided","Straight road","Level","Not Applicable","Sealed","Dry","Not Raining","Daylight","Roll Over","01","Driver Rider","2: MI","No Control","","",1442228.8,1383549.28,"14422291383549"