"REPORT_ID","Stats Area","Suburb","Postcode","LGA Name","Total Units","Total Cas","Total Fats","Total SI","Total MI","Year","Month","Day","Time","Area Speed","Position Type","Horizontal Align","Vertical Align","Other Feat","Road Surface","Moisture Cond","Weather Cond","DayNight","Crash Type","Unit Resp","Entity Code","CSEF Severity","Traffic Ctrls","DUI Involved","Drugs Involved","ACCLOC_X","ACCLOC_Y","UNIQUE_LOC"
"2014-11681-27/05/2021","2 Metropolitan","OLD REYNELLA","5161","CITY OF ONKAPARINGA",2,0,0,0,0,2014,"September","Tuesday","03:15 pm","050","Not Divided","Straight road","Level","Driveway or Entrance","Sealed","Dry","Not Raining","Daylight","Rear End","02","Driver Rider","1: PDO","No Control","","",1322267.23,1652218.81,"13222671652219"
"2014-11682-27/05/2021","2 Metropolitan","GEPPS CROSS","5094","CITY OF PORT ADELAIDE ENFIELD",2,0,0,0,0,2014,"September","Tuesday","04:50 pm","060","Divided Road","Straight road","Level","Not Applicable","Sealed","Dry","Not Raining","Daylight","Rear End","02","Driver Rider","1: PDO","No Control","","",1330793.26,1679965.51,"13307931679966"
"2014-11683-27/05/2021","2 Metropolitan","BEDFORD PARK","5042","CC MITCHAM.                   ",2,0,0,0,0,2014,"September","Tuesday","03:50 pm","070","Divided Road","Straight road","Level","Not Applicable","Sealed","Dry","Not Raining","Daylight","Side Swipe","01","Driver Rider","1: PDO","No Control","","",1325487.7,1660768.96,"13254881660769"
"2014-11684-27/05/2021","2 Metropolitan","WELLAND","5007","CITY OF CHARLES STURT",2,1,0,0,1,2014,"September","Tuesday","02:45 pm","060","T-Junction","Straight road","Level","Not Applicable","Sealed","Dry","Not Raining","Daylight","Right Angle","01","Driver Rider","2: MI","Give Way Sign","","",1324914.02,1674013.33,"13249141674013"
"2014-11685-27/05/2021","2 Metropolitan","COLLINSWOOD","5081","CITY OF PROSPECT",3,0,0,0,0,2014,"September","Tuesday","04:30 pm","060","T-Junction","Straight road","Level","Not Applicable","Sealed","Dry","Not Raining","Daylight","Right Turn","01","Driver Rider","1: PDO","No Control","","",1330284.03,1675048.18,"13302841675048"
"2014-11686-27/05/2021","2 Metropolitan","LEABROOK","5068","CITY OF BURNSIDE",2,0,0,0,0,2014,"September","Tuesday","05:30 pm","050","Not Divided","Straight road","Level","Driveway or Entrance","Sealed","Dry","Not Raining","Daylight","Side Swipe","02","Driver Rider","1: PDO","No Control","","",1333275.67,1670302.22,"13332761670302"
"2014-11687-27/05/2021","3 Country","THE GAP","5271","DC NARACOORTE & LUCINDALE.",2,2,0,2,0,2014,"September","Tuesday","03:15 pm","110","Not Divided","CURVED, VIEW OPEN","Crest of Hill","Not Applicable","Sealed","Dry","Not Raining","Daylight","Hit Fixed Object","01","Driver Rider","3: SI","No Control","","",1505877.87,1467194.4,"15058781467194"
"2014-11688-27/05/2021","2 Metropolitan","PANORAMA","5041","CC MITCHAM.                   ",2,1,0,0,1,2014,"September","Tuesday","03:30 pm","060","T-Junction","Straight road","Level","Not Applicable","Sealed","Dry","Not Raining","Daylight","Side Swipe","02","Driver Rider","2: MI","Traffic Signals","","",1327592.73,1663487.35,"13275931663487"
"2014-11689-27/05/2021","2 Metropolitan","SMITHFIELD","5114","CITY OF PLAYFORD.",4,0,0,0,0,2014,"September","Tuesday","05:20 pm","080","Divided Road","Straight road","Level","Not Applicable","Sealed","Wet","Raining","Daylight","Hit Fixed Object","01","Driver Rider","1: PDO","No Control","","",1337668.45,1696753.81,"13376681696754"
"2014-11690-27/05/2021","2 Metropolitan","POORAKA","5095","CITY OF SALISBURY",2,1,0,0,1,2014,"September","Tuesday","05:25 pm","070","Cross Road","Straight road","Level","Not Applicable","Sealed","Wet","Not Raining","Daylight","Hit Fixed Object","01","Driver Rider","2: MI","Traffic Signals","","Y",1330489.22,1681819.14,"13304891681819"
"2014-11691-27/05/2021","2 Metropolitan","KLEMZIG","5087","CITY OF PORT ADELAIDE ENFIELD",2,2,0,0,2,2014,"September","Tuesday","05:10 pm","060","Not Divided","Straight road","Level","Not Applicable","Sealed","Dry","Not Raining","Daylight","Side Swipe","02","Driver Rider","2: MI","No Control","","",1332068.33,1675226.26,"13320681675226"
"2014-11692-27/05/2021","2 Metropolitan","MEDINDIE","5081","WALKERVILLE TOWN COUNCIL",2,0,0,0,0,2014,"September","Tuesday","05:45 pm","060","T-Junction","Straight road","Slope","Median Opening (not at I/S)","Sealed","Dry","Not Raining","Daylight","Right Angle","01","Driver Rider","1: PDO","No Control","","",1329191.28,1673369.38,"13291911673369"
"2014-11693-27/05/2021","2 Metropolitan","GLENELG SOUTH","5045","CITY OF HOLDFAST BAY",2,0,0,0,0,2014,"September","Monday","03:00 pm","060","T-Junction","Straight road","Level","Not Applicable","Sealed","Dry","Not Raining","Daylight","Right Angle","01","Driver Rider","1: PDO","Stop Sign","","",1321044.67,1664020.66,"13210451664021"
"2014-11694-27/05/2021","2 Metropolitan","SEACOMBE HEIGHTS","5047","CC MARION.                    ",2,0,0,0,0,2014,"September","Tuesday","04:50 pm","060","T-Junction","Straight road","Level","Not Applicable","Sealed","Dry","Not Raining","Daylight","Side Swipe","01","Driver Rider","1: PDO","No Control","","",1323136.05,1659408.9,"13231361659409"
"2014-11695-27/05/2021","2 Metropolitan","RENOWN PARK","5008","CITY OF CHARLES STURT",2,0,0,0,0,2014,"September","Tuesday","06:50 pm","060","Not Divided","Straight road","Level","Not Applicable","Sealed","Dry","Not Raining","Night","Side Swipe","01","Driver Rider","1: PDO","No Control","","",1327126.44,1673950.52,"13271261673951"
"2014-11696-27/05/2021","2 Metropolitan","GILLES PLAINS","5086","CITY OF PORT ADELAIDE ENFIELD",2,0,0,0,0,2014,"September","Tuesday","05:30 pm","060","T-Junction","Straight road","Level","Not Applicable","Sealed","Dry","Not Raining","Daylight","Right Angle","02","Driver Rider","1: PDO","Stop Sign","","",1333698.17,1677996.07,"13336981677996"
"2014-11697-27/05/2021","2 Metropolitan","BASKET RANGE","5138","THE ADELAIDE HILLS COUNCIL",2,1,1,0,0,2014,"September","Tuesday","03:30 pm","060","Not Divided","CURVED, VIEW OPEN","Slope","Roadworks","Sealed","Dry","Not Raining","Daylight","Hit Fixed Object","01","Driver Rider","4: Fatal","No Control","","",1344387.12,1668208,"13443871668208"
"2014-11698-27/05/2021","2 Metropolitan","PLYMPTON","5038","CITY OF WEST TORRENS",2,1,0,0,1,2014,"September","Tuesday","02:00 pm","060","Cross Road","Straight road","Level","Not Applicable","Sealed","Dry","Not Raining","Daylight","Right Turn","01","Driver Rider","2: MI","Give Way Sign","","",1323858.43,1666096.78,"13238581666097"
"2014-11699-27/05/2021","2 Metropolitan","MARLESTON","5033","CITY OF WEST TORRENS",2,0,0,0,0,2014,"September","Wednesday","06:50 am","050","Not Divided","Straight road","Level","Not Applicable","Sealed","Dry","Not Raining","Daylight","Hit Parked Vehicle","01","Driver Rider","1: PDO","No Control","","",1324738.51,1668350.51,"13247391668351"
"2014-11700-27/05/2021","2 Metropolitan","LARGS BAY","5016","CITY OF PORT ADELAIDE ENFIELD",1,0,0,0,0,2014,"September","Saturday","06:45 am","050","Cross Road","Straight road","Level","Not Applicable","Sealed","Dry","Not Raining","Daylight","Roll Over","01","Driver Rider","1: PDO","Roundabout","Y","",1319309.25,1682045.1,"13193091682045"
"2014-11701-27/05/2021","3 Country","KADINA","5554","COPPER COAST DISTRICT COUNCIL",2,0,0,0,0,2014,"September","Wednesday","07:20 am","050","Cross Road","Straight road","Level","Not Applicable","Sealed","Wet","Raining","Daylight","Right Angle","02","Driver Rider","1: PDO","Give Way Sign","","",1250267.68,1779845.98,"12502681779846"
"2014-11702-27/05/2021","2 Metropolitan","MITCHELL PARK","5043","CC MARION.                    ",2,0,0,0,0,2014,"September","Wednesday","08:15 am","050","Cross Road","Straight road","Level","Not Applicable","Sealed","Dry","Not Raining","Daylight","Right Angle","01","Driver Rider","1: PDO","Roundabout","","",1324999.86,1660955.56,"13250001660956"
"2014-11703-27/05/2021","3 Country","WILLIAMSTOWN","5351","THE BAROSSA COUNCIL.",2,0,0,0,0,2014,"September","Thursday","06:00 pm","100","Not Divided","Straight road","Level","Not Applicable","Sealed","Dry","Not Raining","Daylight","Hit Object on Road","01","Driver Rider","1: PDO","No Control","","",1356024.4,1699972.02,"13560241699972"
"2014-11704-27/05/2021","2 Metropolitan","PARAFIELD GARDENS","5107","CITY OF SALISBURY",2,0,0,0,0,2014,"September","Wednesday","07:15 am","090","Divided Road","Straight road","Level","Not Applicable","Sealed","Dry","Not Raining","Daylight","Rear End","02","Driver Rider","1: PDO","Give Way Sign","","",1328650.34,1686402.84,"13286501686403"
"2014-11705-27/05/2021","2 Metropolitan","LOBETHAL","5241","THE ADELAIDE HILLS COUNCIL",2,0,0,0,0,2014,"September","Tuesday","01:25 pm","080","Not Divided","CURVED, VIEW OBSCURED","Slope","Not Applicable","Sealed","Dry","Not Raining","Daylight","Hit Fixed Object","01","Driver Rider","1: PDO","No Control","","",1353112.39,1671371.17,"13531121671371"
"2014-11706-27/05/2021","2 Metropolitan","IRONBANK","5153","THE ADELAIDE HILLS COUNCIL",2,0,0,0,0,2014,"September","Wednesday","07:15 am","080","Not Divided","CURVED, VIEW OBSCURED","Slope","Not Applicable","Sealed","Wet","Not Raining","Daylight","Hit Fixed Object","01","Driver Rider","1: PDO","No Control","","",1336667.36,1656982.85,"13366671656983"
"2014-11707-27/05/2021","2 Metropolitan","CAMPBELLTOWN","5074","CC CAMPBELLTOWN.              ",3,1,0,0,1,2014,"September","Wednesday","07:45 am","060","Cross Road","Straight road","Level","Not Applicable","Sealed","Wet","Raining","Daylight","Rear End","01","Driver Rider","2: MI","Give Way Sign","","",1333896.37,1674713.89,"13338961674714"
"2014-11708-27/05/2021","2 Metropolitan","WESTBOURNE PARK","5041","CC MITCHAM.                   ",3,0,0,0,0,2014,"September","Wednesday","06:40 am","060","Divided Road","Straight road","Level","Not Applicable","Sealed","Dry","Not Raining","Daylight","Rear End","01","Driver Rider","1: PDO","No Control","","",1327508.99,1666162.43,"13275091666162"
"2014-11709-27/05/2021","3 Country","WHITE HILL","5254","RC MURRAY BRIDGE.             ",1,1,0,1,0,2014,"August","Saturday","10:45 am","100","T-Junction","CURVED, VIEW OPEN","Level","Not Applicable","Sealed","Dry","Not Raining","Daylight","Roll Over","01","Driver Rider","3: SI","Give Way Sign","","",1384869.53,1644852.2,"13848701644852"
"2014-11710-27/05/2021","2 Metropolitan","CLOVELLY PARK","5042","CC MARION.                    ",2,1,0,0,1,2014,"September","Wednesday","07:59 am","050","T-Junction","Straight road","Level","Not Applicable","Sealed","Dry","Not Raining","Daylight","Right Angle","01","Driver Rider","2: MI","No Control","","",1325220.37,1662533.07,"13252201662533"
"2014-11711-27/05/2021","2 Metropolitan","WALKLEY HEIGHTS","5098","CITY OF SALISBURY",2,0,0,0,0,2014,"September","Wednesday","08:45 am","060","T-Junction","Straight road","Slope","Not Applicable","Sealed","Dry","Not Raining","Daylight","Rear End","01","Driver Rider","1: PDO","Traffic Signals","","",1331258.29,1680682.96,"13312581680683"
"2014-11712-27/05/2021","2 Metropolitan","MALVERN","5061","CITY OF UNLEY",1,1,0,0,1,2014,"September","Tuesday","12:10 pm","060","T-Junction","Straight road","Level","Not Applicable","Sealed","Dry","Not Raining","Daylight","Roll Over","09","Other","2: MI","No Control","","",1329121.18,1666987.66,"13291211666988"
"2014-11713-27/05/2021","2 Metropolitan","CAVAN","5094","CITY OF SALISBURY",2,0,0,0,0,2014,"September","Wednesday","07:55 am","070","Divided Road","Straight road","Level","Not Applicable","Sealed","Dry","Not Raining","Daylight","Rear End","02","Driver Rider","1: PDO","No Control","","",1328755.71,1681050.27,"13287561681050"
"2014-11714-27/05/2021","2 Metropolitan","SAMPSON FLAT","5114","CITY OF PLAYFORD.",2,0,0,0,0,2014,"September","Wednesday","08:15 am","080","Not Divided","CURVED, VIEW OPEN","Crest of Hill","Not Applicable","Sealed","Wet","Raining","Daylight","Hit Fixed Object","01","Driver Rider","1: PDO","No Control","","",1344803.08,1689987.43,"13448031689987"
"2014-11715-27/05/2021","2 Metropolitan","PARADISE","5075","CC CAMPBELLTOWN.              ",2,0,0,0,0,2014,"September","Wednesday","08:10 am","060","Divided Road","Straight road","Level","Driveway or Entrance","Sealed","Dry","Not Raining","Daylight","Right Turn","01","Driver Rider","1: PDO","No Control","","",1335448.43,1675926.82,"13354481675927"
"2014-11716-27/05/2021","2 Metropolitan","EDINBURGH NORTH","5113","CITY OF PLAYFORD.",4,0,0,0,0,2014,"September","Wednesday","09:30 am","050","T-Junction","Straight road","Level","Not Applicable","Sealed","Dry","Not Raining","Daylight","Hit Parked Vehicle","01","Driver Rider","1: PDO","No Control","","",1335402.56,1694618.89,"13354031694619"
"2014-11717-27/05/2021","3 Country","SHERINGA","5607","DC ELLISTON.                  ",1,0,0,0,0,2014,"September","Wednesday","11:40 am","110","Not Divided","Straight road","Level","Not Applicable","Sealed","Dry","Not Raining","Daylight","Left Road - Out of Control","01","Driver Rider","1: PDO","No Control","","",1023713.27,1790141.6,"10237131790142"
"2014-11718-27/05/2021","2 Metropolitan","ENFIELD","5085","CITY OF PORT ADELAIDE ENFIELD",2,1,0,0,1,2014,"September","Saturday","06:00 pm","060","Divided Road","Straight road","Level","Not Applicable","Sealed","Dry","Not Raining","Daylight","Side Swipe","02","Driver Rider","2: MI","No Control","","",1328950.42,1676435.5,"13289501676436"
"2014-11719-27/05/2021","3 Country","MANNUM","5238","MID MURRAY DISTRICT COUNCIL",2,1,0,1,0,2014,"September","Wednesday","10:20 am","050","Not Divided","Straight road","Slope","Driveway or Entrance","Sealed","Dry","Not Raining","Daylight","Right Turn","01","Driver Rider","3: SI","No Control","","Y",1392392.52,1669222,"13923931669222"
"2014-11720-27/05/2021","2 Metropolitan","BROADVIEW","5083","CITY OF PORT ADELAIDE ENFIELD",2,1,0,0,1,2014,"September","Tuesday","09:30 am","060","Divided Road","Straight road","Level","Not Applicable","Sealed","Dry","Not Raining","Daylight","Side Swipe","01","Driver Rider","2: MI","No Control","","",1329999.33,1676461.27,"13299991676461"
"2014-11721-27/05/2021","1 City","ADELAIDE","5000","CITY OF ADELAIDE",2,0,0,0,0,2014,"September","Tuesday","12:10 pm","050","Cross Road","Straight road","Level","Not Applicable","Sealed","Dry","Not Raining","Daylight","Right Turn","02","Driver Rider","1: PDO","Traffic Signals","","",1329038.86,1670203.05,"13290391670203"
"2014-11722-27/05/2021","2 Metropolitan","FULHAM","5024","CITY OF WEST TORRENS",2,0,0,0,0,2014,"September","Wednesday","11:13 am","060","T-Junction","CURVED, VIEW OPEN","Level","Not Applicable","Sealed","Dry","Not Raining","Daylight","Hit Fixed Object","01","Driver Rider","1: PDO","No Control","","",1320063.32,1670835.43,"13200631670835"
"2014-11723-27/05/2021","2 Metropolitan","DAW PARK","5041","CC MITCHAM.                   ",2,0,0,0,0,2014,"September","Wednesday","12:30 pm","060","Not Divided","Straight road","Level","Driveway or Entrance","Sealed","Dry","Not Raining","Daylight","Right Angle","01","Driver Rider","1: PDO","No Control","","",1327375.37,1664989.86,"13273751664990"
"2014-11724-27/05/2021","2 Metropolitan","MARLESTON","5033","CITY OF WEST TORRENS",2,0,0,0,0,2014,"September","Wednesday","02:00 pm","060","T-Junction","Straight road","Level","Driveway or Entrance","Sealed","Dry","Not Raining","Daylight","Right Angle","02","Driver Rider","1: PDO","No Control","","",1325809.04,1668662.4,"13258091668662"
"2014-11725-27/05/2021","3 Country","MIDDLEBACK RANGE","5600",,1,1,0,1,0,2014,"September","Tuesday","04:15 pm","110","Not Divided","Straight road","Level","Not Applicable","Sealed","Dry","Not Raining","Daylight","Roll Over","01","Driver Rider","3: SI","No Control","","",1214460.61,1876044.75,"12144611876045"
"2014-11726-27/05/2021","2 Metropolitan","PENFIELD","5121","CITY OF PLAYFORD.",2,2,0,0,2,2014,"September","Wednesday","03:25 pm","090","Not Divided","Straight road","Level","Not Applicable","Sealed","Dry","Not Raining","Daylight","Rear End","01","Driver Rider","2: MI","No Control","","",1329927.8,1694881.47,"13299281694881"
"2014-11727-27/05/2021","3 Country","MURRAY BRIDGE EAST","5253","RC MURRAY BRIDGE.             ",2,0,0,0,0,2014,"September","Wednesday","03:30 pm","040","Not Divided","Straight road","Bottom of Hill","Bridge, Culvert, Causeway","Sealed","Dry","Not Raining","Daylight","Head On","02","Driver Rider","1: PDO","No Control","","",1389767.16,1647489.48,"13897671647489"
"2014-11728-27/05/2021","2 Metropolitan","TORRENS PARK","5062","CC MITCHAM.                   ",2,0,0,0,0,2014,"September","Wednesday","08:30 am","060","T-Junction","Straight road","Level","Not Applicable","Sealed","Dry","Not Raining","Daylight","Rear End","02","Driver Rider","1: PDO","Give Way Sign","","",1329494.67,1664217.19,"13294951664217"
"2014-11729-27/05/2021","2 Metropolitan","TWO WELLS","5501","DC MALLALA.                   ",2,1,0,0,1,2014,"September","Wednesday","03:00 pm","050","Not Divided","Straight road","Level","Not Applicable","Sealed","Dry","Not Raining","Daylight","Hit Parked Vehicle","01","Driver Rider","2: MI","No Control","","",1321776.38,1707773.09,"13217761707773"
"2014-11730-27/05/2021","2 Metropolitan","PARAFIELD GARDENS","5107","CITY OF SALISBURY",2,0,0,0,0,2014,"September","Wednesday","04:15 pm","060","Divided Road","Straight road","Level","Not Applicable","Sealed","Dry","Not Raining","Daylight","Rear End","02","Driver Rider","1: PDO","No Control","","",1331366.06,1686727.96,"13313661686728"
"2014-11731-27/05/2021","2 Metropolitan","ELIZABETH PARK","5113","CITY OF PLAYFORD.",2,1,0,0,1,2014,"September","Tuesday","03:20 pm","060","Cross Road","Straight road","Level","Not Applicable","Sealed","Dry","Not Raining","Daylight","Rear End","02","Driver Rider","2: MI","Traffic Signals","","",1335937.05,1693272.57,"13359371693273"
"2014-11732-27/05/2021","3 Country","NACKARA","5440","DC OF PETERBOROUGH",1,0,0,0,0,2014,"September","Wednesday","10:30 am","110","Not Divided","CURVED, VIEW OPEN","Level","Not Applicable","Sealed","Dry","Not Raining","Daylight","Roll Over","01","Driver Rider","1: PDO","No Control","","",1391084.99,1899564.7,"13910851899565"
"2014-11733-27/05/2021","2 Metropolitan","SEAFORD MEADOWS","5169","CITY OF ONKAPARINGA",3,0,0,0,0,2014,"September","Wednesday","03:45 pm","060","Not Divided","Straight road","Slope","Not Applicable","Sealed","Dry","Not Raining","Daylight","Rear End","01","Driver Rider","1: PDO","No Control","","",1317618.32,1642799.34,"13176181642799"
"2014-11734-27/05/2021","2 Metropolitan","WOODVILLE NORTH","5012","CITY OF CHARLES STURT",3,0,0,0,0,2014,"September","Wednesday","03:15 pm","060","Divided Road","Straight road","Level","Not Applicable","Sealed","Dry","Not Raining","Daylight","Rear End","01","Driver Rider","1: PDO","No Control","","",1323897.2,1676490.94,"13238971676491"
"2014-11735-27/05/2021","2 Metropolitan","MOUNT BARKER","5251","DC MT.BARKER.                 ",2,0,0,0,0,2014,"September","Wednesday","04:55 pm","050","Not Divided","Straight road","Level","Driveway or Entrance","Sealed","Dry","Not Raining","Daylight","Right Angle","02","Driver Rider","1: PDO","No Control","","",1351802.32,1653994.16,"13518021653994"
"2014-11736-27/05/2021","2 Metropolitan","VALLEY VIEW","5093","CITY OF SALISBURY",2,1,0,0,1,2014,"September","Wednesday","05:00 pm","060","Not Divided","Straight road","Slope","Driveway or Entrance","Sealed","Dry","Not Raining","Daylight","Hit Fixed Object","01","Driver Rider","2: MI","No Control","","",1334525.13,1680458.06,"13345251680458"
"2014-11737-27/05/2021","2 Metropolitan","SURREY DOWNS","5126","CITY OF TEA TREE GULLY",2,0,0,0,0,2014,"September","Wednesday","05:35 pm","060","Divided Road","Straight road","Level","Not Applicable","Sealed","Dry","Not Raining","Daylight","Rear End","02","Driver Rider","1: PDO","No Control","","",1339660.85,1683971.32,"13396611683971"
"2014-11738-27/05/2021","2 Metropolitan","SALISBURY DOWNS","5108","CITY OF SALISBURY",3,0,0,0,0,2014,"September","Wednesday","03:35 pm","060","Cross Road","Straight road","Level","Not Applicable","Sealed","Dry","Not Raining","Daylight","Right Turn","02","Driver Rider","1: PDO","Traffic Signals","","",1332170.6,1687732.18,"13321711687732"
"2014-11739-27/05/2021","2 Metropolitan","MAWSON LAKES","5095","CITY OF SALISBURY",4,1,0,0,1,2014,"September","Wednesday","04:35 pm","080","Divided Road","Straight road","Level","Not Applicable","Sealed","Dry","Not Raining","Daylight","Side Swipe","01","Driver Rider","2: MI","No Control","","",1328662.4,1683713.01,"13286621683713"
"2014-11740-27/05/2021","3 Country","PORT AUGUSTA WEST","5700","CC PT.AUGUSTA.                ",2,0,0,0,0,2014,"September","Wednesday","07:00 pm","110","Not Divided","Straight road","Level","Not Applicable","Sealed","Dry","Not Raining","Night","Hit Animal","02","Animal","1: PDO","No Control","","",1256485.8,1945677.73,"12564861945678"
"2014-11741-27/05/2021","2 Metropolitan","KILBURN","5084","CITY OF PORT ADELAIDE ENFIELD",3,0,0,0,0,2014,"September","Wednesday","04:15 pm","050","Cross Road","Straight road","Level","Not Applicable","Sealed","Dry","Not Raining","Daylight","Right Angle","01","Driver Rider","1: PDO","Stop Sign","","",1328027.15,1677780.4,"13280271677780"
"2014-11742-27/05/2021","1 City","ADELAIDE","5000","CITY OF ADELAIDE",2,0,0,0,0,2014,"September","Wednesday","06:10 pm","010","Not Divided","CURVED, VIEW OBSCURED","Level","Not Applicable","Sealed","Dry","Not Raining","Night","Hit Parked Vehicle","02","Driver Rider","1: PDO","No Control","","",1328157.09,1670785.39,"13281571670785"
"2014-11743-27/05/2021","2 Metropolitan","CLARENCE GARDENS","5039","CC MITCHAM.                   ",3,0,0,0,0,2014,"September","Wednesday","04:30 pm","060","Cross Road","Straight road","Level","Not Applicable","Sealed","Dry","Not Raining","Daylight","Rear End","01","Driver Rider","1: PDO","Give Way Sign","","",1326481.25,1666173.99,"13264811666174"
"2014-11744-27/05/2021","2 Metropolitan","WARRADALE","5046","CC MARION.                    ",2,0,0,0,0,2014,"September","Wednesday","06:20 pm","060","Divided Road","Straight road","Level","Not Applicable","Sealed","Dry","Not Raining","Night","Side Swipe","02","Driver Rider","1: PDO","No Control","","",1322775.48,1660658.41,"13227751660658"
"2014-11745-27/05/2021","2 Metropolitan","HALLETT COVE","5158","CC MARION.                    ",3,0,0,0,0,2014,"September","Wednesday","04:05 pm","080","Divided Road","Straight road","Level","Not Applicable","Sealed","Dry","Not Raining","Daylight","Rear End","01","Driver Rider","1: PDO","No Control","","",1320288.05,1653880.74,"13202881653881"
"2014-11746-27/05/2021","2 Metropolitan","PROSPECT","5082","CITY OF PROSPECT",2,1,0,0,1,2014,"September","Wednesday","05:05 pm","060","T-Junction","Straight road","Level","Not Applicable","Sealed","Dry","Not Raining","Daylight","Hit Pedestrian","01","Pedestrian","2: MI","Traffic Signals","","",1328873.8,1676077.29,"13288741676077"
"2014-11747-27/05/2021","2 Metropolitan","STURT","5047","CC MARION.                    ",2,0,0,0,0,2014,"September","Wednesday","08:10 pm","070","Divided Road","Straight road","Level","Driveway or Entrance","Sealed","Dry","Not Raining","Night","Right Angle","01","Driver Rider","1: PDO","No Control","","",1324315.6,1659580.58,"13243161659581"
"2014-11748-27/05/2021","2 Metropolitan","PASADENA","5042","CC MITCHAM.                   ",3,0,0,0,0,2014,"September","Wednesday","07:23 pm","060","Divided Road","Straight road","Level","Not Applicable","Sealed","Dry","Not Raining","Night","Hit Fixed Object","01","Driver Rider","1: PDO","No Control","","",1327525.19,1662460.46,"13275251662460"
"2014-11749-27/05/2021","2 Metropolitan","SEMAPHORE PARK","5019","CITY OF CHARLES STURT",1,1,0,0,1,2014,"September","Wednesday","05:10 pm","060","Divided Road","Straight road","Slope","Driveway or Entrance","Sealed","Dry","Not Raining","Daylight","Other","09","Other","2: MI","No Control","","",1318483.62,1679266.1,"13184841679266"
"2014-11750-27/05/2021","2 Metropolitan","HAPPY VALLEY","5159","CITY OF ONKAPARINGA",2,0,0,0,0,2014,"September","Wednesday","07:30 pm","080","Not Divided","Straight road","Level","Not Applicable","Sealed","Dry","Not Raining","Night","Hit Animal","02","Animal","1: PDO","No Control","","",1326032.59,1656151.97,"13260331656152"
"2014-11751-27/05/2021","2 Metropolitan","HAPPY VALLEY","5159","CITY OF ONKAPARINGA",2,0,0,0,0,2014,"September","Wednesday","08:00 pm","080","Not Divided","Straight road","Level","Not Applicable","Sealed","Dry","Not Raining","Night","Rear End","02","Driver Rider","1: PDO","No Control","","",1326032.59,1656151.97,"13260331656152"
"2014-11752-27/05/2021","2 Metropolitan","BALHANNAH","5242","THE ADELAIDE HILLS COUNCIL",2,0,0,0,0,2014,"September","Wednesday","04:00 pm","080","Not Divided","Straight road","Slope","Not Applicable","Sealed","Dry","Not Raining","Daylight","Hit Fixed Object","01","Driver Rider","1: PDO","No Control","","",1347448.23,1663369.7,"13474481663370"
"2014-11753-27/05/2021","3 Country","YUNDI","5172","ALEXANDRINA COUNCIL",2,0,0,0,0,2014,"September","Wednesday","09:10 pm","080","Not Divided","CURVED, VIEW OPEN","Slope","Bridge, Culvert, Causeway","Unsealed","Dry","Not Raining","Night","Hit Fixed Object","01","Driver Rider","1: PDO","No Control","","",1333291.25,1626670.98,"13332911626671"
"2014-11754-27/05/2021","2 Metropolitan","ADELAIDE AIRPORT","5950","CITY OF WEST TORRENS",2,0,0,0,0,2014,"September","Wednesday","07:30 pm","050","Divided Road","Straight road","Level","Not Applicable","Sealed","Dry","Not Raining","Night","Side Swipe","02","Driver Rider","1: PDO","No Control","","",1323085.86,1670028.06,"13230861670028"
"2014-11755-27/05/2021","2 Metropolitan","WINGFIELD","5013","CITY OF PORT ADELAIDE ENFIELD",2,1,0,0,1,2014,"September","Thursday","03:00 am","060","Divided Road","Straight road","Level","Not Applicable","Sealed","Dry","Not Raining","Night","Hit Fixed Object","01","Driver Rider","2: MI","No Control","","",1324234.14,1679170.29,"13242341679170"
"2014-11756-27/05/2021","2 Metropolitan","BROOKLYN PARK","5032","CITY OF WEST TORRENS",2,0,0,0,0,2014,"September","Wednesday","11:00 pm","060","T-Junction","Straight road","Level","Not Applicable","Sealed","Dry","Not Raining","Night","Right Turn","02","Driver Rider","1: PDO","Traffic Signals","","",1324123.03,1670938.82,"13241231670939"
"2014-11757-27/05/2021","2 Metropolitan","WOODCROFT","5162","CITY OF ONKAPARINGA",2,0,0,0,0,2014,"September","Wednesday","04:10 am","050","T-Junction","Straight road","Level","Not Applicable","Sealed","Dry","Not Raining","Night","Hit Fixed Object","01","Driver Rider","1: PDO","Roundabout","Y","",1323526.72,1652255.25,"13235271652255"
"2014-11758-27/05/2021","2 Metropolitan","GEPPS CROSS","5094","CITY OF PORT ADELAIDE ENFIELD",2,0,0,0,0,2014,"September","Thursday","05:00 am","060","Multiple","CURVED, VIEW OPEN","Level","Not Applicable","Sealed","Dry","Not Raining","Night","Side Swipe","02","Driver Rider","1: PDO","Traffic Signals","","",1328802.51,1679265.44,"13288031679265"
"2014-11759-27/05/2021","2 Metropolitan","MAWSON LAKES","5095","CITY OF SALISBURY",2,1,0,0,1,2014,"September","Wednesday","03:00 pm","070","T-Junction","Straight road","Level","Not Applicable","Sealed","Dry","Not Raining","Daylight","Right Turn","02","Driver Rider","2: MI","Traffic Signals","","",1330161.17,1681793.31,"13301611681793"