"REPORT_ID","Stats Area","Suburb","Postcode","LGA Name","Total Units","Total Cas","Total Fats","Total SI","Total MI","Year","Month","Day","Time","Area Speed","Position Type","Horizontal Align","Vertical Align","Other Feat","Road Surface","Moisture Cond","Weather Cond","DayNight","Crash Type","Unit Resp","Entity Code","CSEF Severity","Traffic Ctrls","DUI Involved","Drugs Involved","ACCLOC_X","ACCLOC_Y","UNIQUE_LOC"
"2014-12000-27/05/2021","2 Metropolitan","COWANDILLA","5033","CITY OF WEST TORRENS",2,2,0,1,1,2014,"September","Tuesday","08:50 pm","060","Cross Road","Straight road","Level","Not Applicable","Sealed","Dry","Not Raining","Night","Right Turn","02","Driver Rider","3: SI","Traffic Signals","","",1324135.56,1670033.53,"13241361670034"
"2014-12001-27/05/2021","2 Metropolitan","SOUTH PLYMPTON","5038","CC MARION.                    ",2,0,0,0,0,2014,"September","Tuesday","09:26 pm","060","Cross Road","Straight road","Level","Not Applicable","Sealed","Wet","Not Raining","Night","Right Angle","02","Driver Rider","1: PDO","Traffic Signals","","",1324291.75,1664735.62,"13242921664736"
"2014-12002-27/05/2021","3 Country","DUDLEY EAST","5222","KANGAROO ISLAND COUNCIL",2,0,0,0,0,2014,"September","Tuesday","05:00 pm","100","Not Divided","Straight road","Bottom of Hill","Not Applicable","Sealed","Dry","Not Raining","Daylight","Hit Animal","02","Animal","1: PDO","No Control","","",1264068.87,1583829.95,"12640691583830"
"2014-12003-27/05/2021","2 Metropolitan","PLYMPTON","5038","CITY OF WEST TORRENS",2,1,1,0,0,2014,"September","Tuesday","12:22 pm","060","Cross Road","Straight road","Level","Not Applicable","Sealed","Dry","Not Raining","Daylight","Hit Pedestrian","01","Driver Rider","4: Fatal","Traffic Signals","","",1325020,1667161.99,"13250201667162"
"2014-12004-27/05/2021","2 Metropolitan","PROSPECT","5082","CITY OF PROSPECT",2,0,0,0,0,2014,"July","Thursday","08:00 am","060","Divided Road","Straight road","Level","Not Applicable","Sealed","Dry","Not Raining","Daylight","Hit Fixed Object","01","Driver Rider","1: PDO","No Control","","",1327275.9,1674778.99,"13272761674779"
"2014-12005-27/05/2021","2 Metropolitan","ASCOT PARK","5043","CC MARION.                    ",2,0,0,0,0,2014,"September","Tuesday","11:30 pm","050","Not Divided","Straight road","Level","Not Applicable","Sealed","Dry","Not Raining","Night","Hit Parked Vehicle","02","Driver Rider","1: PDO","No Control","","",1324783.75,1664036.24,"13247841664036"
"2014-12006-27/05/2021","2 Metropolitan","VIRGINIA","5120","CITY OF PLAYFORD.",2,0,0,0,0,2014,"September","Wednesday","05:50 am","090","Divided Road","Straight road","Level","Not Applicable","Sealed","Dry","Not Raining","Night","Side Swipe","02","Driver Rider","1: PDO","No Control","","",1326687.51,1695882.93,"13266881695883"
"2014-12007-27/05/2021","2 Metropolitan","NORWOOD","5067","CC OF NORWOOD,PAYNEHAM & ST PETERS",2,1,0,0,1,2014,"September","Tuesday","08:20 pm","060","Cross Road","CURVED, VIEW OPEN","Level","Not Applicable","Sealed","Dry","Not Raining","Night","Right Angle","02","Driver Rider","2: MI","Roundabout","","",1330623.32,1670361.88,"13306231670362"
"2014-12008-27/05/2021","3 Country","CLINTON","5570","YORKE PENINSULA COUNCIL",2,0,0,0,0,2014,"September","Tuesday","08:30 am","100","Not Divided","Straight road","Level","Not Applicable","Sealed","Dry","Not Raining","Daylight","Hit Animal","02","Animal","1: PDO","No Control","","",1276509.4,1749582.42,"12765091749582"
"2014-12009-27/05/2021","2 Metropolitan","ST GEORGES","5064","CITY OF BURNSIDE",2,1,0,0,1,2014,"September","Tuesday","02:50 pm","060","Divided Road","Straight road","Slope","Driveway or Entrance","Sealed","Dry","Not Raining","Daylight","Side Swipe","01","Driver Rider","2: MI","No Control","","",1332350.67,1667865.53,"13323511667866"
"2014-12010-27/05/2021","2 Metropolitan","BROOKLYN PARK","5032","CITY OF WEST TORRENS",2,1,0,0,1,2014,"September","Sunday","02:12 pm","060","T-Junction","Straight road","Level","Not Applicable","Sealed","Dry","Not Raining","Daylight","Right Turn","02","Driver Rider","2: MI","Traffic Signals","","",1324123.03,1670938.82,"13241231670939"
"2014-12011-27/05/2021","2 Metropolitan","FULHAM","5024","CITY OF WEST TORRENS",2,0,0,0,0,2014,"September","Wednesday","07:40 am","060","Pedestrian Crossing","Straight road","Level","Not Applicable","Sealed","Dry","Not Raining","Daylight","Rear End","02","Driver Rider","1: PDO","Traffic Signals","","",1320962.28,1670477.14,"13209621670477"
"2014-12012-27/05/2021","2 Metropolitan","SEFTON PARK","5083","CITY OF PROSPECT",2,0,0,0,0,2014,"September","Tuesday","03:00 pm","060","Divided Road","Straight road","Level","Not Applicable","Sealed","Dry","Not Raining","Daylight","Rear End","02","Driver Rider","1: PDO","No Control","","",1328890.51,1675802.8,"13288911675803"
"2014-12013-27/05/2021","2 Metropolitan","BOLIVAR","5110","CITY OF SALISBURY",3,0,0,0,0,2014,"September","Wednesday","08:25 am","090","T-Junction","Straight road","Level","Not Applicable","Sealed","Dry","Not Raining","Daylight","Rear End","01","Driver Rider","1: PDO","Traffic Signals","","",1328471.89,1688636.97,"13284721688637"
"2014-12014-27/05/2021","3 Country","MOUNT PLEASANT","5235","THE BAROSSA COUNCIL.",2,0,0,0,0,2014,"September","Wednesday","07:10 am","080","Not Divided","Straight road","Crest of Hill","Driveway or Entrance","Unsealed","Dry","Not Raining","Daylight","Right Angle","02","Driver Rider","1: PDO","No Control","","",1369403.72,1686652.25,"13694041686652"
"2014-12015-27/05/2021","2 Metropolitan","CAVAN","5094","CITY OF SALISBURY",2,0,0,0,0,2014,"September","Tuesday","05:40 pm","060","Divided Road","Straight road","Level","Not Applicable","Sealed","Dry","Not Raining","Daylight","Hit Fixed Object","01","Driver Rider","1: PDO","No Control","","",1328201.65,1681011.77,"13282021681012"
"2014-12016-27/05/2021","3 Country","PORT LINCOLN","5606","CC PT.LINCOLN.                ",2,0,0,0,0,2014,"September","Wednesday","11:00 am","040","Not Divided","Straight road","Level","Not Applicable","Sealed","Dry","Not Raining","Daylight","Right Angle","01","Driver Rider","1: PDO","No Control","","",1078388.16,1698725.28,"10783881698725"
"2014-12017-27/05/2021","3 Country","PORT LINCOLN","5606","CC PT.LINCOLN.                ",2,0,0,0,0,2014,"September","Wednesday","12:00 pm","050","Not Divided","Straight road","Level","Not Applicable","Sealed","Dry","Not Raining","Daylight","Right Angle","02","Driver Rider","1: PDO","No Control","","",1078602.5,1698362.79,"10786031698363"
"2014-12018-27/05/2021","2 Metropolitan","KENSINGTON","5068","CC OF NORWOOD,PAYNEHAM & ST PETERS",3,1,0,0,1,2014,"September","Wednesday","08:40 am","060","T-Junction","Straight road","Level","Not Applicable","Sealed","Dry","Not Raining","Daylight","Rear End","01","Driver Rider","2: MI","No Control","","",1332574.26,1670424.54,"13325741670425"
"2014-12019-27/05/2021","2 Metropolitan","KILBURN","5084","CITY OF PORT ADELAIDE ENFIELD",3,1,0,0,1,2014,"September","Wednesday","11:15 am","060","Divided Road","Straight road","Level","Driveway or Entrance","Sealed","Dry","Not Raining","Daylight","Right Turn","01","Driver Rider","2: MI","Traffic Signals","","",1327205.96,1677444.78,"13272061677445"
"2014-12020-27/05/2021","3 Country","MOOROOK","5332","LOXTON WAIKERIE DISTRICT COUNCIL",1,0,0,0,0,2014,"September","Tuesday","08:30 pm","080","Not Divided","CURVED, VIEW OPEN","Level","Not Applicable","Unsealed","Wet","Raining","Night","Roll Over","01","Driver Rider","1: PDO","No Control","","",1488122.97,1736728,"14881231736728"
"2014-12021-27/05/2021","2 Metropolitan","UNLEY","5063","CITY OF UNLEY",2,0,0,0,0,2014,"September","Tuesday","08:15 pm","060","Cross Road","Straight road","Level","Not Applicable","Sealed","Dry","Not Raining","Night","Right Angle","02","Driver Rider","1: PDO","Stop Sign","","",1329069.58,1668563.26,"13290701668563"
"2014-12022-27/05/2021","2 Metropolitan","WALKLEY HEIGHTS","5098","CITY OF PORT ADELAIDE ENFIELD",2,1,0,0,1,2014,"September","Wednesday","01:35 pm","070","Cross Road","Straight road","Level","Not Applicable","Sealed","Dry","Not Raining","Daylight","Rear End","01","Driver Rider","2: MI","Traffic Signals","","",1333300.77,1679336.63,"13333011679337"
"2014-12023-27/05/2021","2 Metropolitan","POORAKA","5095","CITY OF SALISBURY",2,0,0,0,0,2014,"September","Tuesday","08:10 pm","070","T-Junction","Straight road","Level","Not Applicable","Sealed","Dry","Not Raining","Night","Right Turn","01","Driver Rider","1: PDO","Traffic Signals","","",1330324.74,1681657.62,"13303251681658"
"2014-12024-27/05/2021","2 Metropolitan","KINGSWOOD","5062","CC MITCHAM.                   ",2,0,0,0,0,2014,"September","Wednesday","02:15 pm","060","Cross Road","Straight road","Level","Not Applicable","Sealed","Dry","Not Raining","Daylight","Rear End","02","Driver Rider","1: PDO","Traffic Signals","","",1329136.22,1666247.3,"13291361666247"
"2014-12025-27/05/2021","3 Country","TANTANOOLA","5280","WATTLE RANGE COUNCIL",2,0,0,0,0,2014,"September","Tuesday","07:30 am","110","Not Divided","Straight road","Level","Not Applicable","Sealed","Dry","Not Raining","Daylight","Hit Animal","02","Animal","1: PDO","No Control","","",1485922.12,1355150.97,"14859221355151"
"2014-12026-27/05/2021","2 Metropolitan","ELIZABETH","5112","CITY OF PLAYFORD.",2,0,0,0,0,2014,"September","Wednesday","04:30 pm","050","Divided Road","Straight road","Level","Driveway or Entrance","Sealed","Dry","Not Raining","Daylight","Right Angle","02","Driver Rider","1: PDO","No Control","","",1335261.7,1693279.46,"13352621693279"
"2014-12027-27/05/2021","2 Metropolitan","SMITHFIELD PLAINS","5114","CITY OF PLAYFORD.",3,1,0,0,1,2014,"September","Wednesday","04:10 pm","060","T-Junction","Straight road","Level","Not Applicable","Sealed","Dry","Not Raining","Daylight","Rear End","01","Driver Rider","2: MI","No Control","","",1336272.65,1698766.49,"13362731698766"
"2014-12028-27/05/2021","2 Metropolitan","UNDERDALE","5032","CITY OF WEST TORRENS",2,0,0,0,0,2014,"September","Wednesday","03:40 pm","060","Divided Road","Straight road","Level","Not Applicable","Sealed","Dry","Not Raining","Daylight","Rear End","02","Driver Rider","1: PDO","No Control","","",1323738.68,1670938.37,"13237391670938"
"2014-12029-27/05/2021","2 Metropolitan","DERNANCOURT","5075","CITY OF TEA TREE GULLY",2,0,0,0,0,2014,"September","Wednesday","05:25 am","050","Not Divided","Straight road","Level","Not Applicable","Sealed","Dry","Not Raining","Night","Side Swipe","01","Driver Rider","1: PDO","No Control","","",1336019.43,1677728.63,"13360191677729"
"2014-12030-27/05/2021","2 Metropolitan","GILLES PLAINS","5086","CITY OF PORT ADELAIDE ENFIELD",2,0,0,0,0,2014,"September","Wednesday","05:05 pm","060","T-Junction","Straight road","Level","Driveway or Entrance","Sealed","Dry","Not Raining","Daylight","Right Angle","02","Driver Rider","1: PDO","No Control","","",1334025.98,1678234.34,"13340261678234"
"2014-12031-27/05/2021","3 Country","MOUNT GAMBIER","5290","CC MT.GAMBIER.                ",2,1,0,0,1,2014,"September","Wednesday","03:10 pm","050","Not Divided","Straight road","Level","Driveway or Entrance","Sealed","Dry","Not Raining","Daylight","Rear End","01","Driver Rider","2: MI","No Control","","",1510616.47,1339912.89,"15106161339913"
"2014-12032-27/05/2021","2 Metropolitan","BROOKLYN PARK","5032","CITY OF WEST TORRENS",5,1,0,0,1,2014,"September","Wednesday","05:20 pm","060","T-Junction","Straight road","Level","Not Applicable","Sealed","Dry","Not Raining","Daylight","Rear End","01","Driver Rider","2: MI","Traffic Signals","","",1324118.14,1670948.73,"13241181670949"
"2014-12033-27/05/2021","2 Metropolitan","COLLEGE PARK","5069","CC OF NORWOOD,PAYNEHAM & ST PETERS",3,0,0,0,0,2014,"September","Wednesday","04:55 pm","050","T-Junction","Straight road","Level","Not Applicable","Sealed","Dry","Not Raining","Daylight","Rear End","01","Driver Rider","1: PDO","No Control","","",1330150.31,1672620.55,"13301501672621"
"2014-12034-27/05/2021","2 Metropolitan","CHRISTIES BEACH","5165","CITY OF ONKAPARINGA",2,0,0,0,0,2014,"September","Wednesday","05:50 pm","060","T-Junction","Straight road","Level","Not Applicable","Sealed","Dry","Not Raining","Daylight","Right Turn","02","Driver Rider","1: PDO","Stop Sign","","",1316034.83,1647388.54,"13160351647389"
"2014-12035-27/05/2021","2 Metropolitan","CAVAN","5094","CITY OF SALISBURY",2,0,0,0,0,2014,"September","Wednesday","05:50 pm","070","Cross Road","Straight road","Level","Not Applicable","Sealed","Dry","Not Raining","Daylight","Rear End","02","Driver Rider","1: PDO","Traffic Signals","","",1328738.31,1681559.52,"13287381681560"
"2014-12036-27/05/2021","1 City","NORTH ADELAIDE","5006","CITY OF ADELAIDE",2,2,0,0,2,2014,"September","Wednesday","03:29 pm","050","Cross Road","Straight road","Level","Not Applicable","Sealed","Dry","Not Raining","Daylight","Rear End","01","Driver Rider","2: MI","Traffic Signals","","",1328111.74,1673172.85,"13281121673173"
"2014-12037-27/05/2021","2 Metropolitan","SALISBURY","5108","CITY OF SALISBURY",2,0,0,0,0,2014,"September","Wednesday","03:30 pm","050","Not Divided","Straight road","Level","Driveway or Entrance","Sealed","Dry","Not Raining","Daylight","Hit Parked Vehicle","01","Driver Rider","1: PDO","No Control","","",1333081.94,1687741.83,"13330821687742"
"2014-12038-27/05/2021","2 Metropolitan","WAYVILLE","5034","CITY OF UNLEY",2,0,0,0,0,2014,"September","Wednesday","06:20 pm","060","Cross Road","Straight road","Level","Not Applicable","Sealed","Dry","Not Raining","Night","Side Swipe","02","Driver Rider","1: PDO","Traffic Signals","","",1326865.31,1668904.7,"13268651668905"
"2014-12039-27/05/2021","1 City","ADELAIDE","5000","CITY OF ADELAIDE",2,1,0,0,1,2014,"September","Wednesday","02:35 pm","050","Cross Road","Straight road","Level","Not Applicable","Sealed","Dry","Not Raining","Daylight","Right Turn","01","Driver Rider","2: MI","Traffic Signals","","",1327930.25,1670331.8,"13279301670332"
"2014-12040-27/05/2021","2 Metropolitan","QUEENSTOWN","5014","CITY OF PORT ADELAIDE ENFIELD",3,0,0,0,0,2014,"September","Wednesday","05:00 pm","060","Divided Road","Straight road","Level","Not Applicable","Sealed","Dry","Not Raining","Daylight","Rear End","01","Driver Rider","1: PDO","No Control","","",1320219.31,1678074.56,"13202191678075"
"2014-12041-27/05/2021","2 Metropolitan","BROOKLYN PARK","5032","CITY OF WEST TORRENS",2,0,0,0,0,2014,"September","Wednesday","03:30 pm","060","Divided Road","Straight road","Level","Not Applicable","Sealed","Dry","Not Raining","Daylight","Rear End","02","Driver Rider","1: PDO","No Control","","",1323760.51,1670108.15,"13237611670108"
"2014-12042-27/05/2021","3 Country","WILD HORSE PLAINS","5501","DC MALLALA.                   ",2,0,0,0,0,2014,"September","Wednesday","07:20 pm","110","Divided Road","Straight road","Level","Not Applicable","Sealed","Dry","Not Raining","Night","Hit Fixed Object","01","Driver Rider","1: PDO","No Control","","",1302084.23,1735050.88,"13020841735051"
"2014-12043-27/05/2021","2 Metropolitan","NAIRNE","5252","DC MT.BARKER.                 ",2,0,0,0,0,2014,"September","Wednesday","08:05 pm","110","Freeway","Straight road","Slope","Not Applicable","Sealed","Dry","Not Raining","Night","Hit Animal","02","Animal","1: PDO","No Control","","",1357046.53,1655123.12,"13570471655123"
"2014-12044-27/05/2021","2 Metropolitan","WEST BEACH","5024","CITY OF WEST TORRENS",2,0,0,0,0,2014,"September","Wednesday","09:00 pm","080","Divided Road","Straight road","Level","Not Applicable","Sealed","Dry","Not Raining","Night","Rear End","02","Driver Rider","1: PDO","No Control","","",1320949.29,1668132.99,"13209491668133"
"2014-12045-27/05/2021","2 Metropolitan","PAYNEHAM","5070","CC OF NORWOOD,PAYNEHAM & ST PETERS",2,1,0,0,1,2014,"September","Wednesday","07:57 pm","060","Divided Road","Straight road","Level","Not Applicable","Sealed","Dry","Not Raining","Night","Rear End","01","Driver Rider","2: MI","No Control","","",1332053.89,1673653.18,"13320541673653"
"2014-12046-27/05/2021","3 Country","CARRICKALINGA","5204","DC YANKALILLA.                ",2,0,0,0,0,2014,"September","Wednesday","08:30 pm","100","Not Divided","Straight road","Bottom of Hill","Not Applicable","Unsealed","Dry","Not Raining","Night","Hit Fixed Object","01","Driver Rider","1: PDO","No Control","","",1303293,1615422.09,"13032931615422"
"2014-12047-27/05/2021","1 City","ADELAIDE","5000","CITY OF ADELAIDE",2,0,0,0,0,2014,"September","Wednesday","11:40 pm","060","T-Junction","Straight road","Level","Not Applicable","Sealed","Dry","Not Raining","Night","Right Angle","02","Driver Rider","1: PDO","No Control","","",1327367.65,1671000.56,"13273681671001"
"2014-12048-27/05/2021","2 Metropolitan","MAWSON LAKES","5095","CITY OF SALISBURY",2,1,0,0,1,2014,"September","Wednesday","08:40 pm","060","Divided Road","Straight road","Level","Driveway or Entrance","Sealed","Dry","Not Raining","Night","Right Turn","02","Driver Rider","2: MI","No Control","","",1329464.22,1684473.32,"13294641684473"
"2014-12049-27/05/2021","3 Country","HIGHLAND VALLEY","5255","ALEXANDRINA COUNCIL",2,0,0,0,0,2014,"September","Wednesday","10:20 pm","100","Not Divided","CURVED, VIEW OPEN","Level","Not Applicable","Unsealed","Dry","Not Raining","Night","Hit Fixed Object","01","Driver Rider","1: PDO","No Control","","",1357044.88,1643855.7,"13570451643856"
"2014-12050-27/05/2021","2 Metropolitan","GAWLER SOUTH","5118","CT GAWLER.                    ",2,0,0,0,0,2014,"September","Wednesday","11:38 pm","050","Not Divided","Straight road","Level","Not Applicable","Sealed","Dry","Not Raining","Night","Hit Parked Vehicle","01","Driver Rider","1: PDO","No Control","Y","",1343052.46,1705303.66,"13430521705304"
"2014-12051-27/05/2021","2 Metropolitan","HENLEY BEACH","5022","CITY OF CHARLES STURT",2,0,0,0,0,2014,"September","Monday","12:15 am","050","Not Divided","Straight road","Level","Not Applicable","Sealed","Dry","Not Raining","Night","Hit Parked Vehicle","01","Driver Rider","1: PDO","No Control","","",1318862.02,1672455.64,"13188621672456"
"2014-12052-27/05/2021","2 Metropolitan","POORAKA","5095","CITY OF SALISBURY",3,1,0,0,1,2014,"September","Wednesday","12:55 pm","060","T-Junction","Straight road","Level","Not Applicable","Sealed","Dry","Not Raining","Daylight","Side Swipe","01","Driver Rider","2: MI","No Control","","",1332330.47,1682052.18,"13323301682052"
"2014-12053-27/05/2021","2 Metropolitan","WAYVILLE","5034","CITY OF UNLEY",2,1,0,0,1,2014,"September","Wednesday","03:40 pm","060","T-Junction","Straight road","Level","Not Applicable","Sealed","Dry","Not Raining","Daylight","Rear End","02","Driver Rider","2: MI","Traffic Signals","","",1327970.13,1668930.84,"13279701668931"
"2014-12054-27/05/2021","2 Metropolitan","ALDINGA BEACH","5173","CITY OF ONKAPARINGA",2,0,0,0,0,2014,"September","Wednesday","08:10 am","050","Not Divided","Straight road","Level","Driveway or Entrance","Sealed","Dry","Not Raining","Daylight","Right Angle","02","Driver Rider","1: PDO","No Control","","",1315211.13,1632906.4,"13152111632906"
"2014-12055-27/05/2021","2 Metropolitan","HAZELWOOD PARK","5066","CITY OF BURNSIDE",2,0,0,0,0,2014,"September","Wednesday","05:26 pm","060","Cross Road","CURVED, VIEW OPEN","Slope","Road hump or Slow point","Sealed","Dry","Not Raining","Daylight","Side Swipe","02","Driver Rider","1: PDO","Roundabout","","",1333935.99,1669099.19,"13339361669099"
"2014-12056-27/05/2021","2 Metropolitan","MOUNT BARKER","5251","DC MT.BARKER.                 ",2,0,0,0,0,2014,"September","Thursday","07:50 am","080","T-Junction","Straight road","Slope","Not Applicable","Sealed","Wet","Not Raining","Daylight","Rear End","02","Driver Rider","1: PDO","No Control","","",1349937.18,1651892.14,"13499371651892"
"2014-12057-27/05/2021","2 Metropolitan","THEBARTON","5031","CITY OF WEST TORRENS",2,0,0,0,0,2014,"September","Sunday","01:50 pm","060","Divided Road","Straight road","Level","Not Applicable","Sealed","Dry","Not Raining","Daylight","Rear End","01","Driver Rider","1: PDO","No Control","","",1326552.06,1671912.97,"13265521671913"
"2014-12058-27/05/2021","2 Metropolitan","ALBERT PARK","5014","CITY OF CHARLES STURT",2,0,0,0,0,2014,"September","Wednesday","03:50 pm","060","Divided Road","Straight road","Level","Not Applicable","Sealed","Dry","Not Raining","Daylight","Rear End","02","Driver Rider","1: PDO","No Control","","",1322179.14,1676309.02,"13221791676309"
"2014-12059-27/05/2021","2 Metropolitan","GLENELG NORTH","5045","CITY OF HOLDFAST BAY",2,1,0,0,1,2014,"September","Wednesday","11:00 am","060","Cross Road","Straight road","Level","Not Applicable","Sealed","Dry","Not Raining","Daylight","Rear End","02","Driver Rider","2: MI","Traffic Signals","","",1321009.59,1665321.55,"13210101665322"
"2014-12060-27/05/2021","2 Metropolitan","EVANSTON PARK","5116","CT GAWLER.                    ",3,1,0,0,1,2014,"September","Thursday","08:40 am","050","Not Divided","Straight road","Level","Not Applicable","Sealed","Dry","Not Raining","Daylight","Rear End","01","Driver Rider","2: MI","No Control","","",1341928.14,1703179.58,"13419281703180"
"2014-12061-27/05/2021","2 Metropolitan","PARALOWIE","5108","CITY OF SALISBURY",2,0,0,0,0,2014,"September","Thursday","09:25 am","060","Not Divided","Straight road","Level","Not Applicable","Sealed","Wet","Not Raining","Daylight","Side Swipe","02","Driver Rider","1: PDO","Traffic Signals","","",1331083.8,1690119.91,"13310841690120"
"2014-12062-27/05/2021","2 Metropolitan","PARKSIDE","5063","CITY OF UNLEY",2,0,0,0,0,2014,"September","Thursday","08:15 am","060","T-Junction","Straight road","Level","Not Applicable","Sealed","Dry","Not Raining","Daylight","Side Swipe","02","Driver Rider","1: PDO","No Control","","",1329158.67,1668966.58,"13291591668967"
"2014-12063-27/05/2021","2 Metropolitan","FULHAM GARDENS","5024","CITY OF CHARLES STURT",2,1,0,0,1,2014,"September","Thursday","09:15 am","050","Not Divided","Straight road","Level","Not Applicable","Sealed","Dry","Not Raining","Daylight","Side Swipe","02","Driver Rider","2: MI","No Control","","",1320565.83,1672373.84,"13205661672374"
"2014-12064-27/05/2021","2 Metropolitan","MUNNO PARA","5115","CITY OF PLAYFORD.",2,0,0,0,0,2014,"September","Wednesday","10:30 pm","050","Not Divided","Straight road","Level","Not Applicable","Sealed","Dry","Not Raining","Night","Hit Parked Vehicle","01","Driver Rider","1: PDO","No Control","","",1338448.4,1698436.45,"13384481698436"
"2014-12065-27/05/2021","2 Metropolitan","BRAHMA LODGE","5109","CITY OF SALISBURY",2,0,0,0,0,2014,"September","Thursday","11:15 am","050","Divided Road","Straight road","Level","Not Applicable","Sealed","Dry","Not Raining","Daylight","Rear End","01","Driver Rider","1: PDO","No Control","","",1333725.58,1687811.77,"13337261687812"
"2014-12066-27/05/2021","3 Country","GEMMELLS","5255","ALEXANDRINA COUNCIL",2,0,0,0,0,2014,"September","Wednesday","04:50 pm","025","Not Divided","Straight road","Slope","Additional Control Operating","Sealed","Dry","Not Raining","Daylight","Rear End","02","Driver Rider","1: PDO","No Control","","",1354028.97,1641828.62,"13540291641829"
"2014-12067-27/05/2021","2 Metropolitan","GILLES PLAINS","5086","CITY OF PORT ADELAIDE ENFIELD",2,0,0,0,0,2014,"September","Wednesday","01:15 pm","060","T-Junction","CURVED, VIEW OBSCURED","Level","Not Applicable","Sealed","Dry","Not Raining","Daylight","Right Angle","02","Driver Rider","1: PDO","No Control","","",1333704.7,1678196.53,"13337051678197"
"2014-12068-27/05/2021","2 Metropolitan","HACKNEY","5069","CC OF NORWOOD,PAYNEHAM & ST PETERS",2,0,0,0,0,2014,"September","Thursday","09:40 am","050","Not Divided","Straight road","Level","Driveway or Entrance","Sealed","Dry","Not Raining","Daylight","Right Angle","02","Driver Rider","1: PDO","No Control","","",1330039.03,1671457.89,"13300391671458"
"2014-12069-27/05/2021","2 Metropolitan","OAKLANDS PARK","5046","CC MARION.                    ",3,0,0,0,0,2014,"September","Tuesday","12:10 pm","050","Not Divided","Straight road","Level","Not Applicable","Sealed","Dry","Not Raining","Daylight","Hit Parked Vehicle","01","Driver Rider","1: PDO","No Control","","",1322936.98,1661789.05,"13229371661789"
"2014-12070-27/05/2021","2 Metropolitan","UNLEY PARK","5061","CITY OF UNLEY",2,0,0,0,0,2014,"September","Wednesday","07:45 am","060","T-Junction","Straight road","Level","Not Applicable","Sealed","Dry","Not Raining","Daylight","Right Turn","02","Driver Rider","1: PDO","No Control","","",1328952.98,1666242.09,"13289531666242"
"2014-12071-27/05/2021","2 Metropolitan","WOODVILLE WEST","5011","CITY OF CHARLES STURT",2,0,0,0,0,2014,"September","Thursday","07:30 am","060","Multiple","Straight road","Level","Not Applicable","Sealed","Dry","Not Raining","Daylight","Rear End","02","Driver Rider","1: PDO","Traffic Signals","","",1322354.24,1676151.89,"13223541676152"
"2014-12072-27/05/2021","2 Metropolitan","HOLDEN HILL","5088","CITY OF PORT ADELAIDE ENFIELD",2,0,0,0,0,2014,"September","Thursday","12:25 pm","060","Divided Road","Straight road","Level","Not Applicable","Sealed","Dry","Not Raining","Daylight","Rear End","01","Driver Rider","1: PDO","No Control","","",1333893.22,1678163.86,"13338931678164"
"2014-12073-27/05/2021","2 Metropolitan","MELROSE PARK","5039","CC MITCHAM.                   ",4,0,0,0,0,2014,"September","Thursday","11:45 am","060","Cross Road","Straight road","Level","Not Applicable","Sealed","Dry","Not Raining","Daylight","Right Turn","02","Driver Rider","1: PDO","Traffic Signals","","",1325912.16,1664946.07,"13259121664946"
"2014-12074-27/05/2021","2 Metropolitan","ELIZABETH VALE","5112","CITY OF PLAYFORD.",2,0,0,0,0,2014,"September","Thursday","02:10 pm","050","Not Divided","Straight road","Level","Not Applicable","Sealed","Dry","Not Raining","Daylight","Hit Parked Vehicle","01","Driver Rider","1: PDO","No Control","","",1335397.56,1690055.94,"13353981690056"
"2014-12075-27/05/2021","3 Country","NULLARBOR","5690",,2,0,0,0,0,2014,"August","Saturday","04:30 pm","110","Not Divided","Straight road","Level","Not Applicable","Sealed","Dry","Not Raining","Daylight","Side Swipe","01","Driver Rider","1: PDO","No Control","","",580712.99,2040895.29,"05807132040895"
"2014-12076-27/05/2021","2 Metropolitan","NETLEY","5037","CITY OF WEST TORRENS",2,0,0,0,0,2014,"September","Thursday","02:00 pm","050","Not Divided","Straight road","Level","Not Applicable","Sealed","Dry","Not Raining","Daylight","Hit Parked Vehicle","01","Driver Rider","1: PDO","No Control","","",1324068.12,1668901.47,"13240681668901"
"2014-12077-27/05/2021","2 Metropolitan","MOUNT BARKER","5251","DC MT.BARKER.                 ",3,1,0,0,1,2014,"September","Thursday","04:00 pm","060","Cross Road","Straight road","Level","Not Applicable","Sealed","Dry","Not Raining","Daylight","Rear End","01","Driver Rider","2: MI","Traffic Signals","","",1351314.75,1654262.86,"13513151654263"
"2014-12078-27/05/2021","2 Metropolitan","BOLIVAR","5110","CITY OF SALISBURY",4,0,0,0,0,2014,"September","Thursday","03:50 pm","090","Divided Road","Straight road","Level","Not Applicable","Sealed","Dry","Not Raining","Daylight","Hit Fixed Object","01","Driver Rider","1: PDO","No Control","","",1328530.81,1688267.67,"13285311688268"
"2014-12079-27/05/2021","3 Country","TRURO","5356","MID MURRAY DISTRICT COUNCIL",2,0,0,0,0,2014,"September","Thursday","03:05 pm","050","T-Junction","Straight road","Level","Not Applicable","Sealed","Dry","Not Raining","Daylight","Right Angle","02","Driver Rider","1: PDO","No Control","","",1379028.83,1726072.53,"13790291726073"