"REPORT_ID","Stats Area","Suburb","Postcode","LGA Name","Total Units","Total Cas","Total Fats","Total SI","Total MI","Year","Month","Day","Time","Area Speed","Position Type","Horizontal Align","Vertical Align","Other Feat","Road Surface","Moisture Cond","Weather Cond","DayNight","Crash Type","Unit Resp","Entity Code","CSEF Severity","Traffic Ctrls","DUI Involved","Drugs Involved","ACCLOC_X","ACCLOC_Y","UNIQUE_LOC"
"2014-12159-27/05/2021","2 Metropolitan","SEACLIFF","5049","CITY OF HOLDFAST BAY",2,1,0,0,1,2014,"September","Friday","03:17 pm","060","Not Divided","Straight road","Level","Not Applicable","Sealed","Dry","Not Raining","Daylight","Rear End","01","Driver Rider","2: MI","No Control","","",1321193.88,1659045.92,"13211941659046"
"2014-12160-27/05/2021","2 Metropolitan","KLEMZIG","5087","CITY OF PORT ADELAIDE ENFIELD",3,0,0,0,0,2014,"September","Friday","01:58 pm","060","T-Junction","Straight road","Level","Not Applicable","Sealed","Dry","Not Raining","Daylight","Rear End","01","Driver Rider","1: PDO","No Control","","",1331901.47,1675671.24,"13319011675671"
"2014-12161-27/05/2021","3 Country","MYPOLONGA","5254","RC MURRAY BRIDGE.             ",3,0,0,0,0,2014,"September","Saturday","02:30 pm","100","Not Divided","Straight road","Crest of Hill","Not Applicable","Unsealed","Dry","Not Raining","Daylight","Hit Animal","01","Driver Rider","1: PDO","No Control","","",1391579.43,1655992.99,"13915791655993"
"2014-12162-27/05/2021","3 Country","DELAMERE","5204","DC YANKALILLA.                ",2,1,0,0,1,2014,"September","Friday","05:00 pm","100","Not Divided","CURVED, VIEW OBSCURED","Slope","Not Applicable","Unsealed","Dry","Not Raining","Daylight","Hit Fixed Object","01","Driver Rider","2: MI","No Control","","",1289913.67,1598016.63,"12899141598017"
"2014-12163-27/05/2021","2 Metropolitan","BASKET RANGE","5138","THE ADELAIDE HILLS COUNCIL",2,0,0,0,0,2014,"September","Saturday","02:25 am","080","Not Divided","CURVED, VIEW OPEN","Slope","Not Applicable","Sealed","Dry","Not Raining","Night","Head On","01","Driver Rider","1: PDO","No Control","","",1342815.01,1668561.19,"13428151668561"
"2014-12164-27/05/2021","2 Metropolitan","SALISBURY EAST","5109","CITY OF SALISBURY",2,0,0,0,0,2014,"September","Saturday","05:30 pm","080","Divided Road","Straight road","Level","Not Applicable","Sealed","Dry","Not Raining","Daylight","Rear End","02","Driver Rider","1: PDO","No Control","","",1334239.25,1686592.5,"13342391686593"
"2014-12165-27/05/2021","2 Metropolitan","LOBETHAL","5241","THE ADELAIDE HILLS COUNCIL",1,1,0,0,1,2014,"September","Saturday","05:00 pm","080","Not Divided","CURVED, VIEW OBSCURED","Slope","Not Applicable","Sealed","Dry","Not Raining","Daylight","Left Road - Out of Control","01","Driver Rider","2: MI","No Control","","",1351688.03,1671434.46,"13516881671434"
"2014-12166-27/05/2021","2 Metropolitan","HAHNDORF","5245","DC MT.BARKER.                 ",2,0,0,0,0,2014,"September","Friday","11:40 pm","080","Not Divided","CURVED, VIEW OBSCURED","Slope","Not Applicable","Unsealed","Dry","Not Raining","Night","Hit Parked Vehicle","02","Driver Rider","1: PDO","No Control","","",1348881,1658686.75,"13488811658687"
"2014-12167-27/05/2021","2 Metropolitan","KILBURN","5084","CITY OF PORT ADELAIDE ENFIELD",2,0,0,0,0,2014,"September","Saturday","06:00 pm","050","T-Junction","Straight road","Level","Not Applicable","Sealed","Dry","Not Raining","Daylight","Side Swipe","02","Driver Rider","1: PDO","No Control","","",1328050.83,1677081.67,"13280511677082"
"2014-12168-27/05/2021","2 Metropolitan","GLENELG NORTH","5045","CITY OF HOLDFAST BAY",2,0,0,0,0,2014,"September","Saturday","06:35 pm","050","Not Divided","CURVED, VIEW OPEN","Level","Not Applicable","Sealed","Dry","Not Raining","Night","Hit Parked Vehicle","01","Driver Rider","1: PDO","No Control","Y","",1321127.63,1665626.88,"13211281665627"
"2014-12169-27/05/2021","2 Metropolitan","PARA HILLS WEST","5096","CITY OF SALISBURY",2,0,0,0,0,2014,"September","Saturday","05:50 pm","060","Divided Road","Straight road","Level","Driveway or Entrance","Sealed","Dry","Not Raining","Daylight","Right Angle","01","Driver Rider","1: PDO","No Control","","",1334103.86,1684530.21,"13341041684530"
"2014-12170-27/05/2021","2 Metropolitan","URRBRAE","5064","CC MITCHAM.                   ",3,1,0,0,1,2014,"September","Saturday","02:57 pm","060","Cross Road","Straight road","Level","Not Applicable","Sealed","Dry","Not Raining","Daylight","Right Angle","01","Driver Rider","2: MI","Traffic Signals","","",1330786.88,1665600.37,"13307871665600"
"2014-12171-27/05/2021","2 Metropolitan","ENFIELD","5085","CITY OF PORT ADELAIDE ENFIELD",2,1,0,0,1,2014,"September","Saturday","04:55 am","060","Divided Road","Straight road","Crest of Hill","Not Applicable","Sealed","Dry","Not Raining","Night","Hit Fixed Object","01","Driver Rider","2: MI","No Control","","Y",1328846.71,1677598.47,"13288471677598"
"2014-12172-27/05/2021","2 Metropolitan","PARAFIELD GARDENS","5107","CITY OF SALISBURY",2,1,0,0,1,2014,"September","Saturday","11:30 pm","060","Cross Road","Straight road","Level","Not Applicable","Sealed","Dry","Not Raining","Night","Head On","01","Driver Rider","2: MI","Roundabout","","",1329779.29,1686588.74,"13297791686589"
"2014-12173-27/05/2021","2 Metropolitan","NOVAR GARDENS","5040","CITY OF WEST TORRENS",2,0,0,0,0,2014,"September","Saturday","11:15 pm","050","T-Junction","Straight road","Level","Not Applicable","Sealed","Dry","Not Raining","Night","Hit Fixed Object","01","Driver Rider","1: PDO","No Control","Y","",1321792.53,1666299.53,"13217931666300"
"2014-12174-27/05/2021","2 Metropolitan","BELAIR","5052","CC MITCHAM.                   ",2,0,0,0,0,2014,"September","Sunday","01:50 am","060","Divided Road","CURVED, VIEW OPEN","Slope","Not Applicable","Sealed","Dry","Not Raining","Night","Hit Fixed Object","01","Driver Rider","1: PDO","No Control","","",1329661.67,1662440.05,"13296621662440"
"2014-12175-27/05/2021","3 Country","CEDUNA","5690","DC CEDUNA                     ",1,3,0,0,3,2014,"September","Sunday","03:00 am","110","Not Divided","CURVED, VIEW OPEN","Level","Not Applicable","Sealed","Dry","Not Raining","Night","Left Road - Out of Control","01","Driver Rider","2: MI","No Control","","",872585.1,1991783.77,"08725851991784"
"2014-12176-27/05/2021","2 Metropolitan","GOLDEN GROVE","5125","CITY OF TEA TREE GULLY",2,0,0,0,0,2014,"September","Saturday","02:30 pm","060","T-Junction","Straight road","Level","Not Applicable","Sealed","Dry","Not Raining","Daylight","Right Turn","01","Driver Rider","1: PDO","Traffic Signals","","",1337574.1,1685175.27,"13375741685175"
"2014-12177-27/05/2021","3 Country","YOUNGHUSBAND","5238","MID MURRAY DISTRICT COUNCIL",1,0,0,0,0,2014,"September","Sunday","04:30 am","110","Not Divided","CURVED, VIEW OPEN","Slope","Not Applicable","Sealed","Dry","Not Raining","Night","Left Road - Out of Control","01","Driver Rider","1: PDO","No Control","","",1415597.53,1670106.54,"14155981670107"
"2014-12178-27/05/2021","2 Metropolitan","WARRADALE","5046","CC MARION.                    ",2,0,0,0,0,2014,"September","Thursday","12:01 am","060","T-Junction","Straight road","Level","Not Applicable","Sealed","Dry","Not Raining","Night","Hit Fixed Object","01","Driver Rider","1: PDO","Give Way Sign","","",1322765.96,1660972.05,"13227661660972"
"2014-12179-27/05/2021","3 Country","STRATHALBYN","5255","ALEXANDRINA COUNCIL",2,0,0,0,0,2014,"September","Saturday","09:30 am","050","Cross Road","Straight road","Level","Not Applicable","Sealed","Dry","Not Raining","Daylight","Right Angle","01","Driver Rider","1: PDO","Stop Sign","","",1353671.05,1632810.77,"13536711632811"
"2014-12180-27/05/2021","3 Country","PORT RICKABY","5575","YORKE PENINSULA COUNCIL",1,1,0,1,0,2014,"September","Saturday","03:15 pm","100","Not Divided","Straight road","Level","Not Applicable","Sealed","Dry","Not Raining","Daylight","Roll Over","01","Driver Rider","3: SI","No Control","","",1230714.86,1698553.62,"12307151698554"
"2014-12181-27/05/2021","2 Metropolitan","WOODVILLE PARK","5011","CITY OF CHARLES STURT",2,2,0,0,2,2014,"September","Friday","06:00 pm","060","T-Junction","Straight road","Level","Not Applicable","Sealed","Dry","Not Raining","Daylight","Right Angle","02","Driver Rider","2: MI","Give Way Sign","","",1323166.37,1675455.08,"13231661675455"
"2014-12182-27/05/2021","3 Country","CLAYPANS","5238","MID MURRAY DISTRICT COUNCIL",2,0,0,0,0,2014,"September","Saturday","05:45 pm","050","Not Divided","CURVED, VIEW OPEN","Level","Not Applicable","Unsealed","Dry","Not Raining","Daylight","Hit Fixed Object","01","Driver Rider","1: PDO","No Control","","",1431874.33,1679850.18,"14318741679850"
"2014-12183-27/05/2021","2 Metropolitan","SMITHFIELD","5114","CITY OF PLAYFORD.",3,0,0,0,0,2014,"September","Sunday","12:30 pm","080","Cross Road","Straight road","Level","Not Applicable","Sealed","Dry","Not Raining","Daylight","Rear End","01","Driver Rider","1: PDO","Traffic Signals","","",1337639.53,1696642.01,"13376401696642"
"2014-12184-27/05/2021","2 Metropolitan","SHEIDOW PARK","5158","CC MARION.                    ",2,1,0,1,0,2014,"September","Sunday","11:30 am","080","Divided Road","Straight road","Level","Not Applicable","Sealed","Dry","Not Raining","Daylight","Rear End","02","Driver Rider","3: SI","No Control","","",1320461.29,1654001.15,"13204611654001"
"2014-12185-27/05/2021","2 Metropolitan","WEST LAKES SHORE","5020","CITY OF CHARLES STURT",2,1,0,0,1,2014,"September","Saturday","08:15 am","060","Divided Road","Straight road","Level","Not Applicable","Sealed","Dry","Not Raining","Daylight","Hit Parked Vehicle","02","Driver Rider","2: MI","No Control","","",1317881.52,1677195.52,"13178821677196"
"2014-12186-27/05/2021","2 Metropolitan","SELLICKS BEACH","5174","CITY OF ONKAPARINGA",1,1,0,0,1,2014,"September","Saturday","10:10 pm","080","Not Divided","Straight road","Slope","Not Applicable","Sealed","Dry","Not Raining","Night","Roll Over","01","Driver Rider","2: MI","No Control","Y","",1314651.95,1626406.42,"13146521626406"
"2014-12187-27/05/2021","2 Metropolitan","COROMANDEL VALLEY","5051","CC MITCHAM.                   ",2,0,0,0,0,2014,"September","Sunday","07:45 am","060","Not Divided","CURVED, VIEW OBSCURED","Slope","Not Applicable","Sealed","Dry","Not Raining","Daylight","Hit Fixed Object","01","Driver Rider","1: PDO","No Control","","",1330340.8,1658674.88,"13303411658675"
"2014-12188-27/05/2021","2 Metropolitan","HOVE","5048","CITY OF HOLDFAST BAY",2,1,0,0,1,2014,"September","Saturday","07:13 pm","060","Divided Road","Straight road","Level","Not Applicable","Sealed","Dry","Not Raining","Night","Rear End","02","Driver Rider","2: MI","No Control","","",1321131.39,1661073.65,"13211311661074"
"2014-12189-27/05/2021","2 Metropolitan","UPPER STURT","5156","THE ADELAIDE HILLS COUNCIL",2,0,0,0,0,2014,"September","Sunday","02:00 pm","060","Not Divided","CURVED, VIEW OBSCURED","Slope","Not Applicable","Sealed","Dry","Not Raining","Daylight","Rear End","01","Driver Rider","1: PDO","No Control","","",1336121.28,1660245.31,"13361211660245"
"2014-12190-27/05/2021","3 Country","DELAMERE","5204","DC YANKALILLA.                ",1,0,0,0,0,2014,"September","Saturday","05:15 pm","100","Cross Road","CURVED, VIEW OPEN","Slope","Not Applicable","Sealed","Dry","Not Raining","Daylight","Roll Over","01","Driver Rider","1: PDO","Give Way Sign","Y","",1290513.35,1601146.57,"12905131601147"
"2014-12191-27/05/2021","2 Metropolitan","PROSPECT","5082","CITY OF PROSPECT",2,0,0,0,0,2014,"September","Sunday","05:50 pm","050","Not Divided","Straight road","Slope","Not Applicable","Sealed","Dry","Not Raining","Daylight","Rear End","02","Driver Rider","1: PDO","No Control","","",1327955.27,1675443.32,"13279551675443"
"2014-12192-27/05/2021","3 Country","YALATA","5690",,2,3,0,2,1,2014,"September","Sunday","07:40 am","110","Not Divided","Straight road","Slope","Not Applicable","Sealed","Dry","Not Raining","Daylight","Hit Fixed Object","01","Driver Rider","3: SI","No Control","","",681271.56,2058950.16,"06812722058950"
"2014-12193-27/05/2021","2 Metropolitan","GOODWOOD","5034","CITY OF UNLEY",2,0,0,0,0,2014,"September","Sunday","03:10 pm","050","Cross Road","Straight road","Level","Not Applicable","Sealed","Dry","Not Raining","Daylight","Right Angle","01","Driver Rider","1: PDO","Stop Sign","","",1327678.38,1667800.74,"13276781667801"
"2014-12194-27/05/2021","3 Country","YEELANNA","5632","DC LOWER EYRE PENINSULA       ",1,0,0,0,0,2014,"September","Sunday","04:30 pm","100","Not Divided","CURVED, VIEW OBSCURED","Crest of Hill","Not Applicable","Unsealed","Dry","Not Raining","Daylight","Roll Over","01","Driver Rider","1: PDO","No Control","","",1070018.27,1763134.43,"10700181763134"
"2014-12195-27/05/2021","2 Metropolitan","TORRENSVILLE","5031","CITY OF WEST TORRENS",3,0,0,0,0,2014,"September","Friday","09:59 pm","050","Not Divided","Straight road","Level","Not Applicable","Sealed","Dry","Not Raining","Night","Hit Parked Vehicle","01","Driver Rider","1: PDO","No Control","Y","",1325516.32,1671414.25,"13255161671414"
"2014-12196-27/05/2021","3 Country","PORT PIRIE WEST","5540","PT.PIRIE CITY & DIST. COUNCIL ",2,0,0,0,0,2014,"September","Sunday","06:00 pm","050","Cross Road","Straight road","Level","Not Applicable","Unsealed","Dry","Not Raining","Daylight","Hit Fixed Object","01","Driver Rider","1: PDO","Give Way Sign","","",1278299.66,1865007.67,"12783001865008"
"2014-12197-27/05/2021","2 Metropolitan","CASTAMBUL","5076","THE ADELAIDE HILLS COUNCIL",2,0,0,0,0,2014,"September","Sunday","11:30 pm","080","Not Divided","CURVED, VIEW OBSCURED","Slope","Not Applicable","Sealed","Dry","Not Raining","Night","Hit Fixed Object","01","Driver Rider","1: PDO","No Control","","",1342802.86,1676215.94,"13428031676216"
"2014-12198-27/05/2021","3 Country","TEROWIE","5421","REGIONAL COUNCIL OF GOYDER",1,1,0,1,0,2014,"September","Sunday","09:30 pm","100","Not Divided","CURVED, VIEW OBSCURED","Level","Not Applicable","Unsealed","Dry","Not Raining","Night","Left Road - Out of Control","01","Driver Rider","3: SI","No Control","","",1374647.01,1866310.8,"13746471866311"
"2014-12199-27/05/2021","2 Metropolitan","VALLEY VIEW","5093","CITY OF SALISBURY",2,0,0,0,0,2014,"September","Sunday","02:00 am","050","Not Divided","CURVED, VIEW OPEN","Level","Not Applicable","Sealed","Dry","Not Raining","Night","Hit Parked Vehicle","01","Driver Rider","1: PDO","No Control","Y","",1333986.91,1680312.46,"13339871680312"
"2014-12200-27/05/2021","2 Metropolitan","ELIZABETH VALE","5112","CITY OF PLAYFORD.",3,0,0,0,0,2014,"September","Monday","05:45 am","080","Divided Road","CURVED, VIEW OBSCURED","Crest of Hill","Not Applicable","Sealed","Dry","Not Raining","Night","Hit Fixed Object","01","Driver Rider","1: PDO","No Control","","Y",1336277.62,1689936.63,"13362781689937"
"2014-12201-27/05/2021","3 Country","PANDIE PANDIE","5733",,2,1,0,1,0,2014,"August","Sunday","03:00 pm","100","Not Divided","Unknown","Unknown","Unknown","Unsealed","Dry","Not Raining","Daylight","Hit Object on Road","01","Driver Rider","3: SI","No Control","","",1454429.76,2603439.83,"14544302603440"
"2014-12202-27/05/2021","3 Country","BARMERA","5345","THE BERRI BARMERA COUNCIL",2,0,0,0,0,2014,"September","Monday","07:30 am","080","Cross Road","Straight road","Level","Not Applicable","Unsealed","Dry","Not Raining","Daylight","Right Angle","01","Driver Rider","1: PDO","Give Way Sign","","",1500308.62,1737659.78,"15003091737660"
"2014-12203-27/05/2021","2 Metropolitan","ELIZABETH PARK","5113","CITY OF PLAYFORD.",3,0,0,0,0,2014,"September","Monday","08:20 am","080","Cross Road","Straight road","Level","Not Applicable","Sealed","Dry","Not Raining","Daylight","Rear End","01","Driver Rider","1: PDO","Traffic Signals","","",1335962.49,1693261.2,"13359621693261"
"2014-12204-27/05/2021","2 Metropolitan","WEST CROYDON","5008","CITY OF CHARLES STURT",2,0,0,0,0,2014,"September","Monday","08:20 am","060","Divided Road","Straight road","Level","Driveway or Entrance","Sealed","Dry","Not Raining","Daylight","Side Swipe","01","Driver Rider","1: PDO","No Control","","",1324520.52,1674356.95,"13245211674357"
"2014-12205-27/05/2021","2 Metropolitan","MOUNT BARKER","5251","DC MT.BARKER.                 ",2,0,0,0,0,2014,"September","Sunday","07:00 pm","050","Cross Road","Straight road","Level","Not Applicable","Sealed","Dry","Not Raining","Night","Right Angle","02","Driver Rider","1: PDO","Give Way Sign","","",1351659.26,1654252.48,"13516591654252"
"2014-12206-27/05/2021","2 Metropolitan","REGENCY PARK","5010","CITY OF PORT ADELAIDE ENFIELD",2,1,0,0,1,2014,"September","Sunday","01:15 pm","090","Divided Road","Straight road","Level","Not Applicable","Sealed","Dry","Not Raining","Daylight","Side Swipe","02","Driver Rider","2: MI","No Control","","",1326042.95,1677027.2,"13260431677027"
"2014-12207-27/05/2021","2 Metropolitan","KURRALTA PARK","5037","CITY OF WEST TORRENS",2,0,0,0,0,2014,"September","Monday","11:05 am","050","Not Divided","Straight road","Level","Driveway or Entrance","Sealed","Dry","Not Raining","Daylight","Hit Fixed Object","01","Driver Rider","1: PDO","No Control","","",1325739.83,1667803.73,"13257401667804"
"2014-12208-27/05/2021","2 Metropolitan","WEST BEACH","5024","CITY OF WEST TORRENS",3,0,0,0,0,2014,"September","Monday","07:45 am","080","Divided Road","Straight road","Level","Not Applicable","Sealed","Dry","Not Raining","Daylight","Rear End","01","Driver Rider","1: PDO","No Control","","",1320898.88,1669488.13,"13208991669488"
"2014-12209-27/05/2021","2 Metropolitan","WEST CROYDON","5008","CITY OF CHARLES STURT",2,0,0,0,0,2014,"August","Friday","07:30 am","060","T-Junction","Straight road","Level","Not Applicable","Sealed","Dry","Not Raining","Daylight","Right Angle","02","Driver Rider","1: PDO","No Control","","",1325166.32,1675485,"13251661675485"
"2014-12210-27/05/2021","2 Metropolitan","WEST LAKES","5021","CITY OF CHARLES STURT",2,0,0,0,0,2014,"September","Monday","08:45 am","060","Cross Road","Straight road","Level","Not Applicable","Sealed","Dry","Not Raining","Daylight","Right Turn","02","Driver Rider","1: PDO","Traffic Signals","","",1319873.81,1676043.62,"13198741676044"
"2014-12211-27/05/2021","1 City","ADELAIDE","5000","CITY OF ADELAIDE",4,0,0,0,0,2014,"September","Monday","11:25 am","050","Not Divided","Straight road","Level","Not Applicable","Sealed","Dry","Not Raining","Daylight","Rear End","01","Driver Rider","1: PDO","No Control","","",1328694.92,1670039.16,"13286951670039"
"2014-12212-27/05/2021","2 Metropolitan","HOPE VALLEY","5090","CITY OF TEA TREE GULLY",2,1,0,0,1,2014,"September","Friday","02:00 pm","060","T-Junction","Straight road","Level","Not Applicable","Sealed","Dry","Not Raining","Daylight","Rear End","02","Driver Rider","2: MI","Traffic Signals","","",1337377.13,1679481.31,"13373771679481"
"2014-12213-27/05/2021","2 Metropolitan","SEAFORD","5169","CITY OF ONKAPARINGA",3,0,0,0,0,2014,"September","Monday","12:15 pm","070","Cross Road","Straight road","Level","Not Applicable","Sealed","Dry","Not Raining","Daylight","Rear End","01","Driver Rider","1: PDO","Traffic Signals","","",1316362.9,1642084.21,"13163631642084"
"2014-12214-27/05/2021","2 Metropolitan","ELIZABETH","5112","CITY OF PLAYFORD.",2,0,0,0,0,2014,"September","Monday","02:15 pm","050","T-Junction","CURVED, VIEW OPEN","Level","Not Applicable","Sealed","Dry","Not Raining","Daylight","Right Angle","02","Driver Rider","1: PDO","Give Way Sign","","",1336009.7,1692221.21,"13360101692221"
"2014-12215-27/05/2021","3 Country","MILANG","5256","ALEXANDRINA COUNCIL",3,0,0,0,0,2014,"September","Sunday","02:35 pm","100","Not Divided","Straight road","Level","Bridge, Culvert, Causeway","Sealed","Dry","Not Raining","Daylight","Hit Object on Road","01","Driver Rider","1: PDO","No Control","","",1363027.52,1617300.03,"13630281617300"
"2014-12216-27/05/2021","2 Metropolitan","SEAFORD RISE","5169","CITY OF ONKAPARINGA",2,0,0,0,0,2014,"September","Monday","03:30 pm","050","Not Divided","Straight road","Level","Driveway or Entrance","Sealed","Dry","Not Raining","Daylight","Hit Parked Vehicle","01","Driver Rider","1: PDO","No Control","","",1317304.36,1641371.44,"13173041641371"
"2014-12217-27/05/2021","2 Metropolitan","GAWLER BELT","5118","LIGHT REGIONAL COUNCIL",3,0,0,0,0,2014,"September","Sunday","07:30 am","110","Divided Road","Straight road","Level","Not Applicable","Sealed","Dry","Not Raining","Daylight","Hit Fixed Object","01","Driver Rider","1: PDO","No Control","","",1341684.94,1707187.84,"13416851707188"
"2014-12218-27/05/2021","3 Country","PORT AUGUSTA","5700","CC PT.AUGUSTA.                ",2,0,0,0,0,2014,"September","Monday","04:20 pm","060","Not Divided","Straight road","Level","Driveway or Entrance","Sealed","Dry","Not Raining","Daylight","Rear End","01","Driver Rider","1: PDO","No Control","","",1259948.39,1941968.8,"12599481941969"
"2014-12219-27/05/2021","2 Metropolitan","GLYNDE","5070","CC OF NORWOOD,PAYNEHAM & ST PETERS",2,0,0,0,0,2014,"September","Thursday","11:25 am","050","Not Divided","Straight road","Level","Not Applicable","Sealed","Wet","Raining","Daylight","Hit Parked Vehicle","02","Driver Rider","1: PDO","No Control","","",1333531.19,1674285.01,"13335311674285"
"2014-12220-27/05/2021","2 Metropolitan","DAWESLEY","5252","DC MT.BARKER.                 ",2,0,0,0,0,2014,"September","Monday","03:16 pm","060","Not Divided","CURVED, VIEW OPEN","Slope","Not Applicable","Sealed","Dry","Not Raining","Daylight","Hit Fixed Object","01","Driver Rider","1: PDO","No Control","","",1359432.76,1656533.22,"13594331656533"
"2014-12221-27/05/2021","2 Metropolitan","GAWLER SOUTH","5118","CT GAWLER.                    ",2,0,0,0,0,2014,"September","Monday","04:50 pm","050","Cross Road","Straight road","Level","Not Applicable","Sealed","Dry","Not Raining","Daylight","Right Angle","01","Driver Rider","1: PDO","Roundabout","","",1342775.47,1705385.97,"13427751705386"
"2014-12222-27/05/2021","2 Metropolitan","WEST BEACH","5024","CITY OF WEST TORRENS",1,0,0,0,0,2014,"September","Monday","05:30 pm","060","Divided Road","Straight road","Level","Not Applicable","Sealed","Dry","Not Raining","Daylight","Roll Over","09","Other","1: PDO","No Control","","",1320437.9,1669891.69,"13204381669892"
"2014-12223-27/05/2021","2 Metropolitan","TORRENS PARK","5062","CC MITCHAM.                   ",2,1,0,0,1,2014,"September","Monday","05:45 pm","060","T-Junction","Straight road","Level","Not Applicable","Sealed","Dry","Not Raining","Daylight","Right Angle","01","Driver Rider","2: MI","Stop Sign","","",1329173.84,1664902.1,"13291741664902"
"2014-12224-27/05/2021","2 Metropolitan","WEST LAKES SHORE","5020","CITY OF CHARLES STURT",2,1,0,0,1,2014,"September","Monday","06:00 pm","060","T-Junction","Straight road","Level","Not Applicable","Sealed","Dry","Not Raining","Daylight","Right Angle","01","Driver Rider","2: MI","Traffic Signals","","",1317949.8,1677015.65,"13179501677016"
"2014-12225-27/05/2021","2 Metropolitan","OAKBANK","5243","THE ADELAIDE HILLS COUNCIL",2,0,0,0,0,2014,"September","Monday","04:25 pm","060","Cross Road","Straight road","Slope","Not Applicable","Sealed","Dry","Not Raining","Daylight","Right Angle","01","Driver Rider","1: PDO","Give Way Sign","","",1350482.5,1663462.13,"13504831663462"
"2014-12226-27/05/2021","2 Metropolitan","GLYNDE","5070","CC OF NORWOOD,PAYNEHAM & ST PETERS",2,0,0,0,0,2014,"September","Monday","05:55 pm","050","Cross Road","Straight road","Level","Not Applicable","Sealed","Dry","Not Raining","Daylight","Right Angle","02","Driver Rider","1: PDO","Stop Sign","","",1333278.73,1674054.2,"13332791674054"
"2014-12227-27/05/2021","2 Metropolitan","MITCHELL PARK","5043","CC MARION.                    ",2,1,0,0,1,2014,"September","Monday","04:45 pm","060","Divided Road","Straight road","Level","Not Applicable","Sealed","Dry","Not Raining","Daylight","Rear End","01","Driver Rider","2: MI","No Control","","",1324361.43,1662147.86,"13243611662148"
"2014-12228-27/05/2021","2 Metropolitan","NORTH PLYMPTON","5037","CITY OF WEST TORRENS",2,0,0,0,0,2014,"September","Monday","02:30 pm","050","Not Divided","Straight road","Level","Not Applicable","Sealed","Dry","Not Raining","Daylight","Hit Parked Vehicle","01","Driver Rider","1: PDO","No Control","","",1324065.89,1667391,"13240661667391"
"2014-12229-27/05/2021","2 Metropolitan","VALLEY VIEW","5093","CITY OF TEA TREE GULLY",2,1,0,0,1,2014,"September","Monday","08:40 pm","060","T-Junction","Straight road","Level","Not Applicable","Sealed","Dry","Not Raining","Night","Right Angle","01","Driver Rider","2: MI","No Control","","",1335407.18,1679584.11,"13354071679584"
"2014-12230-27/05/2021","3 Country","ANGASTON","5353","THE BAROSSA COUNCIL.",2,0,0,0,0,2014,"September","Monday","10:40 pm","080","Not Divided","Straight road","Level","Not Applicable","Sealed","Dry","Not Raining","Night","Hit Fixed Object","01","Driver Rider","1: PDO","No Control","","",1368603.09,1715546.04,"13686031715546"
"2014-12231-27/05/2021","3 Country","ANGASTON","5353","THE BAROSSA COUNCIL.",2,0,0,0,0,2014,"September","Monday","10:47 pm","080","Not Divided","CURVED, VIEW OBSCURED","Slope","Not Applicable","Sealed","Dry","Not Raining","Night","Hit Fixed Object","01","Driver Rider","1: PDO","No Control","","",1370281.23,1715539.96,"13702811715540"
"2014-12232-27/05/2021","3 Country","PERPONDA","5308","DC KAROONDA EAST MURRAY.      ",2,1,1,0,0,2014,"September","Monday","07:00 pm","100","Not Divided","CURVED, VIEW OPEN","Level","Not Applicable","Unsealed","Dry","Not Raining","Night","Hit Fixed Object","01","Driver Rider","4: Fatal","No Control","","Y",1440796.33,1665109.1,"14407961665109"
"2014-12233-27/05/2021","2 Metropolitan","JUPITER CREEK","5153","DC MT.BARKER.                 ",2,0,0,0,0,2014,"September","Saturday","09:30 am","060","Not Divided","CURVED, VIEW OBSCURED","Slope","Not Applicable","Unsealed","Dry","Not Raining","Daylight","Hit Fixed Object","09","Other","1: PDO","No Control","","",1340819.04,1646070.31,"13408191646070"
"2014-12234-27/05/2021","2 Metropolitan","WEST RICHMOND","5033","CITY OF WEST TORRENS",2,0,0,0,0,2014,"September","Tuesday","07:15 am","060","T-Junction","Straight road","Level","Not Applicable","Sealed","Dry","Not Raining","Daylight","Right Angle","02","Driver Rider","1: PDO","No Control","","",1324152.34,1669466.07,"13241521669466"
"2014-12235-27/05/2021","2 Metropolitan","PAYNEHAM","5070","CC OF NORWOOD,PAYNEHAM & ST PETERS",5,1,0,0,1,2014,"September","Tuesday","07:30 am","060","Divided Road","Straight road","Level","Not Applicable","Sealed","Dry","Not Raining","Daylight","Rear End","02","Driver Rider","2: MI","No Control","","",1332243.23,1673826.84,"13322431673827"
"2014-12236-27/05/2021","3 Country","APY","872",,1,2,0,0,2,2014,"September","Monday","03:30 pm","100","Not Divided","CURVED, VIEW OPEN","Slope","Roadworks","Unsealed","Dry","Not Raining","Daylight","Left Road - Out of Control","01","Driver Rider","2: MI","No Control","","",521980.13,2634148.19,"05219802634148"
"2014-12237-27/05/2021","2 Metropolitan","CAVAN","5094","CITY OF SALISBURY",2,0,0,0,0,2014,"September","Tuesday","08:00 am","070","Cross Road","Straight road","Level","Not Applicable","Sealed","Dry","Not Raining","Daylight","Rear End","02","Driver Rider","1: PDO","Traffic Signals","","",1328738.31,1681559.52,"13287381681560"
"2014-12238-27/05/2021","2 Metropolitan","CLARENCE PARK","5034","CITY OF UNLEY",2,0,0,0,0,2014,"September","Tuesday","08:50 am","040","Not Divided","Straight road","Level","Driveway or Entrance","Sealed","Dry","Not Raining","Daylight","Right Angle","01","Driver Rider","1: PDO","No Control","","",1327419.4,1666829.04,"13274191666829"