"REPORT_ID","Stats Area","Suburb","Postcode","LGA Name","Total Units","Total Cas","Total Fats","Total SI","Total MI","Year","Month","Day","Time","Area Speed","Position Type","Horizontal Align","Vertical Align","Other Feat","Road Surface","Moisture Cond","Weather Cond","DayNight","Crash Type","Unit Resp","Entity Code","CSEF Severity","Traffic Ctrls","DUI Involved","Drugs Involved","ACCLOC_X","ACCLOC_Y","UNIQUE_LOC"
"2014-12880-27/05/2021","2 Metropolitan","MAGILL","5072","CITY OF BURNSIDE",2,0,0,0,0,2014,"October","Wednesday","06:40 pm","060","Divided Road","Straight road","Slope","Not Applicable","Sealed","Dry","Not Raining","Daylight","Hit Parked Vehicle","02","Driver Rider","1: PDO","No Control","","",1336164.95,1671852.87,"13361651671853"
"2014-12881-27/05/2021","2 Metropolitan","HACKNEY","5069","CC OF NORWOOD,PAYNEHAM & ST PETERS",2,0,0,0,0,2014,"October","Wednesday","04:45 pm","060","Divided Road","Straight road","Level","Not Applicable","Sealed","Dry","Not Raining","Daylight","Rear End","01","Driver Rider","1: PDO","No Control","","",1329810.36,1671892.08,"13298101671892"
"2014-12882-27/05/2021","2 Metropolitan","ABERFOYLE PARK","5159","CITY OF ONKAPARINGA",2,0,0,0,0,2014,"October","Thursday","08:30 am","050","T-Junction","CURVED, VIEW OPEN","Bottom of Hill","Not Applicable","Sealed","Dry","Not Raining","Daylight","Right Angle","01","Driver Rider","1: PDO","No Control","","",1329446.7,1655863.46,"13294471655863"
"2014-12883-27/05/2021","2 Metropolitan","TROTT PARK","5158","CC MARION.                    ",2,1,0,0,1,2014,"October","Thursday","08:30 am","040","Divided Road","Straight road","Level","Roadworks","Sealed","Dry","Not Raining","Daylight","Rear End","01","Driver Rider","2: MI","No Control","","",1322989.18,1653532,"13229891653532"
"2014-12884-27/05/2021","2 Metropolitan","POORAKA","5095","CITY OF SALISBURY",2,0,0,0,0,2014,"October","Wednesday","02:32 pm","060","T-Junction","Straight road","Level","Not Applicable","Sealed","Dry","Not Raining","Daylight","Right Angle","01","Driver Rider","1: PDO","Traffic Signals","","",1331015.05,1680310.68,"13310151680311"
"2014-12885-27/05/2021","2 Metropolitan","KENT TOWN","5067","CC OF NORWOOD,PAYNEHAM & ST PETERS",2,0,0,0,0,2014,"October","Thursday","10:46 am","060","Cross Road","Straight road","Level","Not Applicable","Sealed","Dry","Not Raining","Daylight","Right Turn","01","Driver Rider","1: PDO","Traffic Signals","","",1329923.35,1671041.33,"13299231671041"
"2014-12886-27/05/2021","3 Country","BORRIKA","5309","DC KAROONDA EAST MURRAY.      ",2,1,0,1,0,2014,"October","Wednesday","10:30 pm","110","Not Divided","Straight road","Level","Not Applicable","Sealed","Dry","Not Raining","Night","Hit Fixed Object","01","Driver Rider","3: SI","No Control","","",1462957.68,1657803.8,"14629581657804"
"2014-12887-27/05/2021","2 Metropolitan","HINDMARSH","5007","CITY OF CHARLES STURT",2,0,0,0,0,2014,"October","Thursday","07:30 am","060","T-Junction","Straight road","Level","Not Applicable","Sealed","Dry","Not Raining","Daylight","Side Swipe","02","Driver Rider","1: PDO","No Control","","",1326272.12,1672838.58,"13262721672839"
"2014-12888-27/05/2021","2 Metropolitan","MAYLANDS","5069","CC OF NORWOOD,PAYNEHAM & ST PETERS",2,0,0,0,0,2014,"October","Monday","05:20 pm","060","Divided Road","Straight road","Level","Not Applicable","Sealed","Dry","Not Raining","Daylight","Rear End","02","Driver Rider","1: PDO","No Control","","",1332221.21,1672265.54,"13322211672266"
"2014-12889-27/05/2021","3 Country","PORT AUGUSTA","5700","CC PT.AUGUSTA.                ",2,0,0,0,0,2014,"October","Thursday","12:30 pm","050","Not Divided","Straight road","Level","Not Applicable","Sealed","Dry","Not Raining","Daylight","Right Angle","01","Driver Rider","1: PDO","No Control","","",1259181.23,1942539.34,"12591811942539"
"2014-12890-27/05/2021","2 Metropolitan","KINGSWOOD","5062","CC MITCHAM.                   ",2,0,0,0,0,2014,"October","Thursday","12:45 pm","060","Not Divided","Straight road","Level","Not Applicable","Sealed","Dry","Not Raining","Daylight","Hit Parked Vehicle","01","Driver Rider","1: PDO","No Control","","",1329757.56,1666224.57,"13297581666225"
"2014-12891-27/05/2021","3 Country","GERMEIN BAY","5495","DC MT.REMARKABLE.             ",2,3,0,1,2,2014,"October","Thursday","08:45 am","110","T-Junction","Straight road","Level","Not Applicable","Sealed","Dry","Not Raining","Daylight","Right Angle","01","Driver Rider","3: SI","No Control","","",1285637.89,1873812.55,"12856381873813"
"2014-12892-27/05/2021","2 Metropolitan","ST KILDA","5110","CITY OF SALISBURY",1,1,0,0,1,2014,"October","Thursday","02:15 pm","080","Not Divided","Straight road","Level","Not Applicable","Sealed","Dry","Not Raining","Daylight","Roll Over","01","Driver Rider","2: MI","No Control","","",1325031.76,1692410.59,"13250321692411"
"2014-12893-27/05/2021","2 Metropolitan","WOODCROFT","5162","CITY OF ONKAPARINGA",2,1,0,0,1,2014,"October","Wednesday","09:15 pm","050","Pedestrian Crossing","Straight road","Level","Not Applicable","Sealed","Dry","Not Raining","Night","Hit Pedestrian","01","Driver Rider","2: MI","Traffic Signals","Y","",1323769.74,1652263.75,"13237701652264"
"2014-12894-27/05/2021","2 Metropolitan","WATERLOO CORNER","5110","CITY OF SALISBURY",2,0,0,0,0,2014,"October","Thursday","02:00 pm","090","Divided Road","Straight road","Level","Not Applicable","Sealed","Dry","Not Raining","Daylight","Rear End","01","Driver Rider","1: PDO","No Control","","",1327474.98,1692682.54,"13274751692683"
"2014-12895-27/05/2021","2 Metropolitan","ST MARYS","5042","CC MITCHAM.                   ",2,0,0,0,0,2014,"October","Wednesday","10:30 am","060","Cross Road","Straight road","Level","Not Applicable","Sealed","Dry","Not Raining","Daylight","Rear End","02","Driver Rider","1: PDO","Traffic Signals","","",1325962.44,1663322.78,"13259621663323"
"2014-12896-27/05/2021","2 Metropolitan","TWO WELLS","5501","DC MALLALA.                   ",3,2,0,0,2,2014,"October","Thursday","04:30 pm","080","Cross Road","Straight road","Level","Not Applicable","Sealed","Dry","Not Raining","Daylight","Right Turn","02","Driver Rider","2: MI","Give Way Sign","","",1323564.13,1705350.5,"13235641705351"
"2014-12897-27/05/2021","2 Metropolitan","STURT","5047","CC MARION.                    ",2,0,0,0,0,2014,"October","Thursday","05:15 pm","060","T-Junction","Straight road","Slope","Not Applicable","Sealed","Dry","Not Raining","Daylight","Rear End","02","Driver Rider","1: PDO","Give Way Sign","","",1324095.63,1659437.07,"13240961659437"
"2014-12898-27/05/2021","2 Metropolitan","MORPHETT VALE","5162","CITY OF ONKAPARINGA",2,0,0,0,0,2014,"October","Thursday","03:30 pm","060","T-Junction","Straight road","Level","Not Applicable","Sealed","Dry","Not Raining","Daylight","Rear End","02","Driver Rider","1: PDO","No Control","","",1321977.42,1648382.85,"13219771648383"
"2014-12899-27/05/2021","2 Metropolitan","HECTORVILLE","5073","CC CAMPBELLTOWN.              ",2,0,0,0,0,2014,"October","Thursday","05:20 pm","060","T-Junction","Straight road","Level","Not Applicable","Sealed","Dry","Not Raining","Daylight","Right Angle","01","Driver Rider","1: PDO","No Control","","",1334788.99,1674537.09,"13347891674537"
"2014-12900-27/05/2021","2 Metropolitan","COROMANDEL VALLEY","5051","CITY OF ONKAPARINGA",2,1,0,0,1,2014,"October","Wednesday","10:30 pm","060","Not Divided","CURVED, VIEW OPEN","Slope","Not Applicable","Sealed","Dry","Not Raining","Night","Hit Fixed Object","01","Driver Rider","2: MI","No Control","","",1329801.44,1656002.3,"13298011656002"
"2014-12901-27/05/2021","2 Metropolitan","PORT ADELAIDE","5015","CITY OF PORT ADELAIDE ENFIELD",2,0,0,0,0,2014,"October","Wednesday","07:30 pm","060","Cross Road","Straight road","Level","Roadworks","Sealed","Dry","Not Raining","Night","Right Angle","02","Driver Rider","1: PDO","Traffic Signals","","",1320509.08,1679073.54,"13205091679074"
"2014-12902-27/05/2021","3 Country","PORT LINCOLN","5606","CC PT.LINCOLN.                ",2,0,0,0,0,2014,"October","Thursday","06:00 pm","050","T-Junction","Straight road","Slope","Not Applicable","Sealed","Dry","Not Raining","Daylight","Hit Parked Vehicle","02","Driver Rider","1: PDO","No Control","","",1077485.16,1698648.43,"10774851698648"
"2014-12903-27/05/2021","2 Metropolitan","GEPPS CROSS","5094","CITY OF PORT ADELAIDE ENFIELD",2,2,0,0,2,2014,"October","Thursday","06:40 pm","060","Multiple","Straight road","Level","Not Applicable","Sealed","Dry","Not Raining","Daylight","Rear End","01","Driver Rider","2: MI","Traffic Signals","","",1328797.53,1679280.27,"13287981679280"
"2014-12904-27/05/2021","2 Metropolitan","MUNNO PARA","5115","CITY OF PLAYFORD.",2,0,0,0,0,2014,"October","Thursday","06:15 pm","060","Divided Road","Straight road","Level","Not Applicable","Sealed","Dry","Not Raining","Daylight","Rear End","02","Driver Rider","1: PDO","No Control","","",1336579.52,1698594.46,"13365801698594"
"2014-12905-27/05/2021","3 Country","PENRICE","5353","THE BAROSSA COUNCIL.",2,0,0,0,0,2014,"October","Thursday","05:00 pm","080","Not Divided","CURVED, VIEW OBSCURED","Slope","Not Applicable","Sealed","Dry","Not Raining","Daylight","Hit Fixed Object","01","Driver Rider","1: PDO","No Control","Y","",1370375.68,1718340.13,"13703761718340"
"2014-12906-27/05/2021","2 Metropolitan","LONSDALE","5160","CITY OF ONKAPARINGA",2,0,0,0,0,2014,"October","Wednesday","01:15 am","080","Divided Road","Straight road","Level","Not Applicable","Sealed","Dry","Not Raining","Night","Hit Animal","02","Animal","1: PDO","No Control","","",1317889.2,1650048.2,"13178891650048"
"2014-12907-27/05/2021","3 Country","HAMLEY BRIDGE","5401","WAKEFIELD REGIONAL COUNCIL",2,0,0,0,0,2014,"October","Wednesday","04:40 pm","080","Not Divided","CURVED, VIEW OBSCURED","Slope","Not Applicable","Sealed","Dry","Not Raining","Daylight","Head On","02","Driver Rider","1: PDO","No Control","Y","",1337633.63,1734139.45,"13376341734139"
"2014-12908-27/05/2021","2 Metropolitan","ONKAPARINGA HILLS","5163","CITY OF ONKAPARINGA",2,1,0,1,0,2014,"October","Friday","07:00 am","060","Not Divided","Straight road","Slope","Not Applicable","Sealed","Dry","Not Raining","Daylight","Hit Fixed Object","01","Driver Rider","3: SI","No Control","","Y",1324175.98,1649942.82,"13241761649943"
"2014-12909-27/05/2021","2 Metropolitan","GAWLER","5118","CT GAWLER.                    ",2,2,0,0,2,2014,"October","Thursday","04:00 pm","050","Not Divided","Straight road","Level","Not Applicable","Sealed","Dry","Not Raining","Daylight","Rear End","02","Driver Rider","2: MI","No Control","","",1343360.41,1706837.87,"13433601706838"
"2014-12910-27/05/2021","2 Metropolitan","ELIZABETH PARK","5113","CITY OF PLAYFORD.",2,0,0,0,0,2014,"October","Friday","07:50 am","080","Divided Road","Straight road","Level","Not Applicable","Sealed","Dry","Not Raining","Daylight","Hit Parked Vehicle","01","Driver Rider","1: PDO","No Control","","",1336209.58,1694149.75,"13362101694150"
"2014-12911-27/05/2021","2 Metropolitan","MORPHETT VALE","5162","CITY OF ONKAPARINGA",2,0,0,0,0,2014,"October","Friday","08:45 am","060","Cross Road","Straight road","Level","Not Applicable","Sealed","Dry","Not Raining","Daylight","Rear End","02","Driver Rider","1: PDO","Roundabout","","",1321966.86,1648723.81,"13219671648724"
"2014-12912-27/05/2021","2 Metropolitan","WELLAND","5007","CITY OF CHARLES STURT",2,0,0,0,0,2014,"October","Friday","07:20 am","050","Not Divided","Straight road","Level","Not Applicable","Sealed","Dry","Not Raining","Daylight","Hit Parked Vehicle","02","Driver Rider","1: PDO","No Control","","",1324901.35,1672539.42,"13249011672539"
"2014-12913-27/05/2021","2 Metropolitan","GEPPS CROSS","5094","CITY OF PORT ADELAIDE ENFIELD",2,0,0,0,0,2014,"October","Friday","09:00 am","060","Cross Road","Straight road","Level","Not Applicable","Sealed","Dry","Not Raining","Daylight","Rear End","01","Driver Rider","1: PDO","Traffic Signals","","",1327168.52,1679219.26,"13271691679219"
"2014-12914-27/05/2021","3 Country","HINDMARSH VALLEY","5211","DC VICTOR HARBOR.             ",2,1,0,1,0,2014,"October","Friday","08:40 am","080","Not Divided","Straight road","Crest of Hill","Not Applicable","Sealed","Dry","Not Raining","Daylight","Rear End","01","Driver Rider","3: SI","No Control","","",1328638.83,1604801.59,"13286391604802"
"2014-12915-27/05/2021","2 Metropolitan","WOODVILLE NORTH","5012","CITY OF CHARLES STURT",2,1,0,0,1,2014,"October","Friday","10:09 am","060","Cross Road","Straight road","Level","Not Applicable","Sealed","Dry","Not Raining","Daylight","Right Turn","01","Driver Rider","2: MI","Traffic Signals","","",1323535.02,1676767,"13235351676767"
"2014-12916-27/05/2021","2 Metropolitan","NEWTON","5074","CC CAMPBELLTOWN.              ",2,0,0,0,0,2014,"October","Friday","09:30 am","060","Cross Road","Straight road","Level","Not Applicable","Sealed","Dry","Not Raining","Daylight","Right Turn","01","Driver Rider","1: PDO","Traffic Signals","","",1335409,1674565.16,"13354091674565"
"2014-12917-27/05/2021","1 City","ADELAIDE","5000","CITY OF ADELAIDE",2,0,0,0,0,2014,"October","Friday","10:45 am","050","Divided Road","Straight road","Level","Not Applicable","Sealed","Dry","Not Raining","Daylight","Side Swipe","02","Driver Rider","1: PDO","No Control","","",1328550.8,1670387.21,"13285511670387"
"2014-12918-27/05/2021","2 Metropolitan","PENFIELD","5121","CITY OF PLAYFORD.",2,2,0,0,2,2014,"October","Friday","10:35 am","060","Cross Road","Straight road","Level","Not Applicable","Sealed","Dry","Not Raining","Daylight","Right Angle","02","Driver Rider","2: MI","Stop Sign","","",1334450.71,1695787.2,"13344511695787"
"2014-12919-27/05/2021","2 Metropolitan","MYRTLE BANK","5064","CITY OF UNLEY",2,1,0,0,1,2014,"October","Friday","07:50 am","060","T-Junction","Straight road","Level","Not Applicable","Sealed","Dry","Not Raining","Daylight","Rear End","01","Driver Rider","2: MI","Give Way Sign","","",1331863.19,1667177.87,"13318631667178"
"2014-12920-27/05/2021","1 City","ADELAIDE","5000","CITY OF ADELAIDE",2,0,0,0,0,2014,"October","Friday","10:40 am","050","Not Divided","Straight road","Level","Not Applicable","Sealed","Dry","Not Raining","Daylight","Rear End","02","Driver Rider","1: PDO","No Control","","",1328402.49,1670185.62,"13284021670186"
"2014-12921-27/05/2021","3 Country","STREAKY BAY","5680","DC STREAKY BAY.               ",2,0,0,0,0,2014,"October","Wednesday","02:45 pm","050","Not Divided","Straight road","Slope","Not Applicable","Sealed","Dry","Not Raining","Daylight","Hit Fixed Object","01","Driver Rider","1: PDO","No Control","","",926280.71,1911562.91,"09262811911563"
"2014-12922-27/05/2021","2 Metropolitan","THEBARTON","5031","CITY OF WEST TORRENS",2,1,0,0,1,2014,"October","Friday","07:30 am","060","T-Junction","Straight road","Level","Not Applicable","Sealed","Dry","Not Raining","Daylight","Rear End","01","Driver Rider","2: MI","Traffic Signals","","",1326528.92,1672107.91,"13265291672108"
"2014-12923-27/05/2021","3 Country","WUDINNA","5652","DC WUDINNA. (DC LE HUNTE.)",1,0,0,0,0,2014,"October","Thursday","07:00 am","110","Not Divided","Straight road","Level","Not Applicable","Sealed","Dry","Not Raining","Daylight","Left Road - Out of Control","01","Driver Rider","1: PDO","No Control","","",1046757.74,1879869.99,"10467581879870"
"2014-12924-27/05/2021","2 Metropolitan","GEPPS CROSS","5094","CITY OF PORT ADELAIDE ENFIELD",3,0,0,0,0,2014,"October","Friday","10:41 am","060","Divided Road","Straight road","Level","Not Applicable","Sealed","Dry","Not Raining","Daylight","Side Swipe","01","Driver Rider","1: PDO","No Control","","",1328951.4,1679283.63,"13289511679284"
"2014-12925-27/05/2021","2 Metropolitan","HOLDEN HILL","5088","CITY OF PORT ADELAIDE ENFIELD",2,1,0,0,1,2014,"October","Friday","09:20 am","060","Divided Road","Straight road","Slope","Median Opening (not at I/S)","Sealed","Dry","Not Raining","Daylight","Right Turn","01","Driver Rider","2: MI","No Control","","",1334014.78,1678220.96,"13340151678221"
"2014-12926-27/05/2021","2 Metropolitan","GAWLER EAST","5118","CT GAWLER.                    ",2,0,0,0,0,2014,"October","Friday","08:40 am","050","Not Divided","Straight road","Level","Driveway or Entrance","Sealed","Dry","Not Raining","Daylight","Right Angle","02","Driver Rider","1: PDO","No Control","","",1344354.51,1706543.35,"13443551706543"
"2014-12927-27/05/2021","2 Metropolitan","SALISBURY PARK","5109","CITY OF SALISBURY",2,1,0,1,0,2014,"October","Friday","07:45 am","080","Divided Road","Straight road","Level","Not Applicable","Sealed","Dry","Not Raining","Daylight","Hit Parked Vehicle","01","Driver Rider","3: SI","No Control","","",1336036.91,1688917.95,"13360371688918"
"2014-12928-27/05/2021","2 Metropolitan","PARA HILLS WEST","5096","CITY OF SALISBURY",2,0,0,0,0,2014,"October","Friday","12:28 pm","080","Divided Road","Straight road","Level","Roadworks","Sealed","Dry","Not Raining","Daylight","Rear End","01","Driver Rider","1: PDO","No Control","","",1332788.81,1684723.91,"13327891684724"
"2014-12929-27/05/2021","2 Metropolitan","FOREST RANGE","5139","THE ADELAIDE HILLS COUNCIL",1,1,0,0,1,2014,"October","Friday","09:45 am","080","Divided Road","Straight road","Slope","Not Applicable","Sealed","Dry","Not Raining","Daylight","Roll Over","01","Driver Rider","2: MI","No Control","","",1345809.74,1668529.27,"13458101668529"
"2014-12930-27/05/2021","2 Metropolitan","MANNINGHAM","5086","CITY OF PORT ADELAIDE ENFIELD",4,0,0,0,0,2014,"October","Thursday","06:25 pm","060","Divided Road","Straight road","Level","Not Applicable","Sealed","Dry","Not Raining","Daylight","Rear End","02","Driver Rider","1: PDO","No Control","","",1330603.92,1675324.56,"13306041675325"
"2014-12931-27/05/2021","2 Metropolitan","BRIGHTON","5048","CITY OF HOLDFAST BAY",3,0,0,0,0,2014,"October","Friday","08:30 am","050","Cross Road","Straight road","Level","Not Applicable","Sealed","Dry","Not Raining","Daylight","Right Angle","02","Driver Rider","1: PDO","Give Way Sign","","",1320805.5,1660798.51,"13208061660799"
"2014-12932-27/05/2021","2 Metropolitan","EDEN HILLS","5050","CC MITCHAM.                   ",2,0,0,0,0,2014,"October","Friday","12:05 pm","060","Not Divided","Straight road","Slope","Not Applicable","Sealed","Dry","Not Raining","Daylight","Side Swipe","02","Driver Rider","1: PDO","No Control","","",1328541.99,1659606.45,"13285421659606"
"2014-12933-27/05/2021","1 City","NORTH ADELAIDE","5006","CITY OF ADELAIDE",3,1,0,0,1,2014,"October","Friday","12:30 pm","050","T-Junction","Straight road","Level","Not Applicable","Sealed","Dry","Not Raining","Daylight","Rear End","01","Driver Rider","2: MI","No Control","","",1329296.88,1672760.34,"13292971672760"
"2014-12934-27/05/2021","2 Metropolitan","THEBARTON","5031","CITY OF WEST TORRENS",3,0,0,0,0,2014,"October","Friday","11:45 am","050","Cross Road","Straight road","Level","Not Applicable","Sealed","Dry","Not Raining","Daylight","Hit Parked Vehicle","01","Driver Rider","1: PDO","Stop Sign","","",1326375.22,1671448.09,"13263751671448"
"2014-12935-27/05/2021","2 Metropolitan","HAHNDORF","5245","DC MT.BARKER.                 ",2,0,0,0,0,2014,"October","Friday","11:30 am","080","T-Junction","Straight road","Level","Not Applicable","Sealed","Dry","Not Raining","Daylight","Right Angle","01","Driver Rider","1: PDO","No Control","","",1345913.09,1659558.73,"13459131659559"
"2014-12936-27/05/2021","2 Metropolitan","GLENSIDE","5065","CITY OF BURNSIDE",2,0,0,0,0,2014,"October","Thursday","09:50 am","060","Cross Road","Straight road","Level","Not Applicable","Sealed","Dry","Not Raining","Daylight","Rear End","02","Driver Rider","1: PDO","Traffic Signals","","",1330687.25,1668997.74,"13306871668998"
"2014-12937-27/05/2021","2 Metropolitan","MODBURY HEIGHTS","5092","CITY OF TEA TREE GULLY",2,3,0,1,2,2014,"October","Friday","01:45 pm","050","Not Divided","Straight road","Slope","Not Applicable","Sealed","Dry","Not Raining","Daylight","Head On","01","Driver Rider","3: SI","No Control","","",1336961.23,1682810.51,"13369611682811"
"2014-12938-27/05/2021","1 City","ADELAIDE","5000","CITY OF ADELAIDE",2,2,0,0,2,2014,"October","Friday","12:00 pm","025","Not Divided","Straight road","Level","Roadworks","Sealed","Dry","Not Raining","Daylight","Rear End","02","Driver Rider","2: MI","No Control","","",1327924.69,1670533.66,"13279251670534"
"2014-12939-27/05/2021","2 Metropolitan","WEST HINDMARSH","5007","CITY OF CHARLES STURT",2,0,0,0,0,2014,"October","Friday","07:30 am","050","T-Junction","Straight road","Level","Not Applicable","Sealed","Dry","Not Raining","Daylight","Hit Fixed Object","01","Driver Rider","1: PDO","No Control","","",1325043.44,1672643.59,"13250431672644"
"2014-12940-27/05/2021","2 Metropolitan","SEACOMBE GARDENS","5047","CC MARION.                    ",2,0,0,0,0,2014,"October","Friday","04:25 pm","060","Divided Road","Straight road","Level","Not Applicable","Sealed","Dry","Not Raining","Daylight","Rear End","02","Driver Rider","1: PDO","No Control","","",1322950.55,1660631.92,"13229511660632"
"2014-12941-27/05/2021","2 Metropolitan","SALISBURY DOWNS","5108","CITY OF SALISBURY",2,0,0,0,0,2014,"October","Friday","02:15 pm","060","Not Divided","Straight road","Level","Not Applicable","Sealed","Dry","Not Raining","Daylight","Rear End","02","Driver Rider","1: PDO","No Control","","",1331341.3,1686904.71,"13313411686905"
"2014-12942-27/05/2021","2 Metropolitan","MUNNO PARA","5115","CITY OF PLAYFORD.",3,3,0,0,3,2014,"October","Friday","02:40 pm","060","Divided Road","Straight road","Level","Not Applicable","Sealed","Dry","Not Raining","Daylight","Rear End","01","Driver Rider","2: MI","No Control","","Y",1337553.36,1698089.63,"13375531698090"
"2014-12943-27/05/2021","2 Metropolitan","SMITHFIELD","5114","CITY OF PLAYFORD.",3,0,0,0,0,2014,"October","Friday","04:00 pm","050","T-Junction","Straight road","Level","Not Applicable","Sealed","Dry","Not Raining","Daylight","Right Angle","01","Driver Rider","1: PDO","No Control","","",1337169.84,1697593.38,"13371701697593"
"2014-12944-27/05/2021","2 Metropolitan","WALKERVILLE","5081","WALKERVILLE TOWN COUNCIL",2,0,0,0,0,2014,"October","Friday","07:45 am","060","Divided Road","Straight road","Level","Not Applicable","Sealed","Dry","Not Raining","Daylight","Side Swipe","01","Driver Rider","1: PDO","No Control","","",1329555.58,1674322.6,"13295561674323"
"2014-12945-27/05/2021","2 Metropolitan","HINDMARSH","5007","CITY OF CHARLES STURT",2,0,0,0,0,2014,"October","Friday","04:20 pm","060","T-Junction","Straight road","Level","Not Applicable","Sealed","Dry","Not Raining","Daylight","Right Turn","02","Driver Rider","1: PDO","Give Way Sign","","",1325751.39,1673287.71,"13257511673288"
"2014-12946-27/05/2021","2 Metropolitan","OVINGHAM","5082","CITY OF CHARLES STURT",2,0,0,0,0,2014,"October","Friday","04:48 pm","060","Divided Road","Straight road","Level","Not Applicable","Sealed","Dry","Not Raining","Daylight","Rear End","02","Driver Rider","1: PDO","No Control","","",1327217.81,1673354.76,"13272181673355"
"2014-12947-27/05/2021","2 Metropolitan","POORAKA","5095","CITY OF SALISBURY",2,0,0,0,0,2014,"October","Friday","05:40 pm","070","Cross Road","Straight road","Level","Not Applicable","Sealed","Dry","Not Raining","Daylight","Rear End","02","Driver Rider","1: PDO","Traffic Signals","","",1330499.62,1681832.25,"13305001681832"
"2014-12948-27/05/2021","2 Metropolitan","DAW PARK","5041","CC MITCHAM.                   ",2,1,0,0,1,2014,"October","Friday","02:50 pm","060","Cross Road","Straight road","Level","Not Applicable","Sealed","Dry","Not Raining","Daylight","Right Turn","02","Driver Rider","2: MI","Stop Sign","","",1327566.91,1664523.49,"13275671664523"
"2014-12949-27/05/2021","2 Metropolitan","KENT TOWN","5067","CC OF NORWOOD,PAYNEHAM & ST PETERS",2,0,0,0,0,2014,"October","Friday","02:20 pm","050","Not Divided","Straight road","Slope","Not Applicable","Sealed","Dry","Not Raining","Daylight","Hit Fixed Object","01","Driver Rider","1: PDO","No Control","","",1330346,1671214.84,"13303461671215"
"2014-12950-27/05/2021","2 Metropolitan","EDEN HILLS","5050","CC MITCHAM.                   ",2,2,0,0,2,2014,"October","Friday","05:34 pm","060","Divided Road","Straight road","Slope","Not Applicable","Sealed","Dry","Not Raining","Daylight","Rear End","01","Driver Rider","2: MI","No Control","","",1328427.43,1659506.65,"13284271659507"
"2014-12951-27/05/2021","2 Metropolitan","KANGARILLA","5157","CITY OF ONKAPARINGA",3,1,0,0,1,2014,"October","Friday","04:25 pm","080","Not Divided","CURVED, VIEW OBSCURED","Level","Driveway or Entrance","Sealed","Dry","Not Raining","Daylight","Rear End","01","Driver Rider","2: MI","No Control","","",1335426.16,1644294.22,"13354261644294"
"2014-12952-27/05/2021","2 Metropolitan","NORWOOD","5067","CC OF NORWOOD,PAYNEHAM & ST PETERS",2,0,0,0,0,2014,"October","Friday","06:30 pm","060","Cross Road","Straight road","Level","Not Applicable","Sealed","Dry","Not Raining","Daylight","Rear End","01","Driver Rider","1: PDO","Stop Sign","","",1331251.63,1670382.85,"13312521670383"
"2014-12953-27/05/2021","2 Metropolitan","HACKNEY","5069","CC OF NORWOOD,PAYNEHAM & ST PETERS",2,2,0,0,2,2014,"October","Friday","02:50 pm","060","Not Divided","Straight road","Level","Not Applicable","Sealed","Dry","Not Raining","Daylight","Rear End","02","Driver Rider","2: MI","No Control","","",1330180.7,1671473.52,"13301811671474"
"2014-12954-27/05/2021","2 Metropolitan","FULHAM GARDENS","5024","CITY OF CHARLES STURT",2,0,0,0,0,2014,"October","Friday","09:21 pm","050","Divided Road","Straight road","Level","Driveway or Entrance","Sealed","Dry","Not Raining","Night","Right Angle","02","Driver Rider","1: PDO","No Control","","",1320732.46,1672376.68,"13207321672377"
"2014-12955-27/05/2021","3 Country","PORT PIRIE","5540","PT.PIRIE CITY & DIST. COUNCIL ",2,1,0,0,1,2014,"October","Friday","06:40 pm","050","Cross Road","Straight road","Level","Not Applicable","Sealed","Dry","Not Raining","Daylight","Right Angle","02","Driver Rider","2: MI","Roundabout","","",1280097.15,1865446.01,"12800971865446"
"2014-12956-27/05/2021","2 Metropolitan","SALISBURY DOWNS","5108","CITY OF SALISBURY",2,0,0,0,0,2014,"October","Friday","08:12 pm","060","Cross Road","Straight road","Level","Not Applicable","Sealed","Dry","Not Raining","Night","Rear End","01","Driver Rider","1: PDO","Traffic Signals","","",1331438.94,1686827.09,"13314391686827"
"2014-12957-27/05/2021","3 Country","TIATUKIA","5607","DC LOWER EYRE PENINSULA       ",2,0,0,0,0,2014,"October","Friday","08:30 pm","050","Not Divided","Straight road","Slope","Not Applicable","Sealed","Dry","Not Raining","Night","Hit Fixed Object","01","Driver Rider","1: PDO","No Control","","",1077747.21,1705819.67,"10777471705820"
"2014-12958-27/05/2021","2 Metropolitan","LOBETHAL","5241","THE ADELAIDE HILLS COUNCIL",2,0,0,0,0,2014,"October","Friday","08:15 pm","050","Not Divided","Straight road","Level","Not Applicable","Sealed","Dry","Not Raining","Night","Hit Parked Vehicle","02","Driver Rider","1: PDO","No Control","","",1353553.3,1671915.49,"13535531671915"
"2014-12959-27/05/2021","2 Metropolitan","PAYNEHAM","5070","CC OF NORWOOD,PAYNEHAM & ST PETERS",2,0,0,0,0,2014,"October","Friday","09:10 pm","060","Divided Road","Straight road","Level","Not Applicable","Sealed","Dry","Not Raining","Night","Rear End","01","Driver Rider","1: PDO","No Control","","",1332196.73,1673807.67,"13321971673808"