"REPORT_ID","Stats Area","Suburb","Postcode","LGA Name","Total Units","Total Cas","Total Fats","Total SI","Total MI","Year","Month","Day","Time","Area Speed","Position Type","Horizontal Align","Vertical Align","Other Feat","Road Surface","Moisture Cond","Weather Cond","DayNight","Crash Type","Unit Resp","Entity Code","CSEF Severity","Traffic Ctrls","DUI Involved","Drugs Involved","ACCLOC_X","ACCLOC_Y","UNIQUE_LOC"
"2014-13683-27/05/2021","3 Country","WESTERN FLAT","5268","DC TATIARA.                   ",2,1,0,0,1,2014,"November","Monday","01:30 pm","110","Not Divided","CURVED, VIEW OPEN","Level","Not Applicable","Sealed","Dry","Not Raining","Daylight","Hit Fixed Object","01","Driver Rider","2: MI","No Control","","",1511502.36,1477302.04,"15115021477302"
"2014-13684-27/05/2021","2 Metropolitan","BRIDGEWATER","5155","THE ADELAIDE HILLS COUNCIL",2,0,0,0,0,2014,"November","Monday","03:05 pm","060","T-Junction","Straight road","Slope","Not Applicable","Sealed","Dry","Not Raining","Daylight","Rear End","02","Driver Rider","1: PDO","No Control","","",1341811.52,1660826.98,"13418121660827"
"2014-13685-27/05/2021","2 Metropolitan","SEACLIFF PARK","5049","CC MARION.                    ",2,0,0,0,0,2014,"October","Friday","02:10 pm","060","Divided Road","CURVED, VIEW OPEN","Slope","Not Applicable","Sealed","Dry","Not Raining","Daylight","Hit Fixed Object","01","Driver Rider","1: PDO","No Control","","",1321677.68,1658079.38,"13216781658079"
"2014-13686-27/05/2021","2 Metropolitan","WAYVILLE","5034","CITY OF UNLEY",2,0,0,0,0,2014,"November","Monday","04:50 pm","060","Cross Road","Straight road","Level","Not Applicable","Sealed","Dry","Not Raining","Daylight","Rear End","02","Driver Rider","1: PDO","Traffic Signals","","",1326893.44,1668904.96,"13268931668905"
"2014-13687-27/05/2021","2 Metropolitan","WARRADALE","5046","CC MARION.                    ",2,0,0,0,0,2014,"November","Monday","05:00 pm","060","Not Divided","Straight road","Level","Not Applicable","Sealed","Dry","Not Raining","Daylight","Rear End","01","Driver Rider","1: PDO","No Control","","",1322719.23,1662502.51,"13227191662503"
"2014-13688-27/05/2021","2 Metropolitan","NORTH PLYMPTON","5037","CITY OF WEST TORRENS",2,0,0,0,0,2014,"November","Sunday","03:45 pm","060","Divided Road","Straight road","Level","Not Applicable","Sealed","Dry","Not Raining","Daylight","Side Swipe","02","Driver Rider","1: PDO","No Control","","",1324191.6,1667940.53,"13241921667941"
"2014-13689-27/05/2021","2 Metropolitan","WINGFIELD","5013","CITY OF PORT ADELAIDE ENFIELD",2,0,0,0,0,2014,"November","Monday","05:10 pm","060","Cross Road","Straight road","Level","Not Applicable","Sealed","Dry","Not Raining","Daylight","Rear End","01","Driver Rider","1: PDO","Traffic Signals","","",1325562.64,1679196.54,"13255631679197"
"2014-13690-27/05/2021","2 Metropolitan","LEAWOOD GARDENS","5150","CITY OF BURNSIDE",3,1,0,0,1,2014,"November","Monday","05:30 pm","080","Ramp Off","CURVED, VIEW OBSCURED","Crest of Hill","Not Applicable","Sealed","Dry","Not Raining","Daylight","Head On","01","Driver Rider","2: MI","No Control","","",1334837.3,1665812.46,"13348371665812"
"2014-13691-27/05/2021","1 City","ADELAIDE","5000","CITY OF ADELAIDE",3,0,0,0,0,2014,"November","Monday","05:07 pm","060","Not Divided","Straight road","Level","Not Applicable","Sealed","Dry","Not Raining","Daylight","Hit Parked Vehicle","01","Driver Rider","1: PDO","No Control","","",1329850.97,1670702.55,"13298511670703"
"2014-13692-27/05/2021","2 Metropolitan","VALLEY VIEW","5093","CITY OF TEA TREE GULLY",2,2,0,0,2,2014,"November","Monday","05:00 pm","060","Cross Road","Straight road","Level","Not Applicable","Sealed","Dry","Not Raining","Daylight","Right Turn","02","Driver Rider","2: MI","Traffic Signals","","",1335285.41,1679409.95,"13352851679410"
"2014-13693-27/05/2021","2 Metropolitan","SEFTON PARK","5083","CITY OF PORT ADELAIDE ENFIELD",2,0,0,0,0,2014,"October","Friday","02:30 pm","060","T-Junction","Straight road","Level","Not Applicable","Sealed","Dry","Not Raining","Daylight","Right Angle","02","Driver Rider","1: PDO","No Control","","",1329030.84,1676437.2,"13290311676437"
"2014-13694-27/05/2021","2 Metropolitan","ROYAL PARK","5014","CITY OF CHARLES STURT",2,0,0,0,0,2014,"November","Monday","04:55 pm","060","Cross Road","Straight road","Level","Not Applicable","Sealed","Dry","Not Raining","Daylight","Side Swipe","02","Driver Rider","1: PDO","Traffic Signals","","",1320670.5,1677618.27,"13206711677618"
"2014-13695-27/05/2021","2 Metropolitan","CAMPBELLTOWN","5074","CC CAMPBELLTOWN.              ",2,1,0,0,1,2014,"November","Monday","04:45 pm","060","T-Junction","Straight road","Level","Not Applicable","Sealed","Dry","Not Raining","Daylight","Rear End","02","Driver Rider","2: MI","No Control","","",1334409.39,1675619.63,"13344091675620"
"2014-13696-27/05/2021","2 Metropolitan","WOODCROFT","5162","CITY OF ONKAPARINGA",2,0,0,0,0,2014,"November","Monday","03:15 pm","060","Divided Road","Straight road","Crest of Hill","Driveway or Entrance","Sealed","Dry","Not Raining","Daylight","Right Angle","01","Driver Rider","1: PDO","No Control","","",1323305.56,1651089.1,"13233061651089"
"2014-13697-27/05/2021","2 Metropolitan","GLENGOWRIE","5044","CC MARION.                    ",2,0,0,0,0,2014,"November","Monday","07:00 pm","050","Cross Road","Straight road","Level","Not Applicable","Sealed","Dry","Not Raining","Daylight","Right Angle","02","Driver Rider","1: PDO","Give Way Sign","","",1322126.23,1664705.03,"13221261664705"
"2014-13698-27/05/2021","2 Metropolitan","ALDGATE","5154","THE ADELAIDE HILLS COUNCIL",2,0,0,0,0,2014,"November","Monday","03:00 pm","110","Freeway","CURVED, VIEW OPEN","Slope","Not Applicable","Sealed","Dry","Not Raining","Daylight","Hit Fixed Object","01","Driver Rider","1: PDO","No Control","","",1341914.95,1661986.89,"13419151661987"
"2014-13699-27/05/2021","2 Metropolitan","CAVAN","5094","CITY OF SALISBURY",1,1,0,0,1,2014,"November","Monday","08:30 pm","070","Cross Road","Straight road","Level","Not Applicable","Sealed","Dry","Not Raining","Night","Roll Over","01","Driver Rider","2: MI","Traffic Signals","","",1328720.71,1681534.83,"13287211681535"
"2014-13700-27/05/2021","1 City","ADELAIDE","5000","CITY OF ADELAIDE",2,0,0,0,0,2014,"November","Monday","10:30 am","060","Divided Road","Straight road","Level","Not Applicable","Sealed","Dry","Not Raining","Daylight","Rear End","02","Driver Rider","1: PDO","No Control","","",1327356.48,1670592.76,"13273561670593"
"2014-13701-27/05/2021","1 City","ADELAIDE","5000","CITY OF ADELAIDE",2,0,0,0,0,2014,"November","Monday","02:15 pm","050","Cross Road","Straight road","Level","Not Applicable","Sealed","Dry","Not Raining","Daylight","Rear End","01","Driver Rider","1: PDO","Stop Sign","","",1327553.94,1670491.07,"13275541670491"
"2014-13702-27/05/2021","3 Country","HALLETT","5419","REGIONAL COUNCIL OF GOYDER",2,0,0,0,0,2014,"November","Monday","07:30 pm","110","Not Divided","Straight road","Level","Driveway or Entrance","Sealed","Dry","Not Raining","Daylight","Side Swipe","01","Driver Rider","1: PDO","No Control","","",1355046.16,1842672.7,"13550461842673"
"2014-13703-27/05/2021","2 Metropolitan","MAYLANDS","5069","CC OF NORWOOD,PAYNEHAM & ST PETERS",2,0,0,0,0,2014,"November","Tuesday","05:40 pm","060","Cross Road","Straight road","Level","Not Applicable","Sealed","Dry","Not Raining","Daylight","Right Turn","01","Driver Rider","1: PDO","Traffic Signals","","",1332227.63,1671761.35,"13322281671761"
"2014-13704-27/05/2021","2 Metropolitan","CAVAN","5094","CITY OF SALISBURY",2,0,0,0,0,2014,"November","Monday","11:30 am","070","Cross Road","Straight road","Level","Not Applicable","Sealed","Dry","Not Raining","Daylight","Rear End","01","Driver Rider","1: PDO","Traffic Signals","","",1328738.31,1681559.52,"13287381681560"
"2014-13705-27/05/2021","2 Metropolitan","EVANSTON PARK","5116","CT GAWLER.                    ",2,1,0,0,1,2014,"November","Tuesday","08:30 am","060","T-Junction","Straight road","Level","Not Applicable","Sealed","Dry","Not Raining","Daylight","Right Angle","01","Driver Rider","2: MI","No Control","","",1342351.67,1703859.93,"13423521703860"
"2014-13706-27/05/2021","2 Metropolitan","BEDFORD PARK","5042","CC MITCHAM.                   ",2,0,0,0,0,2014,"November","Tuesday","08:15 am","070","Cross Road","Straight road","Level","Not Applicable","Sealed","Dry","Not Raining","Daylight","Rear End","02","Driver Rider","1: PDO","Traffic Signals","","",1325386.13,1660697.91,"13253861660698"
"2014-13707-27/05/2021","2 Metropolitan","PARKSIDE","5063","CITY OF UNLEY",3,0,0,0,0,2014,"November","Monday","12:30 pm","060","Not Divided","Straight road","Level","Not Applicable","Sealed","Dry","Not Raining","Daylight","Rear End","02","Driver Rider","1: PDO","No Control","","",1329904.75,1668958.16,"13299051668958"
"2014-13708-27/05/2021","2 Metropolitan","HILLBANK","5112","CITY OF PLAYFORD.",3,0,0,0,0,2014,"November","Tuesday","09:25 am","080","Divided Road","CURVED, VIEW OPEN","Slope","Not Applicable","Sealed","Dry","Not Raining","Daylight","Rear End","01","Driver Rider","1: PDO","No Control","","",1336372.94,1689631.99,"13363731689632"
"2014-13709-27/05/2021","2 Metropolitan","TUSMORE","5065","CITY OF BURNSIDE",2,0,0,0,0,2014,"November","Tuesday","08:25 am","060","T-Junction","Straight road","Level","Not Applicable","Sealed","Dry","Not Raining","Daylight","Rear End","01","Driver Rider","1: PDO","No Control","","",1332313.42,1669213.3,"13323131669213"
"2014-13710-27/05/2021","2 Metropolitan","OLD REYNELLA","5161","CITY OF ONKAPARINGA",2,1,0,0,1,2014,"November","Tuesday","09:30 am","050","T-Junction","Straight road","Level","Not Applicable","Sealed","Dry","Not Raining","Daylight","Rear End","02","Driver Rider","2: MI","No Control","","",1322502.78,1652225.41,"13225031652225"
"2014-13711-27/05/2021","3 Country","BLANCHETOWN","5357","MID MURRAY DISTRICT COUNCIL",1,2,0,1,1,2014,"October","Saturday","11:00 pm","100","Not Divided","CURVED, VIEW OPEN","Level","Not Applicable","Unsealed","Dry","Not Raining","Night","Roll Over","01","Driver Rider","3: SI","No Control","","",,,
"2014-13712-27/05/2021","2 Metropolitan","KILBURN","5084","CITY OF PORT ADELAIDE ENFIELD",2,0,0,0,0,2014,"November","Monday","08:00 pm","050","Not Divided","Straight road","Level","Not Applicable","Sealed","Dry","Not Raining","Night","Hit Parked Vehicle","02","Driver Rider","1: PDO","No Control","","",1327918.63,1678437.25,"13279191678437"
"2014-13713-27/05/2021","2 Metropolitan","SOUTH PLYMPTON","5038","CC MARION.                    ",3,0,0,0,0,2014,"November","Tuesday","08:35 am","060","Cross Road","Straight road","Level","Not Applicable","Sealed","Dry","Not Raining","Daylight","Rear End","01","Driver Rider","1: PDO","Stop Sign","","",1324251.16,1665691.41,"13242511665691"
"2014-13714-27/05/2021","2 Metropolitan","HILLBANK","5112","CITY OF PLAYFORD.",2,0,0,0,0,2014,"November","Tuesday","11:45 am","080","Divided Road","CURVED, VIEW OBSCURED","Level","Not Applicable","Sealed","Dry","Not Raining","Daylight","Head On","01","Driver Rider","1: PDO","No Control","","",1336321.14,1689864.25,"13363211689864"
"2014-13715-27/05/2021","3 Country","PORT PIRIE","5540","PT.PIRIE CITY & DIST. COUNCIL ",2,0,0,0,0,2014,"November","Tuesday","01:15 pm","050","Cross Road","Straight road","Level","Not Applicable","Sealed","Dry","Not Raining","Daylight","Rear End","02","Driver Rider","1: PDO","Traffic Signals","","",1280091.7,1865874.73,"12800921865875"
"2014-13716-27/05/2021","3 Country","RAPID BAY","5204","DC YANKALILLA.                ",2,1,0,0,1,2014,"November","Tuesday","07:00 am","100","Not Divided","CURVED, VIEW OBSCURED","Crest of Hill","Not Applicable","Sealed","Dry","Not Raining","Daylight","Hit Fixed Object","01","Driver Rider","2: MI","No Control","","",1289467.81,1603576.05,"12894681603576"
"2014-13717-27/05/2021","2 Metropolitan","WARRADALE","5046","CC MARION.                    ",2,0,0,0,0,2014,"November","Tuesday","01:05 pm","060","Divided Road","Straight road","Level","Not Applicable","Sealed","Dry","Not Raining","Daylight","Rear End","02","Driver Rider","1: PDO","No Control","","",1322690.76,1661556.71,"13226911661557"
"2014-13718-27/05/2021","2 Metropolitan","FINDON","5023","CITY OF CHARLES STURT",2,1,0,0,1,2014,"November","Monday","02:30 pm","060","T-Junction","Straight road","Level","Not Applicable","Sealed","Dry","Not Raining","Daylight","Right Angle","02","Driver Rider","2: MI","No Control","","",,,
"2014-13719-27/05/2021","1 City","NORTH ADELAIDE","5006","CITY OF ADELAIDE",2,1,0,0,1,2014,"November","Tuesday","11:10 am","050","Cross Road","Straight road","Slope","Not Applicable","Sealed","Dry","Not Raining","Daylight","Side Swipe","02","Driver Rider","2: MI","Traffic Signals","","",1328295.01,1672486.86,"13282951672487"
"2014-13720-27/05/2021","2 Metropolitan","BROOKLYN PARK","5032","CITY OF WEST TORRENS",2,0,0,0,0,2014,"November","Tuesday","12:10 pm","050","Cross Road","Straight road","Level","Not Applicable","Sealed","Dry","Not Raining","Daylight","Rear End","01","Driver Rider","1: PDO","Traffic Signals","","",1323112.63,1670089.94,"13231131670090"
"2014-13721-27/05/2021","2 Metropolitan","NOARLUNGA CENTRE","5168","CITY OF ONKAPARINGA",4,1,0,0,1,2014,"November","Tuesday","01:30 pm","050","Not Divided","CURVED, VIEW OBSCURED","Level","Not Applicable","Sealed","Dry","Not Raining","Daylight","Hit Parked Vehicle","01","Driver Rider","2: MI","No Control","","",1318554.98,1647364.42,"13185551647364"
"2014-13722-27/05/2021","3 Country","PORT JULIA","5580","YORKE PENINSULA COUNCIL",2,0,0,0,0,2014,"November","Tuesday","07:50 am","100","Not Divided","Straight road","Level","Not Applicable","Sealed","Dry","Not Raining","Daylight","Hit Fixed Object","01","Driver Rider","1: PDO","No Control","","",1261915.57,1702643.95,"12619161702644"
"2014-13723-27/05/2021","2 Metropolitan","SEAFORD MEADOWS","5169","CITY OF ONKAPARINGA",2,0,0,0,0,2014,"November","Tuesday","02:35 pm","070","T-Junction","Straight road","Level","Not Applicable","Sealed","Dry","Not Raining","Daylight","Rear End","01","Driver Rider","1: PDO","No Control","","",1316310.64,1643935.19,"13163111643935"
"2014-13724-27/05/2021","2 Metropolitan","SALISBURY","5108","CITY OF SALISBURY",2,0,0,0,0,2014,"November","Tuesday","02:15 pm","060","Divided Road","Straight road","Level","Not Applicable","Sealed","Dry","Not Raining","Daylight","Rear End","01","Driver Rider","1: PDO","No Control","","",1333103.43,1689037.84,"13331031689038"
"2014-13725-27/05/2021","3 Country","APY","872",,2,0,0,0,0,2014,"November","Sunday","02:45 pm","100","Not Divided","Straight road","Unknown","Not Applicable","Unsealed","Dry","Not Raining","Daylight","Hit Fixed Object","01","Driver Rider","1: PDO","No Control","","",777553.79,2646316.83,"07775542646317"
"2014-13726-27/05/2021","1 City","NORTH ADELAIDE","5006","CITY OF ADELAIDE",2,1,0,0,1,2014,"November","Tuesday","02:35 pm","050","Divided Road","Straight road","Level","Driveway or Entrance","Sealed","Dry","Not Raining","Daylight","Right Angle","02","Driver Rider","2: MI","No Control","","",1328612.52,1672398.21,"13286131672398"
"2014-13727-27/05/2021","2 Metropolitan","UNDERDALE","5032","CITY OF WEST TORRENS",2,0,0,0,0,2014,"November","Tuesday","08:05 am","060","T-Junction","Straight road","Level","Not Applicable","Sealed","Dry","Not Raining","Daylight","Right Angle","02","Driver Rider","1: PDO","No Control","","",1323836.68,1671456.66,"13238371671457"
"2014-13728-27/05/2021","2 Metropolitan","MODBURY","5092","CITY OF TEA TREE GULLY",2,1,0,0,1,2014,"November","Tuesday","03:50 pm","060","Cross Road","Straight road","Level","Not Applicable","Sealed","Dry","Not Raining","Daylight","Right Turn","01","Driver Rider","2: MI","Traffic Signals","","",1336876.15,1680848.77,"13368761680849"
"2014-13729-27/05/2021","2 Metropolitan","INGLE FARM","5098","CITY OF SALISBURY",3,0,0,0,0,2014,"November","Tuesday","02:45 pm","060","Divided Road","Straight road","Slope","Not Applicable","Sealed","Dry","Not Raining","Daylight","Rear End","01","Driver Rider","1: PDO","No Control","","",1333294.51,1681355.92,"13332951681356"
"2014-13730-27/05/2021","2 Metropolitan","KENT TOWN","5067","CC OF NORWOOD,PAYNEHAM & ST PETERS",2,1,0,0,1,2014,"November","Tuesday","04:15 pm","060","T-Junction","Straight road","Level","Not Applicable","Sealed","Dry","Not Raining","Daylight","Right Angle","01","Driver Rider","2: MI","No Control","","",1330454.83,1670510.91,"13304551670511"
"2014-13731-27/05/2021","2 Metropolitan","HYDE PARK","5061","CITY OF UNLEY",2,0,0,0,0,2014,"November","Tuesday","04:00 pm","050","Not Divided","Straight road","Level","Not Applicable","Sealed","Dry","Not Raining","Daylight","Side Swipe","02","Driver Rider","1: PDO","No Control","","",1328398.04,1667368.54,"13283981667369"
"2014-13732-27/05/2021","2 Metropolitan","GLEN OSMOND","5064","CITY OF BURNSIDE",2,1,0,0,1,2014,"November","Tuesday","03:25 pm","060","Cross Road","Straight road","Level","Not Applicable","Sealed","Dry","Not Raining","Daylight","Right Angle","01","Driver Rider","2: MI","Stop Sign","","",1332378.97,1667018.57,"13323791667019"
"2014-13733-27/05/2021","1 City","ADELAIDE","5000","CITY OF ADELAIDE",2,0,0,0,0,2014,"November","Tuesday","08:20 am","060","Cross Road","Straight road","Level","Not Applicable","Sealed","Dry","Not Raining","Daylight","Rear End","01","Driver Rider","1: PDO","Traffic Signals","","",1327373.09,1670811.81,"13273731670812"
"2014-13734-27/05/2021","2 Metropolitan","HYDE PARK","5061","CITY OF UNLEY",2,0,0,0,0,2014,"November","Tuesday","04:10 pm","050","Not Divided","Straight road","Level","Not Applicable","Sealed","Dry","Not Raining","Daylight","Hit Parked Vehicle","02","Driver Rider","1: PDO","No Control","","",1328398.04,1667368.54,"13283981667369"
"2014-13735-27/05/2021","2 Metropolitan","OAKBANK","5243","THE ADELAIDE HILLS COUNCIL",2,0,0,0,0,2014,"November","Tuesday","05:00 pm","060","Not Divided","Straight road","Level","Not Applicable","Sealed","Dry","Not Raining","Daylight","Hit Parked Vehicle","01","Driver Rider","1: PDO","No Control","","",1350422.72,1663429.22,"13504231663429"
"2014-13736-27/05/2021","2 Metropolitan","GRANGE","5022","CITY OF CHARLES STURT",2,0,0,0,0,2014,"November","Tuesday","03:20 pm","050","T-Junction","Straight road","Level","Not Applicable","Sealed","Dry","Not Raining","Daylight","Hit Fixed Object","01","Driver Rider","1: PDO","No Control","","",1318756.72,1674144.19,"13187571674144"
"2014-13737-27/05/2021","2 Metropolitan","SOUTH BRIGHTON","5048","CITY OF HOLDFAST BAY",2,0,0,0,0,2014,"November","Tuesday","06:30 pm","050","Not Divided","Straight road","Level","Driveway or Entrance","Sealed","Dry","Not Raining","Daylight","Right Angle","01","Driver Rider","1: PDO","No Control","","",1321449.54,1659896.16,"13214501659896"
"2014-13738-27/05/2021","2 Metropolitan","SEMAPHORE","5019","CITY OF PORT ADELAIDE ENFIELD",2,0,0,0,0,2014,"November","Tuesday","06:30 pm","050","Divided Road","Straight road","Level","Not Applicable","Sealed","Dry","Not Raining","Daylight","Hit Parked Vehicle","02","Driver Rider","1: PDO","No Control","","",1317761.64,1680325.39,"13177621680325"
"2014-13739-27/05/2021","2 Metropolitan","MODBURY NORTH","5092","CITY OF TEA TREE GULLY",3,2,0,0,2,2014,"November","Tuesday","03:50 pm","060","Not Divided","Straight road","Level","Not Applicable","Sealed","Dry","Not Raining","Daylight","Rear End","01","Driver Rider","2: MI","No Control","","",1336129.66,1682349.04,"13361301682349"
"2014-13740-27/05/2021","1 City","NORTH ADELAIDE","5006","CITY OF ADELAIDE",2,1,0,0,1,2014,"November","Tuesday","04:50 pm","050","Cross Road","Straight road","Level","Not Applicable","Sealed","Dry","Not Raining","Daylight","Right Angle","01","Driver Rider","2: MI","Traffic Signals","","",1327895.97,1671596.9,"13278961671597"
"2014-13741-27/05/2021","2 Metropolitan","SEATON","5023","CITY OF CHARLES STURT",2,0,0,0,0,2014,"November","Tuesday","06:00 pm","060","Not Divided","Straight road","Level","Not Applicable","Sealed","Dry","Not Raining","Daylight","Hit Fixed Object","01","Driver Rider","1: PDO","No Control","Y","",1320763.48,1674692.48,"13207631674692"
"2014-13742-27/05/2021","2 Metropolitan","HALLETT COVE","5158","CC MARION.                    ",2,0,0,0,0,2014,"November","Tuesday","07:10 pm","060","T-Junction","Straight road","Slope","Not Applicable","Sealed","Dry","Not Raining","Daylight","Hit Fixed Object","01","Driver Rider","1: PDO","No Control","","",1319299.48,1653987.47,"13192991653987"
"2014-13743-27/05/2021","2 Metropolitan","SALISBURY HEIGHTS","5109","CITY OF SALISBURY",2,0,0,0,0,2014,"November","Tuesday","07:10 pm","050","Cross Road","Straight road","Level","Not Applicable","Sealed","Dry","Not Raining","Daylight","Hit Fixed Object","01","Driver Rider","1: PDO","Roundabout","Y","",1336651.19,1688619.98,"13366511688620"
"2014-13744-27/05/2021","2 Metropolitan","BEDFORD PARK","5042","CC MITCHAM.                   ",2,0,0,0,0,2014,"November","Monday","10:00 pm","050","Not Divided","Straight road","Slope","Not Applicable","Sealed","Dry","Not Raining","Night","Hit Parked Vehicle","02","Driver Rider","1: PDO","No Control","","",1325759.36,1660218.6,"13257591660219"
"2014-13745-27/05/2021","2 Metropolitan","ELIZABETH PARK","5113","CITY OF PLAYFORD.",3,1,0,0,1,2014,"November","Tuesday","03:45 pm","080","Cross Road","Straight road","Level","Not Applicable","Sealed","Dry","Not Raining","Daylight","Rear End","02","Driver Rider","2: MI","Traffic Signals","","",1335972.14,1693727.26,"13359721693727"
"2014-13746-27/05/2021","2 Metropolitan","BROADVIEW","5083","CITY OF PORT ADELAIDE ENFIELD",2,1,0,1,0,2014,"November","Tuesday","08:20 pm","060","Divided Road","Straight road","Level","Not Applicable","Sealed","Dry","Not Raining","Night","Hit Pedestrian","02","Pedestrian","3: SI","No Control","Y","",1329946.01,1676469.96,"13299461676470"
"2014-13747-27/05/2021","2 Metropolitan","EDINBURGH NORTH","5113","CITY OF PLAYFORD.",2,1,0,0,1,2014,"November","Tuesday","07:35 pm","060","Y-Junction","Straight road","Level","Not Applicable","Sealed","Dry","Not Raining","Daylight","Right Angle","02","Driver Rider","2: MI","Roundabout","","",1334921.32,1694319.83,"13349211694320"
"2014-13748-27/05/2021","2 Metropolitan","VALLEY VIEW","5093","CITY OF TEA TREE GULLY",4,0,0,0,0,2014,"November","Tuesday","09:45 pm","050","Not Divided","Straight road","Level","Not Applicable","Sealed","Dry","Not Raining","Night","Hit Fixed Object","01","Driver Rider","1: PDO","No Control","","",1335288.01,1680217.91,"13352881680218"
"2014-13749-27/05/2021","2 Metropolitan","WILLASTON","5118","LIGHT REGIONAL COUNCIL",2,0,0,0,0,2014,"November","Wednesday","12:27 am","110","Divided Road","Straight road","Crest of Hill","Not Applicable","Sealed","Dry","Not Raining","Night","Hit Fixed Object","01","Driver Rider","1: PDO","No Control","","",1342935.33,1709136.15,"13429351709136"
"2014-13750-27/05/2021","2 Metropolitan","LOCKLEYS","5032","CITY OF WEST TORRENS",1,1,0,0,1,2014,"November","Tuesday","11:25 pm","060","Divided Road","Straight road","Level","Not Applicable","Sealed","Dry","Not Raining","Night","Roll Over","01","Driver Rider","2: MI","No Control","","",1322072.73,1670003.31,"13220731670003"
"2014-13751-27/05/2021","2 Metropolitan","COWANDILLA","5033","CITY OF WEST TORRENS",3,0,0,0,0,2014,"November","Tuesday","11:35 pm","060","Cross Road","Straight road","Level","Not Applicable","Sealed","Dry","Not Raining","Night","Right Angle","01","Driver Rider","1: PDO","Traffic Signals","","",1324135.56,1670033.53,"13241361670034"
"2014-13752-27/05/2021","2 Metropolitan","ELIZABETH PARK","5113","CITY OF PLAYFORD.",2,1,0,0,1,2014,"November","Wednesday","04:30 am","080","Cross Road","Straight road","Level","Not Applicable","Sealed","Dry","Not Raining","Night","Right Turn","02","Driver Rider","2: MI","Traffic Signals","","",1335972.14,1693727.26,"13359721693727"
"2014-13753-27/05/2021","1 City","ADELAIDE","5000","CITY OF ADELAIDE",3,0,0,0,0,2014,"November","Tuesday","01:30 pm","050","Not Divided","Straight road","Level","Not Applicable","Sealed","Dry","Not Raining","Daylight","Right Turn","02","Driver Rider","1: PDO","No Control","","",1328533.19,1671627.79,"13285331671628"
"2014-13754-27/05/2021","2 Metropolitan","NORWOOD","5067","CC OF NORWOOD,PAYNEHAM & ST PETERS",2,1,0,0,1,2014,"November","Tuesday","03:15 pm","060","T-Junction","Straight road","Level","Not Applicable","Sealed","Dry","Not Raining","Daylight","Rear End","02","Driver Rider","2: MI","No Control","","",1331635.17,1671746.52,"13316351671747"
"2014-13755-27/05/2021","2 Metropolitan","ELIZABETH DOWNS","5113","CITY OF PLAYFORD.",2,1,0,0,1,2014,"November","Wednesday","07:10 am","060","T-Junction","Straight road","Level","Not Applicable","Sealed","Dry","Not Raining","Daylight","Right Angle","02","Driver Rider","2: MI","No Control","","",1338225.81,1694530.11,"13382261694530"
"2014-13756-27/05/2021","2 Metropolitan","SALISBURY DOWNS","5108","CITY OF SALISBURY",2,2,0,0,2,2014,"November","Wednesday","07:07 am","050","Not Divided","CURVED, VIEW OPEN","Level","Not Applicable","Sealed","Dry","Not Raining","Daylight","Rear End","02","Driver Rider","2: MI","No Control","","",1331428.29,1688318.98,"13314281688319"
"2014-13757-27/05/2021","2 Metropolitan","GOLDEN GROVE","5125","CITY OF TEA TREE GULLY",2,1,0,0,1,2014,"November","Tuesday","05:30 pm","060","Cross Road","Straight road","Level","Not Applicable","Sealed","Dry","Not Raining","Daylight","Rear End","02","Driver Rider","2: MI","Traffic Signals","","",1337889.71,1685361.47,"13378901685361"
"2014-13758-27/05/2021","2 Metropolitan","PORT ADELAIDE","5015","CITY OF PORT ADELAIDE ENFIELD",2,0,0,0,0,2014,"October","Friday","01:00 pm","050","Cross Road","Straight road","Level","Not Applicable","Sealed","Dry","Not Raining","Daylight","Rear End","02","Driver Rider","1: PDO","Stop Sign","","",1320818.07,1680059.83,"13208181680060"
"2014-13759-27/05/2021","2 Metropolitan","HENLEY BEACH","5022","CITY OF CHARLES STURT",2,1,0,0,1,2014,"November","Tuesday","09:00 am","025","Not Divided","Straight road","Level","Driveway or Entrance","Sealed","Dry","Not Raining","Daylight","Rear End","01","Driver Rider","2: MI","No Control","","",1319832.49,1672370.94,"13198321672371"
"2014-13760-27/05/2021","2 Metropolitan","HAPPY VALLEY","5159","CITY OF ONKAPARINGA",2,2,0,0,2,2014,"November","Wednesday","08:05 am","080","Cross Road","Straight road","Level","Not Applicable","Sealed","Dry","Not Raining","Daylight","Right Angle","01","Driver Rider","2: MI","Traffic Signals","","",1323043.84,1653631.42,"13230441653631"
"2014-13761-27/05/2021","2 Metropolitan","RIDGEHAVEN","5097","CITY OF TEA TREE GULLY",2,1,0,0,1,2014,"November","Tuesday","01:20 pm","060","Cross Road","Straight road","Level","Not Applicable","Sealed","Dry","Not Raining","Daylight","Right Angle","02","Driver Rider","2: MI","Traffic Signals","","",1337423.1,1681232.2,"13374231681232"
"2014-13762-27/05/2021","3 Country","MOUNT GAMBIER","5290","CC MT.GAMBIER.                ",2,1,0,0,1,2014,"November","Wednesday","08:30 am","060","T-Junction","Straight road","Level","Not Applicable","Sealed","Dry","Not Raining","Daylight","Right Turn","02","Driver Rider","2: MI","Traffic Signals","","",1511784.5,1339465.58,"15117851339466"